,Date,Open,High,Low,Close,Adj Close,Volume,Daily Return,Volatility,Stock Variance,Daily Variation,7-Day SMA,7-Day STD,SMA + 2STD,SMA - 2STD,High-Close,Low-Open,Cumulative Return,14-Day EMA,Close % Change,Close Change,RSI,MACD,Stochastic Oscillator,ATR,+DI,-DI,ADX
62,2013-04-03,67.27999877929688,67.47000122070312,65.94000244140625,66.23999786376953,58.8365478515625,2014400,-0.008976663450779077,22.667110794455738,0.00020388806022544887,0.02274076704899822,59.64484569004604,0.794776831483562,61.23439935301317,58.05529202707891,0.01828185759884534,-0.019916711685538307,0.8821412087280442,60.5575679738055,-0.008976663450779077,-0.5329399108886719,36.254888869649186,-1.4240798533295518,-0.8742397971916828,8.093846184866768,2.6042923062083028,1.790091354473734,14.80497300536938
63,2013-04-04,65.41999816894531,66.11000061035156,65.05999755859375,66.08000183105469,58.69444274902344,2196200,-0.0024152522152994793,21.320735544900803,0.0001803864143553953,0.01605018467053773,59.31493050711496,0.5894190288220409,60.49376856475904,58.13609244947088,0.000458556712572874,-0.0055029137943702015,0.8800106152194569,60.30915127716789,-0.0024152522152994793,-0.1421051025390625,23.018882143401214,-1.4495562686428372,-0.8946279001545582,7.902018955775669,1.745817649897576,1.8161207416379481,13.655504340766345
64,2013-04-05,65.56999969482422,66.79000091552734,65.12000274658203,66.70999908447266,59.25400924682617,1459700,0.009533551586739408,21.844270791944574,0.00018935403429833428,0.02546893665880456,59.28320584978376,0.5852613685760665,60.453728586935895,58.11268311263163,0.001220098084902118,-0.006862848106398697,0.8884002418165299,60.168465673122334,0.009533551586739408,0.5595664978027344,29.95107791165198,-1.4083594800334467,-1.0010569473262125,7.899924686976841,2.156103874728865,1.543439275191913,13.599897048375803
65,2013-04-08,66.63999938964844,67.05999755859375,65.80999755859375,67.05000305175781,59.5560188293457,2124700,0.005096863256315531,21.49842161596489,0.00018340560792769287,0.01875750317299927,59.383449009486604,0.5590655013250103,60.50158001213663,58.26531800683658,0.00014997759495012845,-0.012455009583682805,0.8929282963659464,60.08680609395212,0.005096863256315531,0.30200958251953125,35.74413259035771,-1.3359411806081951,-1.012049707467902,7.907828194754464,2.1593569538943354,1.952857245485824,12.994816947182787
66,2013-04-09,66.9000015258789,67.51000213623047,66.62000274658203,67.08999633789062,59.591556549072266,1689000,0.0005967108014455214,20.97780107617517,0.00017463021348872046,0.013303428540344043,59.269248962402344,0.36793805976328614,60.00512508192892,58.53337284287577,0.0062781134343827035,-0.004185332928409025,0.8934611163253043,60.02077282130148,0.0005967108014455214,0.0355377197265625,36.58536474285259,-1.261143877996453,-1.016846429734003,7.885400499616351,2.15292488108712,2.4235108230898716,12.432164125677426
67,2013-04-10,67.45999908447266,69.23999786376953,67.38999938964844,68.66000366210938,60.986083984375,1842800,0.0234014265788538,22.668250808785913,0.00020390856933731063,0.02742363621743526,59.469735281808035,0.7505765317439147,60.97088834529586,57.96858221832021,0.008597601682945386,-0.0010376474321703727,0.9143693810400517,60.14948097637795,0.0234014265788538,1.3945274353027344,43.849821638697996,-1.0769256389118596,-0.7733171570174743,7.978773662022182,3.051806103005587,2.4087053026120695,12.058661095904748
68,2013-04-11,69.20999908447266,70.19999694824219,68.95999908447266,69.31999969482422,61.57230758666992,1677700,0.009612415882369385,22.809425640435553,0.0002064563087486342,0.01791645542800948,59.784423828125,1.0876388297424953,61.95970148760999,57.60914616864001,0.01271488607222648,-0.003612194817324998,0.9231586798007134,60.33919119108355,0.009612415882369385,0.5862236022949219,50.47345476995056,-0.8735581768942922,-0.637133749017371,8.074028832571846,3.0345533795123703,3.307780495161388,11.219480933933598
69,2013-04-12,69.13999938964844,69.3499984741211,68.18000030517578,69.11000061035156,61.38578414916992,1383500,-0.003029339727725011,22.799260387191563,0.00020627233103292136,0.016922160533320504,60.14860044206892,1.1427498349484961,62.43410011196591,57.863100772171926,0.0034711869523890025,-0.013884858156599669,0.9203621185369989,60.4787369188284,-0.003029339727725011,-0.1865234375,54.00204335960344,-0.7191489788532408,-0.6725272132134827,8.11197008405413,3.051149106960437,3.2791129055832138,10.410007822071966
70,2013-04-15,68.2300033569336,68.45999908447266,66.4000015258789,66.47000122070312,59.04084777832031,1339400,-0.03819999049211975,23.555353897666624,0.00022018043541441177,0.03019196038753252,60.19808687482561,1.0747606035965078,62.34760808201863,58.048565667632595,0.029166023242871583,-0.026821071977401877,0.8852042943595784,60.28701836676066,-0.03819999049211975,-2.3449363708496094,40.90530391532738,-0.7770381327195821,-1.1174869598073975,7.996847970145089,3.1034803482192084,2.4019308125210874,10.782613304870273
71,2013-04-16,67.75,68.2699966430664,67.12000274658203,67.77999877929688,60.204429626464844,1621500,0.019708081640585684,24.567832252467785,0.0002395152307878555,0.016974079652905903,60.333861214774,0.9925033243730338,62.31886786352006,58.34885456602793,0.007232440793646218,-0.009298852448973709,0.902649972861414,60.27600653472122,0.019708081640585684,1.1635818481445312,53.49232804310226,-0.7207164034726219,-0.8966932995921818,8.169204984392438,3.0596110472745806,2.8115397130102755,10.772908823463458
72,2013-04-17,72.08999633789062,72.08999633789062,68.41000366210938,69.4800033569336,61.714420318603516,5779200,0.02508105635261937,25.795830509989777,0.0002640574887698884,0.05104720297852255,60.64220428466797,1.0444897968773588,62.731183878422684,58.553224690913254,0.03620464854407566,-0.05104720297852255,0.9252893876974415,60.46779503923886,0.02508105635261937,1.5099906921386719,62.63737449160356,-0.5479213022285023,-0.47590011677425237,8.529322760445732,5.1875381266222504,2.743634832974612,12.02932985044381
73,2013-04-18,72.0,72.0999984741211,71.12000274658203,71.41000366210938,63.4287223815918,3104500,0.027777982101073295,27.51792951537163,0.00030049065270355585,0.013611051771375868,61.19037083217076,1.3603412628362233,63.9110533578432,58.46968830649831,0.009583261277940538,-0.012222184075249566,0.9509920597472141,60.86258535155258,0.027777982101073295,1.7143020629882812,63.214900192764176,-0.2695429665740363,-0.23171519387220982,8.605029514857701,5.124983843867132,4.253740891470974,12.260782903510982
74,2013-04-19,72.30999755859375,72.63999938964844,71.3499984741211,71.98999786376953,63.943904876708984,2394200,0.008122227214633293,27.590789861047348,0.00030208400204621936,0.017839869438275653,61.61291667393276,1.7026240438298605,65.01816476159247,58.20766858627304,0.008989096222167639,-0.013276159824162023,0.9587162333357931,61.27342795490677,0.008122227214633293,0.5151824951171875,69.46867948947184,-0.007271388128010869,-0.1472417430444699,8.687332153320312,5.405701127964884,3.6831322913870848,12.858865767318635
75,2013-04-22,71.51000213623047,71.66000366210938,70.5999984741211,71.23999786376953,63.277713775634766,1054700,-0.010418367510690918,27.574217939874234,0.00030172122817288957,0.014823173770417645,61.856546129499165,1.8142025299607196,65.4849511894206,58.228141069577724,0.005873385341811481,-0.012725543769048813,0.9487279752784356,61.540666064337174,-0.010418367510690918,-0.6661911010742188,66.76829487850115,0.14515145744204716,-0.23512972987118605,8.669387544904437,5.410736644533763,3.6865632013171044,13.264860509574678
76,2013-04-23,72.31999969482422,73.04000091552734,71.75,72.4800033569336,64.37913513183594,1660500,0.01740614966126164,27.569132997168776,0.00030160995802205545,0.017837402115194786,62.28416769845145,2.025249034367939,66.33466576718733,58.23366962971557,0.007743329106150809,-0.00788163298160263,0.9652416764039577,61.91912860667034,0.01740614966126164,1.1014213562011719,72.67444872735217,0.35077959042105533,-0.08532107021812602,8.788085665021624,6.106292853463071,3.63470127595392,13.976593788505497
77,2013-04-24,73.2300033569336,73.87999725341797,72.88999938964844,73.54000091552734,65.32066345214844,1173200,0.0146247432244071,27.85674166274641,0.00030793573653372654,0.013519019778602754,63.18128422328404,1.7164526331582792,66.61418948960059,59.74837895696748,0.004642855691722883,-0.004642959875720993,0.9793580880708619,62.372666586067425,0.0146247432244071,0.9415283203125,75.44334079192294,0.5829944370771614,0.022906487602226112,8.94718633379255,5.72233817879239,4.252791617797367,14.040876265633
78,2013-04-25,75.12999725341797,75.80999755859375,74.62000274658203,74.79000091552734,66.4309310913086,1375300,0.01699718864572608,26.204243719543708,0.0002724850749655735,0.01583914355803575,64.07078443254743,1.5186246503309424,67.10803373320931,61.03353513188554,0.013576423271065705,-0.006788160860910131,0.99600442224552,62.91376852009958,0.01699718864572608,1.1102676391601562,76.43974201469022,0.8468536934264677,0.062093353271484374,9.11817032950265,6.660484322471989,4.16757835954795,13.639434318835505
79,2013-04-26,73.7699966430664,74.08000183105469,73.0,73.72000122070312,66.10453033447266,1687000,-0.00491338524801499,25.849488563391894,0.00026515716626544756,0.01464012308798439,64.69794300624302,1.2693633832064732,67.23666977265597,62.15921623983007,0.00488004102932813,-0.010437802333000075,0.9911106688103012,63.33920342868266,-0.00491338524801499,-0.3264007568359375,74.08140402343145,1.017892609469051,-0.031399714769168155,9.106961931501116,6.631358959573248,4.149354124454228,13.629897688910273
80,2013-04-29,74.31999969482422,75.11000061035156,74.12000274658203,74.55999755859375,66.85775756835938,761200,0.011394487338092674,24.86770000911304,0.00024539781894573025,0.013320746337926539,65.18780517578125,1.3565780309556537,67.90096123769256,62.474649113869944,0.0074004716632973255,-0.0026910246106488568,1.0024038667767088,63.808343980639556,0.011394487338092674,0.7532272338867188,75.38090863762451,1.2003840454310506,0.04864572109159574,9.182068143572126,5.630968337617354,4.765926405790684,13.66163938797303
81,2013-04-30,74.4000015258789,74.6500015258789,73.68000030517578,74.37000274658203,66.68740844726562,888600,-0.002547933512720313,24.13223398511902,0.00023109710996529082,0.013037650548511411,65.57973425728935,1.3334220954447242,68.2465784481788,62.912890066399896,0.0037634243757304455,-0.00967743556366304,0.999849808371268,64.19221924285637,-0.002547933512720313,-0.17034912109375,71.77719468290525,1.3160929722606767,0.0305427250327756,9.04948261805943,5.49204701643347,4.772854292744701,13.273778925413074
82,2013-05-01,74.0,74.5,73.75,74.0199966430664,66.37355041503906,1569600,-0.004706406194727952,24.18875068476709,0.00023218081733723017,0.010135135135135136,66.0219966343471,0.8784228889457791,67.77884241223866,64.26515085645555,0.00648653185045397,-0.0033783783783783786,0.9951441090393519,64.4830633991474,-0.004706406194727952,-0.3138580322265625,68.72886781014489,1.366712795869688,-0.002810958766388814,8.949388231549944,5.496680994095042,4.815052694632402,12.892723511157772
83,2013-05-02,74.91000366210938,76.20999908447266,74.6500015258789,75.9000015258789,68.05934143066406,1372900,0.025398536089807022,24.536667894408012,0.0002389079648255843,0.020824956378727565,66.54774039132255,0.8313337724804095,68.21040793628337,64.88507284636172,0.004138266498984988,-0.003470860012278731,1.0204193126073466,64.9599004700163,0.025398536089807022,1.685791015625,73.30636379356605,1.5252761826118473,0.16914784074859857,9.096442358834404,6.368865015425253,4.769900065514899,12.693996837497645
84,2013-05-03,76.9800033569336,77.86000061035156,76.93000030517578,77.5,69.49404907226562,1810900,0.02108024573031142,24.741007907757982,0.00024290375884592963,0.012081063453110594,67.14393833705357,1.2133664013046117,69.57067113966279,64.71720553444435,0.004676547085641783,-0.0006495589708662791,1.041930002465065,65.56445361698287,0.02108024573031142,1.4347076416015625,88.98470114769846,1.7465743039465735,0.22104718788559885,9.291188376290458,6.2830896729106716,5.920709911093397,12.74140968775881
85,2013-05-06,76.76000213623047,77.18000030517578,76.16999816894531,76.22000122070312,68.34630584716797,888300,-0.01651570516353329,26.167416798734315,0.0002717197229836041,0.013157922200652872,67.41756330217633,1.2414213687687623,69.90040603971386,64.93472056463881,0.012506501534078772,-0.0076863464156507145,1.0247217937433126,65.93536724767422,-0.01651570516353329,-1.1477432250976562,80.40064266912795,1.8084941781589094,-0.006740511694372008,9.180959974016462,5.933658223765377,5.933662298495189,11.952813824194342
86,2013-05-07,77.18000030517578,77.18000030517578,76.38999938964844,77.02999877929688,69.0726318359375,674700,0.010627143336666922,26.188166532290484,0.00027215081996943613,0.010235824208391009,67.8415778023856,1.224978931211326,70.29153566480825,65.39161993996295,0.0019435284437132475,-0.010235824208391009,1.0356116591256292,66.353669192776,0.010627143336666922,0.7263259887695312,79.18235410343405,1.8943378145728786,-0.21038101773570986,8.962969098772321,5.901267326000818,5.651626052106548,11.816586991412684
87,2013-05-08,77.19000244140625,77.47000122070312,76.23999786376953,76.62000274658203,68.7049789428711,1458900,-0.0053226999362013805,26.455547306318923,0.00027773650130034845,0.0159347495534447,68.105466570173,1.1756940216762513,70.4568546135255,65.75407852682049,0.011011768975733801,-0.012307352605123348,1.030099409013672,66.66717715945535,-0.0053226999362013805,-0.36765289306640625,73.42785741169025,1.9106778936318278,-0.26102189719656615,8.820954186575753,6.041078908020265,5.209109519409334,11.887185478691467
88,2013-05-09,76.81999969482422,77.44000244140625,76.2699966430664,76.41999816894531,68.52562713623047,1237000,-0.0026104630173856558,25.94484517104228,0.00026711705990053786,0.015230484287787277,68.36806924002511,0.9980366995142338,70.36414263905357,66.37199584099665,0.013277847910869762,-0.007159633610293664,1.0274103726022108,66.91497048969204,-0.0026104630173856558,-0.179351806640625,70.96933350792196,1.887398576198052,-0.28572599552535094,8.78693607875279,5.1492447571766355,5.250420482152869,11.372689049957065
89,2013-05-10,77.5,78.41000366210938,77.04000091552734,78.30999755859375,70.22038269042969,1472800,0.02473170440060346,26.748775619002785,0.0002839273798078402,0.017677454794606855,68.91761670793805,0.743348993896627,70.4043146957313,67.4309187201448,0.0012904013356854838,-0.005935472057711694,1.0528199822355226,67.35569211645706,0.02473170440060346,1.6947555541992188,79.04060849393348,1.9828451543134378,-0.22967214241528627,8.94181306021554,5.645611519394471,4.398696179440128,11.758696624140672
90,2013-05-13,77.83999633789062,78.04000091552734,77.33000183105469,77.55000305175781,69.53890228271484,1759200,-0.00970488028695582,27.142766360976918,0.0002923530816375316,0.009121263076512324,69.12898254394531,0.6648354505428877,70.45865344503109,67.79931164285954,0.0062949368810673,-0.006551831074376407,1.042602490344212,67.64678680529144,-0.00970488028695582,-0.6814804077148438,72.36872656215374,1.9806656014600463,-0.6070823393474661,8.803050994873047,5.644355833376791,4.551558849957531,12.097592525360367
91,2013-05-14,77.54000091552734,77.87000274658203,77.26000213623047,77.62999725341797,69.61063385009766,675300,0.0010315314885354088,21.98865215246856,0.00019186540614375385,0.007866915181186311,69.14563751220703,0.676856675207192,70.49935086262141,67.79192416179265,0.0030952474894284086,-0.003611023677984061,1.0436779676430274,67.90863307793227,0.0010315314885354088,0.0717315673828125,70.11493841690485,1.9621084631301215,-0.6264997884642505,8.719496590750557,5.606970882996016,4.521411955115318,12.001167747856641
92,2013-05-15,77.58000183105469,78.5999984741211,77.58000183105469,78.52999877929688,70.41765594482422,1928200,0.011593373743219226,21.619130992853115,0.00018547096225640544,0.013147674903226277,69.44154466901507,0.7205301539685236,70.88260497695212,68.00048436107802,0.0009022904507872594,0.0,1.0557777163894766,68.24316946018453,0.011593373743219226,0.8070220947265625,69.24021214205447,1.9895870151503345,-0.46113299264444424,8.61235591343471,5.999238042729507,4.147232623364779,12.669141388643094
93,2013-05-16,78.48999786376953,78.8499984741211,77.58999633789062,77.70999908447266,69.68235778808594,951500,-0.010441957302788185,21.49707479319308,0.00018338262883497487,0.016053028035717114,69.52864837646484,0.7051911213297979,70.93903061912444,68.11826613380525,0.014524135822083565,-0.011466448596940796,1.0447533305537025,68.43506123723806,-0.010441957302788185,-0.7352981567382812,66.61124307765985,1.9297861757095518,-0.7732386717470286,8.668303898402623,4.191951122215905,4.224199707183669,11.22005949197115
94,2013-05-17,77.94000244140625,78.9800033569336,77.87999725341797,78.97000122070312,70.81221008300781,738200,0.016214323550272525,20.356225322527578,0.00016443488467520335,0.014113498448278698,69.82968139648438,0.743697997653897,71.31707739179217,68.34228540117658,0.00012833122808776095,-0.0007698894804807321,1.061693299085525,68.75201441667403,0.016214323550272525,1.129852294921875,67.73946244758432,1.951072468327098,-0.5410921831859757,8.689173562186104,4.216605087269918,2.9408147988687405,11.626495487664602
95,2013-05-20,79.5999984741211,80.05000305175781,79.4800033569336,79.98999786376953,71.7268295288086,1122100,0.012916126254619575,20.506110089837534,0.000166865298022435,0.00716080032350167,70.28699602399554,0.7909042412361131,71.86880450646777,68.70518754152332,0.0007538340344037777,-0.0015074763754739499,1.0754062637801973,69.14865643162531,0.012916126254619575,0.9146194458007812,71.19150757376941,2.018476414420931,-0.32113801446920026,8.792427062988281,3.9241231124130374,3.805217788622426,10.797246845374147
96,2013-05-21,80.62999725341797,80.87999725341797,80.23999786376953,80.66999816894531,72.33660888671875,1072500,0.008501412399181119,19.67885568020053,0.00015367355590561918,0.007937484949142887,70.58931405203683,1.1037722691684682,72.79685859037376,68.3817695136999,0.0026044783780983477,-0.0048369019339375595,1.0845487359252552,69.5737167589711,0.008501412399181119,0.6097793579101562,74.46661716516681,2.096926561257419,-0.3713313363818276,8.888182503836495,4.339042244804582,3.775888395013574,10.225205903321685
97,2013-05-22,80.41000366210938,81.1500015258789,79.6500015258789,80.08000183105469,71.80754089355469,2192300,-0.007313972845929162,19.809758242862095,0.00015572481017485807,0.018654395369799327,70.9134052821568,1.0766727456452343,73.06675077344727,68.76005979086634,0.0133067982352104,-0.009451586887423502,1.076616375920611,69.87155997691558,-0.007313972845929162,-0.5290679931640625,66.99187351796155,2.092288898369702,-0.8759948463321481,8.815107073102679,3.762851228807531,3.7952035843744785,9.037346738976511
98,2013-05-23,79.75,80.51000213623047,79.5999984741211,80.05999755859375,71.78960418701172,1495500,-0.00024978861996616253,19.595316816185075,0.00015237160362169253,0.011410704227076802,71.22468675885882,0.9440677253077474,73.11282220947432,69.33655130824333,0.0056426906286735894,-0.0018808968762245297,1.076347449401837,70.12729920492839,-0.00024978861996616253,-0.01793670654296875,61.9403227918679,2.0633808052904925,-0.8795965922060732,8.736664363316127,3.779116946453085,3.1943894313504675,8.735102980998615
99,2013-05-24,80.05000305175781,81.69000244140625,80.04000091552734,81.30000305175781,72.90152740478516,2015300,0.015488638367149754,19.48149618057518,0.00015060662437847813,0.020612135702381764,71.57952553885323,1.050928567055526,73.68138267296429,69.47766840474218,0.004871947217744341,-0.00012494860523617574,1.093018605803026,70.49719629824263,0.015488638367149754,1.1119232177734375,73.78259310894245,2.105918130873718,-0.6125628724576289,8.89483915056501,3.3838409162391856,3.2046077170724474,7.768330369224244
100,2013-05-28,83.18000030517578,84.58000183105469,83.11000061035156,84.08000183105469,75.39434051513672,1875900,0.034194250780374524,21.684485849007423,0.00018659401846658836,0.01767253204267728,72.39552307128906,1.4673848129953384,75.33029269727975,69.46075344529838,0.006011060328992185,-0.0008415447771988418,1.13039355811747,71.15014886049518,0.034194250780374524,2.4928131103515625,77.86542389730337,2.3141029146393493,-0.10139771539078674,9.098037719726562,3.3113688690174365,4.7677413211898605,7.530413989326646
101,2013-05-29,83.4800033569336,83.87999725341797,83.0,83.16000366210938,74.56938934326172,1252300,-0.010941818261668845,22.400923837216528,0.00019912753522252982,0.010541413728212061,72.93226296561105,1.4788224869198605,75.88990793945077,69.97461799177132,0.008624743200238424,-0.005749920192039932,1.1180249972403875,71.60604759153073,-0.010941818261668845,-0.824951171875,74.84796919428521,2.385031037330208,-0.2046457566913237,9.104343959263392,3.3205432451007146,4.183997209790181,7.682107268775435
102,2013-05-30,83.94000244140625,84.1500015258789,83.33000183105469,83.61000061035156,74.97289276123047,889200,0.005411113347211671,22.218255974252553,0.00019589321370532095,0.009768878615373093,73.39598628452846,1.5452788671505795,76.48654401882962,70.3054285502273,0.006433177267349828,-0.007267102604355645,1.1240747572254712,72.05496028082402,0.005411113347211671,0.40350341796875,76.80834918463606,2.4456099697911355,-0.2741522418173742,9.164743150983538,3.2891910869301113,4.3187203276035575,7.9928702143721795
103,2013-05-31,83.83000183105469,84.55000305175781,81.20999908447266,81.2699966430664,72.8746337890625,9219500,-0.0279869015972265,24.89278169681656,0.0002458930875418116,0.03984258492581658,73.47284698486328,1.4964121338677545,76.4656712525988,70.48002271712777,0.039126879840724674,-0.031253759863469975,1.0926153876070757,72.16425008192249,-0.0279869015972265,-2.0982589721679688,60.67830820739671,2.2978194151668845,-0.5990940614749954,9.14279556274414,3.468067674904438,4.2422426954961745,8.156230033046157
104,2013-06-03,82.54000091552734,83.48999786376953,81.55999755859375,81.69999694824219,73.26020050048828,9078500,0.005290821941442703,23.720439058771973,0.00022327747188131524,0.023382605812555926,73.6803697858538,1.3169415201753663,76.31425282620454,71.04648674550306,0.02168646590347457,-0.011873071796262078,1.098396221073385,72.31037680439793,0.005290821941442703,0.38556671142578125,65.33629562925103,2.186600576812438,-0.5464210112700337,9.342491694859095,2.56314548986849,4.407365065656969,8.732539375984018
105,2013-06-04,81.18000030517578,81.3499984741211,79.75,79.80000305175781,71.55647277832031,4085700,-0.02325584301610828,24.565204255292265,0.00023946399210485265,0.01970926913163713,73.64706529889789,1.3744204495141517,76.3959061979262,70.89822439986958,0.019093316291407533,-0.017615179844790035,1.072852090986616,72.20985626758758,-0.02325584301610828,-1.7037277221679688,57.06841629450861,1.938634881440862,-0.860504150390625,9.325255802699498,2.586196213702612,3.2485201360276146,9.131683755309282
106,2013-06-05,79.87000274658203,79.87000274658203,77.52999877929688,77.87999725341797,69.83480834960938,3580400,-0.024060219318587706,25.38790182182189,0.00025577204718828044,0.02929765727828643,73.20896257672992,1.9986715488835591,77.20630567449703,69.2116194789628,0.024915555586971894,-0.02929765727828643,1.0470390343810725,71.89318321185716,-0.024060219318587706,-1.7216644287109375,48.01468398405198,1.5849263066350119,-1.0915159005170672,9.276981898716517,2.5776927492603274,3.237838937392957,9.672226553045753
107,2013-06-06,79.23999786376953,80.01000213623047,78.29000091552734,79.55999755859375,71.34126281738281,4877600,0.021571684713900474,26.173702728088276,0.00027185028353108546,0.02170622497567673,72.62995147705078,1.8409135614520367,76.31177859995485,68.94812435414671,0.0056790079476071245,-0.011988856308091211,1.0696254303138877,71.81959382592726,0.021571684713900474,1.5064544677734375,55.36858333358023,1.4099153715908699,-0.8778345082235098,9.401471274239677,2.5597021305884153,3.496184425380662,10.305709646664276
108,2013-06-07,79.76000213623047,80.76000213623047,79.51000213623047,80.58999633789062,72.26484680175781,1357200,0.012945999943106745,26.32342599523873,0.0002749693476693689,0.015672015628397224,72.3007311139788,1.6302840396296627,75.56129919323813,69.04016303471947,0.0021314668228001425,-0.003134403125679445,1.0834728010738768,71.87896088937133,0.012945999943106745,0.923583984375,54.76466460664991,1.3304073457760381,-0.7468297444532702,9.410120827811104,2.396092421604524,4.109073270845824,11.20749368576243
109,2013-06-10,80.7300033569336,81.0999984741211,80.38999938964844,80.66999816894531,72.33660888671875,781900,0.000993042788256293,26.264131035429795,0.0002737319758119944,0.008794736218869203,71.9241191319057,1.1412668070667489,74.2066527460392,69.6415855177722,0.005326400189463762,-0.004211618396470123,1.084548735925255,71.93998062235099,0.000993042788256293,0.0717620849609375,52.11714339146637,1.2586780064504666,-0.7366507297161,9.381360735212054,2.394851461814668,4.546604168637341,12.637289190912378
110,2013-06-11,79.76000213623047,80.2300033569336,78.83999633789062,79.41000366210938,71.2067642211914,1445800,-0.01561926502936728,25.71519433157654,0.0002624092140915658,0.017427369380818597,71.68585205078125,1.0823324420202396,73.85051693482173,69.52118716674077,0.01028083842605289,-0.011534676199838478,1.0676088817815732,71.84221843552972,-0.01561926502936728,-1.1298446655273438,46.21392592956195,1.0980058384302396,-0.8969123150278445,9.29137693132673,1.9128201731806762,4.593913631836734,14.008277546396409
111,2013-06-12,80.04000091552734,80.13999938964844,78.58000183105469,78.68000030517578,70.55216979980469,599100,-0.00919286852234058,25.689465378377413,0.00026188437755033777,0.01949022414730031,71.29899052211216,0.8932795940458215,73.08554971020381,69.51243133402052,0.018240867913201435,-0.018240867913201435,1.057794493698072,71.67021195076639,-0.00919286852234058,-0.6545944213867188,45.82838535513385,0.9073918402589811,-0.9897625473725675,9.299937111990792,1.9017518151701618,4.416645480943533,15.39326451122325
112,2013-06-13,78.54000091552734,80.4000015258789,78.38999938964844,80.18000030517578,71.89720153808594,1435600,0.01906435680288565,26.45675758885066,0.0002777619135377804,0.02559208190476468,71.34766605922154,0.9185735999192931,73.18481325906012,69.51051885938296,0.0028011359579654753,-0.001909874256816452,1.07796066535006,71.70047722907566,0.01906435680288565,1.34503173828125,50.32856801378854,0.8550057200702241,-0.7989779862303016,9.381749289376396,2.020923279081181,4.382110029207695,16.63888721115266
113,2013-06-14,80.0999984741211,80.5,79.75,79.7699966430664,71.5295639038086,676900,-0.005113378913400357,26.299924090275006,0.0002744785742675504,0.009363296058517552,71.58977399553571,0.6320204845520488,72.85381496463981,70.3257330264316,0.009113650072907866,-0.004369519110966926,1.072448644014384,71.67768878570672,-0.005113378913400357,-0.36763763427734375,45.61095121684527,0.7748915898937128,-0.8511251458241799,9.289063589913505,1.6478639447353127,5.09339800564795,18.203573311653514
114,2013-06-17,80.44999694824219,80.52999877929688,78.66999816894531,79.2699966430664,71.08121490478516,1387900,-0.006268023661186728,26.112660582809866,0.00027058374710834597,0.023119958743419232,71.55262429373605,0.6562409615976819,72.86510621693141,70.24014237054068,0.015661928949992326,-0.022125529481897235,1.065726510538294,71.59815893491718,-0.006268023661186728,-0.4483489990234375,34.12533050582836,0.6675277034812552,-0.9186296224647494,9.097775050571986,1.5297284669490603,5.078494642881352,20.742578094917977
115,2013-06-18,79.81999969482422,80.44999694824219,79.55000305175781,80.3499984741211,72.04964447021484,567500,0.013624268616214907,25.938295283139173,0.00026698220722036475,0.011275293158673533,71.52188110351562,0.6214318609404683,72.76474482539656,70.27901738163469,0.0012527997306867689,-0.003382568831103537,1.080246254789289,71.6583570062902,0.013624268616214907,0.9684295654296875,40.82288083316198,0.6530571856883256,-0.7806767768762104,9.160855429513115,1.5291681866992723,5.380410656473783,22.547959415754956
116,2013-06-19,81.43000030517578,81.83000183105469,80.04000091552734,80.08000183105469,71.80754089355469,784300,-0.003360232773393368,25.603016791497584,0.00026012478921655027,0.021982081650730012,71.44629996163505,0.5314912885171719,72.5092825386694,70.3833173846007,0.02149085095715968,-0.017069868407701427,1.0766163759206107,71.6782481912588,-0.003360232773393368,-0.24210357666015625,38.33437836530756,0.6149645324624089,-0.815164444869507,9.175122942243304,2.233453829416499,4.543920066291779,24.09807915493532
117,2013-06-20,78.43000030517578,78.48999786376953,76.66999816894531,77.06999969482422,69.10848999023438,880500,-0.03758729055102028,28.526049497414103,0.00032291091267020594,0.023205402113253757,71.14654650006976,1.0387421131674661,73.22403072640469,69.06906227373483,0.018105293426240156,-0.022440419856970498,1.0361492833868962,71.33561376445554,-0.03758729055102028,-2.6990509033203125,36.70879191298663,0.3628028143429134,-1.1087255890127765,8.968361990792411,1.83052535075762,4.602302770142791,25.819425920279578
118,2013-06-21,76.4800033569336,76.95999908447266,76.08999633789062,76.41999816894531,68.52562713623047,803000,-0.008434026761202085,28.55487731995193,0.0003235638963323431,0.011375558425667325,70.85704040527344,1.4377731197622827,73.732586644798,67.98149416574887,0.007060681116960069,-0.005099463937296116,1.0274103726022108,70.9609488806922,-0.008434026761202085,-0.5828628540039062,33.52056603192375,0.1146095275841077,-1.3178330945273102,8.770943777901786,1.6986106430795507,4.625439775214062,28.002896170261675
119,2013-06-24,73.94999694824219,75.02999877929688,73.88999938964844,74.51000213623047,66.81294250488281,1024300,-0.02499334486852345,29.622558108701035,0.0003482126781362575,0.015415813883620932,70.13071768624442,1.999296920751209,74.12931152774684,66.13212384474201,0.007031733124077792,-0.0008113260455675538,1.0017319508382656,70.40788136391762,-0.02499334486852345,-1.7126846313476562,33.49967835009522,-0.21777440873140108,-0.8913167139419935,8.657699040004186,1.7183515394249105,4.679195665374187,29.807464782738688
120,2013-06-25,74.80999755859375,76.08000183105469,74.12000274658203,75.75,67.92484283447266,1064900,0.01664199012801415,29.717024919447667,0.00035043713097740995,0.026199694538654648,69.61575753348214,2.0427087601477507,73.70117505377765,65.53034001318663,0.0044111995966343775,-0.009223296812318316,1.0184027640750324,70.07680955999163,0.01664199012801415,1.1119003295898438,43.06188137882717,-0.3870088122166493,-0.7512789321157054,8.725808279854911,1.65516157238609,4.694917084478136,31.957424628687654
121,2013-06-26,76.83999633789062,77.16999816894531,76.27999877929688,76.83000183105469,68.89326477050781,654400,0.014257256927264761,27.25722039835719,0.0002948238348589758,0.011582501718698929,69.30319322858539,1.9462146954743005,73.19562261953399,65.41076383763678,0.0044247313130462654,-0.007287839475307331,1.0329223939378867,69.91900358806046,0.014257256927264761,0.9684219360351562,40.745688720298666,-0.43793648030951715,-0.6293114713772878,8.659376961844307,1.6768070165885582,4.267246002767876,33.17427944884396
122,2013-06-27,77.93000030517578,78.41999816894531,77.80000305175781,78.05000305175781,69.98725891113281,572400,0.015879551423048976,27.988075526269963,0.0003108461792318219,0.00795579513357608,69.00856672014508,1.583447074388744,72.17546086892257,65.8416725713676,0.004747787960202619,-0.0016681284859347662,1.049324738208442,69.92810429780344,0.015879551423048976,1.093994140625,41.49942366657403,-0.38557615799270195,-0.491528876384629,8.667090824672155,1.6674772736465633,5.055863379614587,35.02626062455164
123,2013-06-28,79.08999633789062,79.83999633789062,78.30000305175781,79.11000061035156,70.937744140625,1582500,0.013580832344056715,28.43207475751106,0.00032078685516535594,0.019471404190659052,68.88431004115513,1.343082205519693,71.57047445219452,66.19814563011575,0.009229937556455979,-0.009988536132405162,1.063575441552522,70.06272294351298,0.013580832344056715,0.9504852294921875,45.10043268572992,-0.2643368996027391,-0.37182044600235226,8.73977552141462,2.422865983998697,4.872408949329208,35.98077329104741
124,2013-07-01,79.70999908447266,79.86000061035156,78.18000030517578,78.4000015258789,70.30110168457031,1265500,-0.008974664528274667,27.0099919712607,0.0002894998675744314,0.021076406027748178,69.05468314034599,1.4478185789598872,71.95032029826577,66.1590459824262,0.01831638566355298,-0.019194565259942595,1.0540302087640765,70.09450677565395,-0.008974664528274667,-0.6366424560546875,46.71437325729507,-0.21712278311807154,-0.45200209087624627,8.813265664236885,2.2278587079448315,4.8894965557651915,37.2834241796745
125,2013-07-02,78.37999725341797,79.12999725341797,78.1500015258789,78.58000183105469,70.46247863769531,503500,0.0022955110127445,26.93392292259954,0.00028787150952402083,0.012503135517733476,69.33137621198382,1.5134478485183185,72.35827190902046,66.30448051494719,0.007017038040777646,-0.002934367639685429,1.0564497467160598,70.1435696905928,0.0022955110127445,0.161376953125,49.66253533676424,-0.16478395732532647,-0.43167754383537427,8.80581283569336,2.2493791488141484,4.7474783019219355,37.7236958876212
126,2013-07-03,78.43000030517578,79.95999908447266,78.23999786376953,79.68000030517578,71.44886779785156,426600,0.013998786009616238,26.26311953786414,0.0002737108920079923,0.021930399260620913,69.99365125383649,1.2120334843311853,72.41771822249886,67.56958428517412,0.0035700468979648495,-0.002422573513539962,1.0712387606502511,70.31760943822731,0.013998786009616238,0.98638916015625,48.26634820309605,-0.043213560155280106,-0.3074472092183044,8.780790601457868,2.6777906134298988,4.71161461294777,38.49379498994973
127,2013-07-05,81.22000122070312,82.36000061035156,80.69999694824219,82.0999984741211,73.61886596679688,1093200,0.030371344372941422,26.729053501301724,0.0002835088496331149,0.020438360467375086,70.80708312988281,1.4744866068735152,73.75605634362984,67.85810991613579,0.0032012082285489273,-0.0064024164570978545,1.103773721955603,70.75777697536992,0.030371344372941422,2.1699981689453125,57.09070176065473,0.22563163127733787,-0.032011025239150406,8.94567162649972,2.640976678158326,5.948800462191411,39.78700498076441
128,2013-07-08,83.2300033569336,83.25,81.3499984741211,81.52999877929688,73.10774993896484,1402600,-0.006942731609891339,26.001104625444366,0.0002682767625965492,0.02282832451334539,71.40915243966239,1.4222997457391573,74.25375193114071,68.56455294818407,0.020665639208577995,-0.022588066886769908,1.0961105172460144,71.07110670384924,-0.006942731609891339,-0.5111160278320312,56.84850484976305,0.3929212390823693,-0.08357365381135508,8.990721566336495,3.120997792759802,5.562584650492226,40.38954194337979
129,2013-07-09,81.37000274658203,82.2300033569336,81.04000091552734,82.12999725341797,73.64575958251953,1221600,0.007359132841646021,25.75651005039355,0.00026325309919683463,0.014624584014239035,71.93179539271763,1.4835857525342269,74.89896689778608,68.96462388764918,0.001229029127934075,-0.004055571093962502,1.104176940151553,71.41439375433862,0.007359132841646021,0.5380096435546875,55.55555555555556,0.5624290089102431,-0.026093994786580744,8.973112378801618,3.1259170179261475,4.92277834504311,40.19869682091578
130,2013-07-10,82.61000061035156,84.02999877929688,82.58000183105469,83.8499984741211,75.18810272216797,824100,0.020942728385064058,26.664259220453886,0.0002821359999109363,0.017552317365078115,72.5389894757952,1.8366984447240104,76.21238636524322,68.86559258634719,0.002178916642608353,-0.00036313738137312105,1.1273014178981982,71.9175549500492,0.020942728385064058,1.5423431396484375,60.78998518954317,0.8118607142583443,0.12801808783585514,9.016246795654297,4.049477586359554,4.418568605089787,38.93012787471671
131,2013-07-11,86.51000213623047,87.4000015258789,86.19999694824219,87.33999633789062,78.31757354736328,1250600,0.04162188846231696,29.16055053670792,0.0003374355982555142,0.013871281331689573,73.68419974190849,2.563984961341034,78.81216966459056,68.55622981922642,0.0006936213906663519,-0.003583460644239781,1.1742218317773687,72.77089076302441,0.04162188846231696,3.1294708251953125,78.60728683530084,1.2476768373898608,0.327725644531261,9.411206926618304,3.9593222290931367,6.186434591460597,38.013283385074885
132,2013-07-12,87.76000213623047,87.79000091552734,86.58000183105469,87.1500015258789,78.14718627929688,908700,-0.0021755943187306004,28.838746177273535,0.00033002907979254293,0.013787591784630612,74.78201511928013,2.599566791855904,79.98114870299194,69.58288153556832,0.0072926090937755665,-0.013445764316915791,1.1716672014312244,73.48773016519408,-0.0021755943187306004,-0.17038726806640625,80.6746930747785,1.5613175297139321,0.3062724044830098,9.526986803327288,4.148848356006012,6.169285636539605,37.050364636230924
133,2013-07-15,87.93000030517578,88.0,86.06999969482422,86.91999816894531,77.94094848632812,1235800,-0.002639094288457877,28.48651640776831,0.00032201651470240174,0.0219492812291299,75.70945521763393,2.3591826985484246,80.42782061473078,70.99108982053708,0.01228251822252201,-0.02115319690544887,1.1685750612119539,74.08149260801196,-0.002639094288457877,-0.20623779296875,89.24731645730388,1.7728026068282787,0.2752843296712599,9.766161237444196,4.123035827806133,6.169127627969674,36.24103267908891
134,2013-07-16,87.33000183105469,88.05000305175781,86.87999725341797,87.73999786376953,78.67623901367188,1583600,0.009433943794932453,28.345242634755635,0.00031883046826316184,0.013397524033072764,76.43193708147321,2.3864841783979536,81.20490543826912,71.6589687246773,0.00354981313968143,-0.005152920739739369,1.1795993326595873,74.69412546209995,0.009433943794932453,0.73529052734375,88.95387311582445,1.9769488192064983,0.20358873105778244,9.82630375453404,4.091354133373105,5.8411430654918375,34.646065726634916
135,2013-07-17,90.76000213623047,90.83000183105469,87.86000061035156,88.97000122070312,79.77915954589844,1890800,0.014018470456307774,28.227355640271355,0.00031618397081045985,0.0327236794931446,77.38499559674945,2.1589841259109894,81.70296384857143,73.06702734492747,0.020493615762147158,-0.03195241799935189,1.196135511054756,75.37213000660641,0.014018470456307774,1.1029205322265625,89.06049131536471,2.202345366299184,0.15189230081013286,10.034061431884766,5.4072651494922574,5.748667121547537,32.23454179631133
136,2013-07-18,88.36000061035156,89.43000030517578,87.69999694824219,89.08000183105469,79.87781524658203,2103200,0.0012366099272684838,28.11307256345273,0.00031362890831665,0.01957903287668063,78.27528926304409,1.5626462004337895,81.40058166391167,75.14999686217651,0.003961051060473744,-0.007469484580696734,1.1976146641020846,75.97288803860316,0.0012366099272684838,0.09865570068359375,88.21898568558765,2.3617101201579658,0.1362629084478695,10.042926243373326,5.399618619417284,5.299341069856953,29.62499577120107
137,2013-07-19,88.41999816894531,89.16000366210938,88.02999877929688,89.05000305175781,79.85092163085938,1182700,-0.0003366844178153139,28.018143623878387,0.0003115144333842368,0.012779969534192751,78.94140625,0.8657455962485979,80.6728974424972,77.2099150575028,0.0012440693579452784,-0.004410759983315768,1.1972114459061343,76.48995918423732,-0.0003366844178153139,-0.02689361572265625,87.089615639084,2.4575091104437092,0.13414196088671854,10.00217274257115,4.719530834691719,5.478472911203839,28.35600470092162
138,2013-07-22,88.54000091552734,88.95999908447266,88.19000244140625,88.6500015258789,79.49224090576172,867000,-0.004491879589765935,23.653000206715326,0.00022200968999161702,0.008696596285344867,79.10921587262835,0.8380755450758883,80.78536696278013,77.43306478247658,0.0035012147660751316,-0.003952998311520395,1.1918337162476342,76.89026341377391,-0.004491879589765935,-0.35868072509765625,89.15198184197133,2.4759467901704113,0.10585483813710407,10.015517098563057,4.662662682002962,5.491910674280639,26.693063968282992
139,2013-07-23,87.81999969482422,89.0,87.7699966430664,88.56999969482422,79.4205093383789,1306700,-0.000902371936751023,23.181269156620115,0.00021324255544113757,0.014005959476290974,79.29111916678292,0.7250292798603587,80.74117772650364,77.8410606070622,0.004896382448987002,-0.000569381142468388,1.1907582389488187,77.22762953705458,-0.000902371936751023,-0.0717315673828125,88.45267343619719,2.456454171587623,0.09376577463175609,10.064007350376674,4.644329433415098,5.447112463684971,24.86802400996431
140,2013-07-24,88.9000015258789,89.2699966430664,88.29000091552734,88.41000366210938,79.27704620361328,1081200,-0.0018063738946119123,20.348498343437623,0.00016431007334638222,0.01102357379885741,79.48199026925224,0.4235208530003162,80.32903197525287,78.6349485632516,0.009673711655749366,-0.0068616490425367485,1.1886072843511875,77.50088509259575,-0.0018063738946119123,-0.143463134765625,86.22412990844188,2.401744044607412,-0.14046891004398385,10.0891478402274,4.5690547714779495,5.610780584054027,23.151466957530225
141,2013-07-25,89.11000061035156,89.68000030517578,88.86000061035156,89.66999816894531,80.4068603515625,1040400,0.014251466244686206,20.240926493695373,0.00016257742274729313,0.00920210626425428,79.72922188895089,0.37738237557952686,80.48398664010995,78.97445713779183,0.00011224482282527155,-0.0028055212466350098,1.2055466809423065,77.88834846045799,0.014251466244686206,1.1298141479492188,84.7567035439715,2.4216373068427117,-0.06467216596074642,10.05284936087472,4.038079561986583,5.854736148003642,21.74641076662436
142,2013-07-26,88.9000015258789,89.27999877929688,88.55999755859375,89.18000030517578,79.96749114990234,820700,-0.005464324806852328,20.63916769913178,0.0001690377949654302,0.008099001218729245,79.7561264038086,0.3880971195210314,80.53232064285065,78.97993216476654,0.0011248422092769489,-0.003824566495493036,1.198959182307815,78.16556748571723,-0.005464324806852328,-0.43936920166015625,85.38404868573083,2.374576794708389,-0.10955154906308083,9.998706817626953,4.04533139470667,4.822541300751068,20.08850530138796
143,2013-07-29,89.83999633789062,90.23999786376953,88.62000274658203,89.44000244140625,80.20064544677734,697500,0.0029156135014658524,20.440067235269836,0.00016579220181839327,0.018032003375141013,79.80224500383649,0.42261423964606365,80.64747348312862,78.95701652454436,0.008904668911099207,-0.013579626458578263,1.202454883887458,78.43691121385858,0.0029156135014658524,0.233154296875,84.9094475839416,2.3292445220494926,-0.28840683445785986,10.080867767333984,4.4925842443950685,4.07411230770693,17.921243904935054
144,2013-07-30,90.0999984741211,90.43000030517578,89.61000061035156,90.08999633789062,80.78346252441406,793800,0.007266987371360889,20.284222691253824,0.0001632736865826889,0.009100995657172432,79.93546513148716,0.5638856215435025,81.06323637457417,78.80769388840015,0.0037736290015899796,-0.00543837815835558,1.2111931083432994,78.74978472193264,0.007266987371360889,0.5828170776367188,83.19157198058275,2.313676217503726,-1.1106165541758894,10.06980460030692,3.8026694109937655,4.54207796254373,16.74427483991731
145,2013-07-31,89.5,90.62999725341797,89.37999725341797,89.94999694824219,80.65796661376953,490800,-0.0015534851654397386,19.736297720472155,0.00015457200305996587,0.013966480446927373,80.10199737548828,0.582985380703931,81.26796813689614,78.93602661408042,0.007597768772913757,-0.0013408128109724162,1.2093115378170052,79.00420897417756,-0.0015534851654397386,-0.12549591064453125,71.57079490446577,2.265101077565987,-1.1369812294539376,9.900850023542132,3.8719075272004564,4.522010254656725,15.332297747724427
146,2013-08-01,90.58999633789062,91.3499984741211,89.83000183105469,91.19000244140625,81.76985168457031,1398800,0.013785185983240078,19.81891675364282,0.00015586883384437444,0.016778857539600595,80.43761771065849,0.7711524612151616,81.9799226330888,78.89531278822817,0.0017661556372965987,-0.008389386660324419,1.2259821222774907,79.37296133556326,0.013785185983240078,1.1118850708007812,78.45140198787716,2.2899278986180605,-0.8144221599283299,9.987964630126953,4.178860918135998,4.482092519635301,13.79886798611207
147,2013-08-02,90.87000274658203,91.98999786376953,90.45999908447266,91.93000030517578,82.43340301513672,923600,0.00811486528220784,19.66827705574429,0.00015350838188155433,0.01683722607078301,80.8885258265904,0.892661056069869,82.67384793873013,79.10320371445066,0.0006602570351083954,-0.004511980298413679,1.2359308020381679,79.78102022617306,0.00811486528220784,0.6635513305664062,82.9179147114431,2.336215936939169,-0.8701748937707718,10.014202662876674,4.074887435805167,4.466799276877245,12.70671137578814
148,2013-08-05,91.1500015258789,92.02999877929688,90.91000366210938,92.0199966430664,82.51412200927734,534800,0.0009792024978734215,17.79601487676981,0.0001256738672596079,0.0122873845138611,81.18956320626395,1.0454073653964027,83.28037793705676,79.09874847547115,0.00010973270502501295,-0.002632999009894609,1.2371410285667224,80.14543379725363,0.0009792024978734215,0.080718994140625,81.10543740253252,2.3522970726271524,-1.197661142259075,9.977598462785993,4.100338024595141,3.5396956872411574,11.222395909760658
149,2013-08-06,92.0199966430664,92.31999969482422,91.52999877929688,92.05999755859375,82.54997253417969,1258500,0.0004344774449434041,17.323023268601577,0.00011908219649385367,0.008585100460192957,81.55848911830357,0.9968089491197121,83.55210701654299,79.56487122006415,0.0028254960412461565,-0.005324906342587353,1.2376785384398488,80.46603896217711,0.0004344774449434041,0.03585052490234375,77.15375183180309,2.3409493196953974,-1.114723236446686,9.80989238194057,3.674424895002306,3.8310911103775513,9.9828755058227
150,2013-08-07,91.2300033569336,91.58999633789062,90.69999694824219,91.5,82.04782104492188,349300,-0.006083000076709921,17.795524455481328,0.00012566694073239427,0.009755555813873556,81.82237134660993,0.8031228602008977,83.42861706701173,80.21612562620813,0.00098647741509466,-0.005809562525365457,1.230149739795577,80.67694323987641,-0.006083000076709921,-0.5021514892578125,69.7073418816092,2.265323476293034,-1.2576201670752443,9.766262599400111,3.675859842987809,3.8325872401470256,9.01918364173641
151,2013-08-08,91.87000274658203,92.16999816894531,91.41000366210938,91.87999725341797,82.3885726928711,512800,0.004153085890759467,16.851428953500147,0.00011268676895827882,0.008272499010719934,82.05167279924665,0.6761701341460001,83.40401306753864,80.69933253095465,0.0031566442457533622,-0.0050070650998186705,1.2352586573234434,80.9051605002757,0.004153085890759467,0.34075164794921875,71.80324215190785,2.207439274873522,-1.1827297452286973,9.826261792864118,2.824525158730277,4.174978224730648,9.730370445542082
152,2013-08-09,91.20999908447266,91.7300033569336,91.12999725341797,91.4800033569336,82.02989196777344,1005000,-0.004353525171928219,10.32336376791401,4.229041249392035e-05,0.006578293054908806,82.24766213553292,0.29788449536779504,82.84343112626851,81.65189314479733,0.00274092755738838,-0.0008771168935172897,1.2298809276649436,81.05512469594207,-0.004353525171928219,-0.35868072509765625,71.80324215190785,2.108319694267834,-1.2615606209484589,9.842858450753349,2.86361160865989,2.4875894176349234,9.019689700556125
153,2013-08-12,90.8499984741211,91.5999984741211,90.80999755859375,91.4000015258789,81.9581527709961,330500,-0.0008745494484562188,10.263101758608775,4.179811813791987e-05,0.00869566239731284,82.27456229073661,0.25260593557908717,82.77977416189479,81.76935041957843,0.002201397375908127,-0.00044029627076700654,1.2288053359779874,81.1755284392826,-0.0008745494484562188,-0.07173919677734375,71.80314801656078,2.000912683004586,-1.5711786755518533,9.847311837332589,2.674337486156806,2.4864185599607547,8.260636600321439
154,2013-08-13,91.2699966430664,92.2699966430664,91.04000091552734,92.05999755859375,82.54997253417969,645500,0.007220999292617325,10.234790294559007,4.156783030698365e-05,0.013476451986179652,82.29121507917132,0.26818456675257246,82.82758421267647,81.75484594566618,0.002300855617360313,-0.002519948898853551,1.2376785384398488,81.35878765193554,0.007220999292617325,0.5918197631835938,76.1090546575731,1.941170160325754,-1.59841000261753,9.880337306431361,2.889602526779945,2.480930997388308,7.67632327857595
155,2013-08-14,92.86000061035156,93.5,92.70999908447266,92.98999786376953,83.3839111328125,652100,0.010102227451226797,10.292161551182435,4.203515452207841e-05,0.008507440343902802,82.41547066824776,0.494597273429309,83.40466521510638,81.42627612138915,0.005492161672176602,-0.001615351334190976,1.25018184854667,81.62880411605248,0.010102227451226797,0.8339385986328125,74.92539143943421,1.9387667597096225,-1.047790256619346,9.91941397530692,2.8779657779632424,2.882762740758759,6.841392914969113
156,2013-08-15,91.37999725341797,92.0,90.8499984741211,91.05999755859375,81.6532974243164,832900,-0.020754767736183566,12.355002502302343,6.057384398091138e-05,0.01258482775710405,82.28737422398159,0.5650538596588786,83.41748194329935,81.15726650466382,0.010286741843506569,-0.005799943042535504,1.2242346146520913,81.63206989048767,-0.020754767736183566,-1.7306137084960938,61.6051714394358,1.776734890632227,-1.4276043531348543,9.901053292410714,1.5733804433480916,2.9324401002594196,8.131966212187198
157,2013-08-16,91.12000274658203,91.75,90.91000366210938,91.4000015258789,81.9581527709961,740900,0.003733533810587941,12.387818016172373,6.0896045715001725e-05,0.009218572350428663,82.27456447056362,0.5723588031008501,83.41928207676531,81.12984686436192,0.00384107181267861,-0.0023046430876071658,1.228805335977987,81.6755476078888,0.003733533810587941,0.3048553466796875,61.980495030143665,1.6538580990317087,-1.8014173627867271,9.88849585396903,1.5699706848223087,2.9552511518478144,9.5450694370488
158,2013-08-19,91.58999633789062,91.7300033569336,90.56999969482422,90.77999877929688,81.4021987915039,287100,-0.006783388359735354,12.689744636859599,6.390064243996288e-05,0.012665178605640837,82.13365391322544,0.6550573898502158,83.44376869292587,80.82353913352502,0.010372361782088023,-0.011136550757175163,1.2204698721655332,81.63910109903749,-0.006783388359735354,-0.5559539794921875,54.23327678454913,1.4943901175158913,-1.9363575591138797,9.855816977364677,1.5662429477133113,2.788214477046359,10.526997002668917
159,2013-08-20,90.5999984741211,91.16999816894531,90.19000244140625,90.30000305175781,80.9718017578125,481200,-0.005287290025098534,12.735609776884207,6.436339539248737e-05,0.01081673006671173,81.98249816894531,0.7909697192366388,83.5644376074186,80.40055873047203,0.009602595274171054,-0.004525342600661905,1.214016893984499,81.55012785354083,-0.005287290025098534,-0.43039703369140625,52.061204262411074,1.3180870624438938,-2.413679698316543,9.85019302368164,1.5612560159756566,2.7019971451600937,11.412295854262862
160,2013-08-21,90.80000305175781,90.94999694824219,89.81999969482422,90.22000122070312,80.90005493164062,451200,-0.0008860717510827953,12.735318869480025,6.436045504259268e-05,0.012444903253735,81.83134133475167,0.8911556658273263,83.61365266640632,80.04903000309702,0.008039600253349665,-0.010792988149735769,1.212941187909402,81.46345146395414,-0.0008860717510827953,-0.071746826171875,43.38333105050923,1.1592135595168713,-2.423897832464315,9.799204690115792,1.5384228765633083,2.695866992699869,12.335149934239872
161,2013-08-22,91.41000366210938,92.16999816894531,89.70999908447266,90.80000305175781,81.42013549804688,773800,0.006428680015677424,12.833124487434139,6.535281115475447e-05,0.02691170534863853,81.66993604387555,0.8401635047522884,83.35026305338013,79.98960903437097,0.014987365302506607,-0.018597576955807438,1.2207387986843072,81.45767600183318,0.006428680015677424,0.52008056640625,42.119921538006956,1.063017514834172,-2.1872985709483195,9.874190194266182,2.112316642669726,2.4284513568625155,12.179383908646905
162,2013-08-23,91.31999969482422,91.44000244140625,90.7300033569336,90.83000183105469,81.44703674316406,849400,0.0003304003973050307,11.938054047309954,5.655441842717981e-05,0.00777484764394822,81.39323970249721,0.36771722009850516,82.12867414269422,80.6578052623002,0.006679813977114322,-0.006460757116319444,1.221142131268398,81.45625743401064,0.0003304003973050307,0.0269012451171875,41.631334762166325,0.9776820519173697,-2.180200618806151,9.90442384992327,2.116199711302336,2.648856712440345,11.837241338759204
163,2013-08-26,91.12999725341797,91.31999969482422,90.4800033569336,90.56999969482422,81.2138900756836,621900,-0.002862555555160018,11.803712822316156,5.528874459988506e-05,0.009217561321270858,81.3304672241211,0.3531405068363536,82.0367482377938,80.62418621044839,0.00823000134537884,-0.007132600856739255,1.2176465440768958,81.4239417862337,-0.002862555555160018,-0.23314666748046875,39.83624044842352,0.8810835128881962,-2.2417168750490677,9.909215654645648,2.1060950860429006,2.6362087074802276,11.95219683711794
164,2013-08-27,89.05000305175781,89.30999755859375,87.4800033569336,87.91999816894531,78.83765411376953,834600,-0.02925898463550558,15.687581729934722,9.765881767197667e-05,0.020550186849477407,80.88468170166016,0.9289155180949736,82.7425127378501,79.0268506654702,0.015609200920976268,-0.017630540606626374,1.1820194425522734,81.07910342990515,-0.02925898463550558,-2.3762359619140625,30.997871104740383,0.6058027743748795,-1.4356069871098647,9.841793060302734,1.6649305460952162,2.663896973848325,12.81849196264233
165,2013-08-28,87.26000213623047,88.66999816894531,86.95999908447266,88.27999877929688,79.16046905517578,1181200,0.004094679693797065,15.520429846203786,9.55887867503702e-05,0.019596596866947157,80.56443459647042,1.0927398357557618,82.74991426798195,78.37895492495889,0.004469394683712817,-0.0034380362641917793,1.1868594335613656,80.82328551327457,0.004094679693797065,0.32281494140625,30.851034942197472,0.4089748660293395,-1.1925885225457908,9.821090698242188,1.6681265605324749,2.1903314263412073,13.04102834123808
166,2013-08-29,87.16999816894531,88.54000091552734,87.12999725341797,87.91999816894531,78.83765411376953,1204000,-0.004077981665081443,15.558004700657357,9.605218661336346e-05,0.016175332014767608,80.25955636160714,1.2469729853080451,82.75350233222323,77.76561039099104,0.007112570375192573,-0.00045888397806109223,1.1820194425522734,80.55853466000724,-0.004077981665081443,-0.32281494140625,30.98286966125653,0.22435266483698513,-1.241948598419759,9.823812212262835,1.5749813176537193,2.2776712057903516,13.540751825624236
167,2013-08-30,87.69000244140625,87.98999786376953,86.83000183105469,87.05999755859375,78.06648254394531,1467700,-0.009781767081899151,14.854407700567382,8.756088418042662e-05,0.013228372681252275,79.8547603062221,1.4481002027276968,82.7509607116775,76.95855990076672,0.01060554543600566,-0.009807282317345218,1.170457203678951,80.22626104453232,-0.009781767081899151,-0.7711715698242188,28.59953799849133,0.01563095559960459,-1.3138713182728052,9.79397201538086,1.2352787922599247,2.29479375651003,14.803267882249042
168,2013-09-03,87.98999786376953,88.55000305175781,87.62999725341797,88.38999938964844,79.25910186767578,1217700,0.015276970152448222,15.66390623680452,9.736426928389009e-05,0.01045579975765248,79.54604121616909,1.2792720802034696,82.10458537657603,76.98749705576215,0.0018184301169901218,-0.004091381055707414,1.1883382434442722,80.09730648761811,0.015276970152448222,1.1926193237304688,33.02500789047626,-0.052937855791356014,-1.1350677723763225,9.806234632219587,0.9216122168325576,2.6819448999214464,16.910964868133764
169,2013-09-04,87.8499984741211,89.95999908447266,87.68000030517578,89.5999984741211,80.34410095214844,1536300,0.013689267969299923,16.544293172111903,0.0001086165224463445,0.025953316094462067,79.38847896030971,1.0542419573928177,81.49696287509535,77.27999504552407,0.004097901156567598,-0.0019350958667960667,1.204605724096948,80.13021241622216,0.013689267969299923,1.0849990844726562,34.715894880108266,-0.01950394509081832,-1.2145890125213594,9.788439614432198,1.6005437756976313,2.4493218678335538,17.559534435920007
170,2013-09-05,89.3499984741211,89.97000122070312,88.98999786376953,89.7300033569336,80.46067810058594,1308100,0.0014509733391245838,16.560810757448593,0.00010883351307302564,0.01096814072377894,79.28087724958148,0.8568347747749295,80.99454679913134,77.56720770003162,0.0026860421697605633,-0.004029105948511363,1.2063535748867695,80.17427450747067,0.0014509733391245838,0.1165771484375,42.84169100562246,0.01621258305520712,-1.1927580708762666,9.86056900024414,1.6019421359109962,2.78641497425927,18.745434979542708
171,2013-09-06,89.91000366210938,90.16000366210938,88.75,88.7699966430664,79.59984588623047,923000,-0.010698793928623385,16.80876029810312,0.00011211683442820921,0.01568238910776055,79.38976178850446,0.8393746016045838,81.06851099171362,77.7110125852953,0.015459981786529024,-0.012901830884901114,1.193447046583998,80.09768402463864,-0.010698793928623385,-0.8608322143554688,36.7306463909666,-0.024659516927741265,-1.3539627159520176,9.83218492780413,1.6887715690404963,2.777525506139357,19.806852004138857
172,2013-09-09,89.06999969482422,90.02999877929688,88.58999633789062,89.44000244140625,80.20064544677734,597000,0.0075477477859138276,16.989910133940985,0.00011454644696801198,0.016167087081397254,79.53835841587612,0.8829579809694843,81.30427437781509,77.77244245393715,0.006623962500416503,-0.0053890575791871965,1.2024548838874576,80.11141221425713,0.0075477477859138276,0.600799560546875,43.27323422932424,-0.008473766877273192,-1.241453357793132,9.87920652117048,1.686258603838877,2.4303392294135,19.74883199440334
173,2013-09-10,89.72000122070312,90.45999908447266,89.5999984741211,90.37000274658203,81.03455352783203,599800,0.010397772691344231,17.410996169286737,0.00012029475698687176,0.009585383400029592,79.85220118931362,0.9777372743503135,81.80767573801424,77.896726640613,0.001003079989591642,-0.0013375250217265969,1.2149577364417161,80.23449772273378,0.010397772691344231,0.8339080810546875,50.33612284646399,0.07082652543304846,-1.0852906887033449,9.914317539760045,1.6788128693291244,2.905454863744471,20.688392389919585
174,2013-09-11,89.31999969482422,89.56999969482422,88.88999938964844,89.43000030517578,80.19165802001953,525000,-0.010401680161327698,17.744791216466385,0.00012495143464919927,0.007613080021261855,80.15579768589565,0.5798081717635467,81.31541402942274,78.99618134236856,0.0015673912911639875,-0.004814154798980572,1.2023201346577188,80.22878576237188,-0.010401680161327698,-0.8428955078125,46.49509620734614,0.06490971650100619,-1.2431363976660323,9.811264038085938,1.6872102557255444,2.91998788740301,21.789170336415005
175,2013-09-12,91.87999725341797,94.01000213623047,91.58999633789062,92.66999816894531,83.09696960449219,1236200,0.03622959864163633,21.812548544580647,0.0001888044738133678,0.026338766550733857,80.70406450544085,1.1371981960569701,82.9784608975548,78.42966811332691,0.01458428392840758,-0.0031563008728383002,1.245879710575126,80.6112102746546,0.03622959864163633,2.9053115844726562,56.712154231797236,0.2912970755976403,-0.5199209008210631,9.993292672293526,3.451281548726067,2.871313716289288,21.863619139480132
176,2013-09-13,92.41999816894531,92.9800033569336,91.8499984741211,92.94000244140625,83.33908081054688,565400,0.002913598500728032,21.55040976626112,0.00018429371471974693,0.012226843813033106,81.13191877092633,1.4883794701905606,84.10867771130745,78.15515983054522,0.000432816666520826,-0.006167493033079808,1.2495097038319452,80.9749263461069,0.002913598500728032,0.2421112060546875,57.44533550454176,0.4846601787848499,-0.48620067856979676,9.983518872942243,3.468876755380145,2.2122467754016375,22.912958275715617
177,2013-09-16,93.5999984741211,93.63999938964844,92.7699966430664,92.80000305175781,83.21353912353516,354800,-0.0015063963483963327,20.196708040815214,0.00016186786336743232,0.009294901290223558,81.52518463134766,1.6376616296707107,84.80050789068908,78.24986137200624,0.008974319995559301,-0.00886754107463121,1.247627446976807,81.273408049764,-0.0015063963483963327,-0.12554168701171875,57.93597637780017,0.6206175731581283,-0.5036855924522127,10.014087132045201,3.441174518869752,2.6306506145567976,22.112321201469154
178,2013-09-17,92.22000122070312,92.9800033569336,92.0199966430664,92.91000366210938,83.31218719482422,684600,0.0011854810206139987,20.172185947619983,0.00016147503408942725,0.010409962059853766,82.0555191040039,1.5060588737930023,85.06763685158991,79.0434013564179,0.0007590511157844576,-0.0021687765667890526,1.249106485635995,81.54524526910537,0.0011854810206139987,0.0986480712890625,71.67674452986398,0.7279336961100142,-0.48994630734132616,10.13339832850865,3.4465694322656963,2.6062883268373973,21.315652355868252
179,2013-09-18,93.22000122070312,94.93000030517578,92.69999694824219,94.75,84.96209716796875,714900,0.01980394500130256,20.989324377651254,0.000174822118186613,0.023921940868182855,82.73572649274554,1.6009447785470212,85.93761604983959,79.5338369356515,0.0019309193608528423,-0.005578247861527064,1.2738437217783005,82.00082552228716,0.01980394500130256,1.6499099731445312,74.90366760657477,0.9353344889173485,-0.23060555740272756,10.260931832449776,4.33431578106821,2.583646769203725,21.184394833965058
180,2013-09-19,96.37000274658203,96.38999938964844,95.13999938964844,95.63999938964844,85.76016235351562,615700,0.009393190753861802,20.95229539005911,0.00017420582623503645,0.01297084117852569,83.4108134678432,1.7531481661797315,86.91710980020267,79.90451713548373,0.007782504707115414,-0.012763342553471271,1.2858091788475734,82.50207043311762,0.009393190753861802,0.798065185546875,78.55021626305744,1.1508322247055531,-0.11190792371880406,10.407244001116071,4.3007159790598335,3.7030056912727254,20.265841364703746
181,2013-09-20,96.94999694824219,97.86000061035156,96.7699966430664,97.47000122070312,87.40113067626953,952000,0.01913438918165289,21.64226615576242,0.00018586812871303933,0.011242949990674747,84.44073813302177,1.6621084436384292,87.76495502029863,81.1165212457449,0.004022685940430126,-0.001856630333592237,1.3104123520889843,83.15527846553788,0.01913438918165289,1.6409683227539062,85.92131848696715,1.4374580408880178,-0.022372092086687195,10.617779323032924,4.258525664170418,4.420358197571859,19.052967399374513
182,2013-09-23,97.2300033569336,97.41999816894531,95.80000305175781,95.87999725341797,85.97534942626953,456200,-0.01631307557428563,22.699027241116116,0.00020446263400513134,0.016661473426473724,84.85193525041852,1.6299981261796168,88.11193150277775,81.59193899805929,0.01583874177062367,-0.014707397467901107,1.2890354963558794,83.53128792696876,-0.01631307557428563,-1.42578125,75.38965069300717,1.531903602958181,-0.16745096540317003,10.58458982195173,3.7159162486165536,4.446077567279031,19.147430617496347
183,2013-09-24,96.94999694824219,97.98999786376953,96.5199966430664,97.44000244140625,87.37422943115234,736700,0.01627071031659444,23.157024452030324,0.00021279673867933728,0.015162467941983547,85.42838505336216,1.717000393070363,88.86238583950289,81.99438426722143,0.005672980295779713,-0.004435279202797104,1.3100090195048935,84.04368012752657,0.01627071031659444,1.3988800048828125,75.96015202183975,1.700033390121078,-0.12933688397721896,10.678429194859095,3.68176000830243,4.2669660172705735,18.965709810449976
184,2013-09-25,97.55000305175781,98.37000274658203,97.16999816894531,97.80999755859375,87.70597839355469,552000,0.003796874256427607,23.04285131946119,0.00021070357021063242,0.012301430446906533,86.07016209193638,1.5857325677508114,89.241627227438,82.89869695643476,0.0057406988259257686,-0.003895488169394296,1.3149829590267395,84.53198656299699,0.003796874256427607,0.33174896240234375,76.33620048942066,1.8388497116498002,-0.09039032362497416,10.776277269635882,3.662809122584675,4.542979428440682,18.944177131813056
185,2013-09-26,97.30000305175781,97.73999786376953,96.95999908447266,97.66999816894531,87.58045196533203,441500,-0.0014312186070075672,19.8062622750137,0.00015566985131215493,0.008016431190469358,86.67991420200893,1.0923410011659203,88.86459620434077,84.49523219967709,0.0007194213014256852,-0.0034943880433826336,1.3131009309478825,84.93844861664167,-0.0014312186070075672,-0.12552642822265625,80.64726322389355,1.9166398814035404,-0.10322532832508376,10.800183977399554,3.630555775787437,4.50297562641487,18.35604119588259
186,2013-09-27,97.80000305175781,98.4800033569336,97.33999633789062,98.44999694824219,88.27986907958984,737200,0.007985995716654593,19.827383783020412,0.00015600204272983343,0.011656513123416297,87.1538816179548,0.9305641340227228,89.01500988600024,85.29275334990935,0.00030681398522581057,-0.004703544984796599,1.3235873493579675,85.38397134503475,0.007985995716654593,0.6994171142578125,80.79274392031154,2.011538503500077,-0.06362148672096078,10.833712441580635,3.9476618502753427,4.4812449156033285,18.013010937116892
187,2013-09-30,98.69999694824219,99.5,98.45999908447266,98.76000213623047,88.5578384399414,673700,0.0031487287333984426,19.553805940735096,0.00015172671697139952,0.01053699035140513,87.55354963030133,0.8272643042441722,89.20807823878968,85.89902102181298,0.007497445660080239,-0.0024315893737604168,1.3277549668760535,85.80715362435564,0.0031487287333984426,0.2779693603515625,79.94276788685727,2.085139954076695,-0.03130640250698582,10.902339390345983,3.9150763073762875,4.870296090350183,17.662235896553902
188,2013-10-01,99.37999725341797,100.94999694824219,99.30999755859375,100.91000366210938,90.48576354980469,537700,0.021770236760812134,19.476302379615035,0.00015052633110404674,0.016502308663447193,87.99421146937779,1.3736547547639189,90.74152097890563,85.24690195984995,0.0004024279255193581,-0.0007043640245402729,1.3566605068652895,86.43096828108217,0.021770236760812134,1.9279251098632812,87.71341284460084,2.2728372252118447,-0.11797358077783955,11.177818843296595,4.499963577056784,4.8005472884467775,16.386899420859432
189,2013-10-02,99.72000122070312,100.80000305175781,99.02999877929688,100.66000366210938,90.26158142089844,417400,-0.0024775403346500857,19.51112909407044,0.0001510651422720165,0.017749741784935543,88.60653032575335,1.2755512655682995,91.15763285688995,86.05542779461676,0.0014039248689797636,-0.00691939864580544,1.353299325739104,86.94171669972434,-0.0024775403346500857,-0.22418212890625,82.66537917830786,2.376108738180335,-0.1745513537985588,10.927525656563896,4.503333372483568,4.450247679234836,14.088948796301365
190,2013-10-03,101.7300033569336,101.8499984741211,99.87000274658203,100.55000305175781,90.1629409790039,1604200,-0.0010928286469362725,19.47580462481648,0.000150518637215882,0.01946324252631721,89.00491768973214,1.2619460745761568,91.52880983888446,86.48102554057982,0.012778879184758011,-0.018283697522603008,1.3518204014680566,87.37121327029494,-0.0010928286469362725,-0.09864044189453125,81.52421474687706,2.422072552256026,-0.18891712290385723,11.049338749476842,4.327090957873993,4.432843770348474,13.148427551049
191,2013-10-04,100.08999633789062,101.02999877929688,99.97000122070312,100.95999908447266,90.53058624267578,729100,0.004077565124650073,19.42689154354774,0.00014976353771617703,0.010590444573654875,89.40843309674945,1.2285286472859813,91.86549039132142,86.95137580217748,0.0006993675430650334,-0.0011988722307713182,1.3573325371918732,87.79246299994573,0.004077565124650073,0.367645263671875,83.06300815250367,2.4598099483944935,-0.15151679785911312,11.089777265276227,4.303554626112168,3.8784575415479403,12.11053463389146
192,2013-10-07,98.93000030517578,99.83999633789062,98.88999938964844,99.45999908447266,89.18553924560547,1070600,-0.014857376417123702,19.916485873507995,0.00015740730537684247,0.00960271854151087,89.63773127964565,0.9483159528445865,91.53436318533483,87.74109937395647,0.0038410719927804166,-0.0004043355443642003,1.337166136763604,87.97820649936703,-0.014857376417123702,-1.3450469970703125,73.85271298614381,2.3540470658490023,-0.3840936739405775,11.057130541120257,4.2275111107464145,3.8850963188132375,11.150709318606667
193,2013-10-08,99.95999908447266,100.11000061035156,97.27999877929688,97.43000030517578,87.36524200439453,963900,-0.020410228570778455,21.81885430008494,0.00018891365197156135,0.028311343106987758,89.50707026890346,1.1969914043280157,91.9010530775595,87.11308746024743,0.026810727588252654,-0.026810727588252654,1.309874270275154,87.89647790003737,-0.020410228570778455,-1.8202972412109375,59.62636907239557,2.0991487646600717,-1.1586823317524984,11.007605416434151,4.336630946745295,3.876683974360796,10.556656034692695
194,2013-10-09,95.94999694824219,96.55000305175781,94.0999984741211,96.08999633789062,86.16366577148438,1256500,-0.013753481422849156,22.542565539755792,0.00020165367504531147,0.025534180881301247,89.16504560198102,1.734703480472217,92.63445256292546,85.69563864103658,0.0047942337519335885,-0.019280860166353407,1.2918589388326567,87.66543628289698,-0.013753481422849156,-1.2015762329101562,51.56571392031224,1.7796679600814969,-1.0240429293724798,10.847381046840123,4.357140804080521,3.4505012810725226,9.83544477333583
195,2013-10-10,96.70999908447266,97.81999969482422,96.55000305175781,97.70999908447266,87.61634063720703,1060400,0.016859483086238525,22.475055978061206,0.00020044767508610486,0.013132009669001346,88.75512804303851,1.7094414938453204,92.17401103072915,85.33624505534787,0.0011374274779537635,-0.0016543897655824922,1.313639012761712,87.65889019680499,0.016859483086238525,1.4526748657226562,50.84746271921127,1.6249642653259428,-0.8366010112147177,10.815702165876116,4.298104192673177,4.467423157665873,8.653254443316895
196,2013-10-11,97.55000305175781,98.05000305175781,97.43000030517578,97.87999725341797,87.76878356933594,817700,0.0017398915661193115,19.24933277347675,0.00014703841754922444,0.006355742974739549,88.39901406424386,1.5994214998538254,91.59785706395151,85.2001710645362,0.0017427554384559325,-0.0012301665077176934,1.3159246022009412,87.67354264647578,0.0017398915661193115,0.15244293212890625,57.849432635907256,1.497400245327455,-0.8169309554561492,10.845330374581474,2.4058215494010766,4.921799781622982,9.851473440710341
197,2013-10-14,97.0999984741211,97.38999938964844,96.58999633789062,97.06999969482422,87.04243469238281,1105700,-0.008275708599508214,19.61878073585775,0.00015273672919113594,0.008238960497728822,87.95322745186942,1.4541139518796253,90.86145535562868,85.04499954811017,0.0032955684845814336,-0.005252339281615885,1.3050343936542024,87.58939491926338,-0.008275708599508214,-0.726348876953125,48.456975631079196,1.3224501740010197,-0.9106533911920363,10.674370901925224,2.408600206452504,4.812788114108442,10.383530954281959
198,2013-10-15,97.30999755859375,97.5,94.91000366210938,95.1500015258789,85.32078552246094,1899600,-0.019779423404301166,21.01855697706918,0.00017530941960250122,0.026615932616081896,87.20897020612445,1.231274715525834,89.67151963717612,84.74642077507278,0.024149609835372544,-0.02466338461306871,1.2792215658249404,87.2869136663564,-0.019779423404301166,-1.721649169921875,40.177392091190725,1.0329708376232674,-1.1328016711819557,10.635927472795759,2.455428634946399,4.403900926699635,11.100541848210831
199,2013-10-16,94.9800033569336,96.36000061035156,93.95999908447266,94.9800033569336,85.1683349609375,2244400,-0.0017867927561837638,21.04535434247465,0.0001757567219842524,0.025268492746412446,86.6350838797433,1.083833703216866,88.80275128617704,84.46741647330957,0.014529345174183216,-0.01073914757222923,1.2769358619975704,87.00443650563388,-0.0017867927561837638,-0.1524505615234375,40.08849352224157,0.78223774196222,-1.1142794427930742,10.7077271597726,2.4417288742513863,4.379329905590872,11.792150224612552
200,2013-10-17,92.79000091552734,93.94999694824219,92.58999633789062,93.83999633789062,84.14610290527344,1599200,-0.012002489612282674,20.363129381209472,0.0001645464437285222,0.014656758238311236,86.17520686558315,1.3680679993200435,88.91134286422323,83.43907086694307,0.001185479138551826,-0.00215545398925899,1.2616094525783934,86.62332535891916,-0.012002489612282674,-1.0222320556640625,33.45312909418402,0.49533446608407417,-0.911867330956632,10.556449345179967,1.6068840653945708,4.434463038950432,12.815847688314948
201,2013-10-18,92.37999725341797,92.93000030517578,91.22000122070312,92.83999633789062,83.24940490722656,2663800,-0.010656441202705813,20.334967239531593,0.00016409162406064393,0.018510490748140696,85.75888388497489,1.7595724119784275,89.27802870893174,82.23973906101804,0.0009742798220512633,-0.012556787910836673,1.248165185626214,86.17346929869349,-0.010656441202705813,-0.896697998046875,29.753964461986044,0.19337639578166943,-0.7498211075185083,10.382432665143694,1.6259671979423098,3.3911700517266747,14.135636404495777
202,2013-10-21,92.05000305175781,93.55999755859375,92.05000305175781,93.13999938964844,83.51840209960938,1394400,0.003231220603709728,19.02166418825852,0.00014358083670272867,0.016404067971479575,85.1734640938895,1.71984345990916,88.61315101370782,81.7337771740712,0.0045627175993590815,0.0,1.2521982826908424,85.81946033881562,0.003231220603709728,0.2689971923828125,19.57718420403893,-0.023945694046162203,-0.7245156266260914,10.233749389648438,1.6391403278453385,3.056405750907989,15.48413718868228
203,2013-10-22,94.11000061035156,94.55000305175781,93.77999877929688,94.11000061035156,84.3882064819336,1774700,0.01041452375114682,18.75556260481682,0.0001395917177076201,0.008181960126097815,84.69052450997489,1.2907040071911253,87.27193252435714,82.10911649559264,0.004675405786341609,-0.0035065543397562065,1.2652393314470716,85.62862649123134,0.01041452375114682,0.8698043823242188,25.722841755318314,-0.12455329866550358,-0.6426901697056259,10.284989493233818,1.631658089257713,3.82222185847074,16.970773701648053
204,2013-10-23,94.54000091552734,94.54000091552734,93.05000305175781,93.31999969482422,83.67982482910156,1399800,-0.008394320514249709,17.847787302067722,0.0001264061553888291,0.01576050189697864,84.21015167236328,0.8031424637087824,85.81643659978084,82.60386674494572,0.012904603436520072,-0.01576050189697864,1.2546185069716698,85.36878626961405,-0.008394320514249709,-0.7083816528320312,24.488466362801745,-0.25846658742605655,-0.7686216379326436,10.182373591831752,1.645474339542748,3.527313453565854,18.352551354975624
205,2013-10-24,94.31999969482422,94.58000183105469,93.80999755859375,94.08999633789062,84.3702621459961,622500,0.008250941231110476,18.09488910200235,0.00012993056016419167,0.00816374337311614,84.07436261858258,0.6497799687805592,85.3739225561437,82.77480268102147,0.005195138833221937,-0.005407147348182774,1.2649702905401565,85.23564971979832,0.008250941231110476,0.6904373168945312,26.359250987561353,-0.30536129735882866,-0.7704993863872368,10.184739249093193,1.6461896642558014,3.578865964090812,19.60314249448373
206,2013-10-25,94.44999694824219,94.47000122070312,93.44000244140625,94.30999755859375,84.56754302978516,599900,0.0023382751074980668,18.151145805553305,0.00013073971986287894,0.010905228296209536,83.98853519984654,0.5046733363406016,84.99788187252774,82.97918852716533,0.0016940568266725904,-0.010693430804337729,1.2679281390822512,85.14656882779657,0.0023382751074980668,0.1972808837890625,30.566068752239445,-0.3228847597405462,-0.7483080593530891,10.24119131905692,1.6456978331309338,3.577796708396229,20.853733633991837
207,2013-10-28,93.95999908447266,94.62000274658203,93.83000183105469,94.33000183105469,84.58546447753906,536500,0.00021191874697823465,17.83060084131811,0.00012616282792159272,0.00840784294620002,84.05130113874164,0.5525834925834476,85.15646812390852,82.94613415357475,0.003086429526958859,-0.0013835382576057457,1.268196836824744,85.07175491442891,0.00021191874697823465,0.01792144775390625,36.209910064713135,-0.3315047385978005,-0.97138140036773,10.178905487060547,1.3143437374099376,3.7696119460585895,22.8520217701032
208,2013-10-29,94.61000061035156,94.91999816894531,93.94999694824219,94.19999694824219,84.46890258789062,1004000,-0.0013780368810221155,17.735448792577078,0.0001248198983627473,0.01025262883886922,84.22551509312221,0.43798610871452187,85.10148731055125,83.34954287569317,0.007610202051138635,-0.006976045427032394,1.2664492148112039,84.99137460422381,-0.0013780368810221155,-0.1165618896484375,40.57824346861252,-0.34377883586707014,-0.9884475582592921,10.261032104492188,1.4571417664050808,3.2716994239925667,24.16151218065423
209,2013-10-30,94.72000122070312,94.91000366210938,93.41999816894531,94.63999938964844,84.86345672607422,698600,0.004670998747415389,15.696857759505889,9.777434266752374e-05,0.01573063211530438,84.41766575404576,0.3650339241236851,85.14773360229313,83.68759790579838,0.002850551826237964,-0.013724694204012199,1.2723647975072523,84.9743188871372,0.004670998747415389,0.39455413818359375,32.655197874165026,-0.3180031821247411,-0.9306797643489548,10.174229758126396,0.799872643473015,3.3012128254061737,26.911999997602347
210,2013-10-31,94.70999908447266,95.05000305175781,94.05999755859375,94.69999694824219,84.91727447509766,472800,0.0006341687117124017,15.746922456655813,9.839903446663917e-05,0.010453019773351155,84.49324689592633,0.40992927376740146,85.31310544346114,83.67338834839153,0.0036955559803506233,-0.006863071820950651,1.2731716914517157,84.96671296553193,0.0006341687117124017,0.0538177490234375,31.80770792101859,-0.2898914599586391,-1.0036191036188606,10.156578608921595,0.8003451641615746,3.599244896923362,29.913161218825383
211,2013-11-01,93.95999908447266,94.36000061035156,92.38999938964844,92.6500015258789,83.07903289794922,762300,-0.02164743968186955,17.015763515701988,0.0001148953206437676,0.020966381863542154,84.40741947719029,0.6184703455000136,85.64436016819032,83.17047878619026,0.018199224150005786,-0.01670923488848425,1.2456107840563508,84.71502228985423,-0.02164743968186955,-1.8382415771484375,27.855685624574264,-0.4112033537610529,-1.2963327874508583,10.143829345703125,0.31774154207301,3.635331288043051,33.852070435409665
212,2013-11-04,92.18000030517578,92.41000366210938,91.56999969482422,91.7699966430664,82.28993225097656,1016300,-0.009498192497521707,16.869687935900497,0.00011293109962486761,0.009112648779607253,84.1102294921875,1.0131758390651573,86.13658117031781,82.08387781405719,0.006943013852507366,-0.006617494123801948,1.2337797330523947,84.39167695133722,-0.009498192497521707,-0.7891006469726562,31.096107871054187,-0.5645104064557813,-1.7373677101423461,10.063358306884766,0.3200386592940729,3.6145492004006687,37.5919051309128
213,2013-11-05,90.05999755859375,91.05000305175781,89.7699966430664,90.5199966430664,81.1690673828125,792500,-0.013620923453254608,16.779049690030178,0.0001117208367065481,0.01421281860304986,83.6247329711914,1.4691552257363112,86.56304342266402,80.68642251971879,0.005885036898280837,-0.0032200857582598405,1.2169745137503112,83.96199567553393,-0.013620923453254608,-1.1208648681640625,27.744491656392128,-0.7676033243299258,-1.6289618978673845,9.900562286376953,0.32086824400156316,3.6239186145450026,41.378155743569735
214,2013-11-06,90.58999633789062,91.12000274658203,90.19999694824219,90.54000091552734,81.1869888305664,884800,0.00022079159379018165,15.795178144690134,9.900303675495889e-05,0.01015571073552453,83.13923645019531,1.6492496186860648,86.43773568756744,79.84073721282319,0.006402493150472654,-0.004305104375915671,1.2172432114928042,83.5919947628716,0.00022079159379018165,0.01792144775390625,31.460539888397193,-0.9165444598882146,-1.62556768839741,9.984081813267299,0.19435553395366476,3.84448114226182,45.41509151960976
215,2013-11-07,88.87000274658203,89.20999908447266,87.26000213623047,87.30000305175781,78.28170013427734,1502200,-0.035785151514268754,19.104979875046872,0.00014484137143886728,0.021942127691868277,82.25535038539341,2.33377415439339,86.92289869418019,77.58780207660664,0.021492021758582683,-0.018116356032333795,1.1736839787398192,82.88395547905903,-0.035785151514268754,-2.9052886962890625,25.134556530545694,-1.254552203292974,-1.1525418416905717,9.929732731410436,0.19543181452033762,3.865770684464118,49.16573252228802
216,2013-11-08,86.66000366210938,87.80999755859375,86.33999633789062,87.37000274658203,78.344482421875,1012900,0.0008020046510226475,17.59426616429531,0.00012284055629367712,0.016962856664935248,81.32406834193638,2.418700637904695,86.16146961774577,76.486667066127,0.005077253558946006,-0.003692676098497187,1.1746252787495994,82.27869240476782,0.0008020046510226475,0.06278228759765625,23.556468518379873,-1.50006792001777,-0.9179687431567625,9.873854500906807,0.19743452318932564,2.725580304441323,53.19237009607268
217,2013-11-11,87.66000366210938,88.05999755859375,87.22000122070312,87.37999725341797,78.35340881347656,1508700,0.0001139377187213686,17.521707505606653,0.00012182945790160002,0.009582435578356124,80.38637324741909,2.035495834003409,84.4573649154259,76.31538157941227,0.007757247054162607,-0.005019420750907851,1.1747591128742125,81.75532125926233,0.0001139377187213686,0.0089263916015625,16.180548726521778,-1.6746166706001162,-0.9169438999052238,9.779848371233259,0.19811967144850334,2.7350424514502842,55.67596598912755
218,2013-11-12,86.68000030517578,87.1500015258789,86.11000061035156,86.94000244140625,77.95890045166016,1965600,-0.005034986579276368,17.488999343546276,0.00012137503890419109,0.011998164650043776,79.65492575509208,1.814596368516847,83.28411849212577,76.02573301805839,0.0024226936286722294,-0.006575907854377145,1.1688442165070083,81.24913181824871,-0.005034986579276368,-0.39450836181640625,16.77052543882583,-1.8237581915648065,-0.9117559208864432,9.683048248291016,0.19891229152038223,2.7459845730912633,58.2092256265348
219,2013-11-13,86.66999816894531,87.81999969482422,86.58999633789062,87.68000030517578,78.62245178222656,2201500,0.008511553225123425,17.256820548734364,0.00011817375216318258,0.01419180088749922,79.13099997384208,1.4117256334765775,81.95445124079524,76.30754870688892,0.0016153154794758104,-0.0009230625677266129,1.1787928962676855,80.89890781344576,0.008511553225123425,0.6635513305664062,16.509760653501914,-1.866890522741926,-0.8375331972445433,9.60882840837751,0.4719645856727887,2.7539539502380443,60.22508515188605
220,2013-11-14,88.5999984741211,89.08000183105469,87.87999725341797,88.9000015258789,79.71642303466797,3110800,0.013914234771914114,18.315566761639094,0.0001331190419841501,0.013544069958276856,78.92347935267857,1.1434861407461867,81.21045163417094,76.6365070711862,0.0020316061882140663,-0.008126424752856265,1.1951948973738187,80.74124317627539,0.013914234771914114,1.0939712524414062,24.4085576615026,-1.792140192013676,-0.7151650816191379,9.634386335100446,0.47330411983317705,3.391220537852529,62.46789566267152
221,2013-11-15,89.04000091552734,89.93000030517578,88.4000015258789,89.93000030517578,80.6400146484375,1255900,0.011585964078792976,18.686855329894627,0.00013857085798428998,0.01718327452341776,78.84534018380302,0.9683010449219628,80.78194227364695,76.90873809395909,0.0,-0.0071877738439783696,1.2090423825219483,80.72774603923034,0.011585964078792976,0.9235916137695312,31.001682573970797,-1.6394750441393882,-0.611855085920272,9.645894731794085,0.8818953737517325,3.3676905919896907,63.024620190323404
222,2013-11-18,89.44000244140625,89.83000183105469,88.70999908447266,88.86000061035156,79.6805191040039,969900,-0.01189850409398685,18.764496919626268,0.00013972473993915203,0.012522391726406372,79.04517146519252,0.9768953729160048,80.99896221102453,77.09138071936052,0.010845272744022902,-0.00816193355329828,1.1946565867837073,80.58811578120014,-0.01189850409398685,-0.9594955444335938,28.673967631558384,-1.577723076624153,-0.7191811801492425,9.564141409737724,0.8801634333066904,3.5109942577776025,64.20216982165368
223,2013-11-19,89.93000030517578,90.05000305175781,88.52999877929688,89.12000274658203,79.91368865966797,1573500,0.0029263056803094933,18.754045846723503,0.00013956914111944708,0.016902082367428347,79.26934378487724,0.969323801853035,81.20799138858331,77.33069618117116,0.01034137998465298,-0.015567680653041557,1.1981525171396317,80.49819216499586,0.0029263056803094933,0.2331695556640625,27.6336891574539,-1.4927617349381848,-0.6930995814928349,9.55902590070452,0.9862769746490677,3.108713036652768,65.2329736569382
224,2013-11-20,89.43000030517578,89.69000244140625,88.29000091552734,88.33000183105469,79.20530700683594,911600,-0.008864334317601696,18.326180373529137,0.0001332733678901286,0.01565471901041558,79.39104352678571,0.8849689113066886,81.16098134939908,77.62110570417234,0.015207431574534526,-0.012747393332866395,1.1875316926642299,80.3258074772412,-0.008864334317601696,-0.7083816528320312,25.63111232917376,-1.4656941291715242,-0.8369325580018939,9.529723576136998,0.9922991844424873,2.286185533220068,65.19967606525915
225,2013-11-21,89.4000015258789,90.18000030517578,89.30000305175781,89.91999816894531,80.63105010986328,1385700,0.0180006006782385,19.576414069084194,0.00015207777293818934,0.009843369557026608,79.7727791922433,0.726354774925859,81.22548874209502,78.32006964239159,0.002908301250478224,-0.0011185511455740508,1.2089079764566313,80.36650649492415,0.0180006006782385,1.4257431030273438,39.17520764876153,-1.3140497559883784,-0.8696742613417555,9.639149802071708,0.9883430769447998,2.766400312619599,65.72231262530539
226,2013-11-22,90.76000213623047,91.83999633789062,90.58999633789062,91.72000122070312,82.24510955810547,1235300,0.020017839852550123,20.720437393350633,0.0001703716372110169,0.013772586718582863,80.29030173165458,1.006636709583239,82.30357515082106,78.2770283124881,0.0013221145258170853,-0.001873135680237927,1.2331077027258106,80.61698690334833,0.020017839852550123,1.6140594482421875,49.8152746920354,-1.0515082568427943,-0.6745015591671305,9.77329090663365,1.789906171514101,2.39461332966616,64.64909488057167
227,2013-11-25,92.13999938964844,92.48999786376953,91.62999725341797,92.08000183105469,82.56792449951172,760800,0.003925035094982654,20.761176071506313,0.0001710422348698753,0.009333629433995636,80.69765908377511,1.2764895493764208,83.25063818252795,78.14467998502226,0.004449707352189382,-0.005535078571834302,1.2379476937349028,80.87711191617012,0.003925035094982654,0.32281494140625,56.170953495463436,-0.8080787307693384,-0.5551845823980943,9.879349299839564,1.7886502284363388,2.8956907089179538,64.01310270053447
228,2013-11-26,92.52999877929688,92.98999786376953,91.93000030517578,92.76000213623047,83.17766571044922,1075600,0.007384722513415154,20.96410130238765,0.00017440219976855997,0.011455717849106026,81.0601806640625,1.5813343591308766,84.22284938232426,77.89751194580074,0.0024856341788964003,-0.006484367038112838,1.2470895939392572,81.183852422074,0.007384722513415154,0.6097412109375,58.345935945464596,-0.5595083931638385,-0.4262116381580771,9.913002014160156,2.0267390641334915,2.7023285698486275,62.393647781221866
229,2013-11-27,93.6500015258789,93.83999633789062,93.19999694824219,93.58999633789062,83.92193603515625,601600,0.008947958786171384,21.22649077071865,0.00017879520255531886,0.006833949591251019,81.66609736851284,1.7663494627226914,85.19879629395822,78.13339844306745,0.0026695141049294688,-0.004805174269136196,1.2582485002284889,81.54893023715164,0.008947958786171384,0.7442703247070312,78.87983536458165,-0.2990113974203581,-0.28306155039647213,10.101524897984095,1.8790016038670718,3.309940097864085,61.87957875351232
230,2013-11-29,94.01000213623047,94.08999633789062,93.27999877929688,93.37999725341797,83.73361206054688,424000,-0.002244037536627941,21.160646120655684,0.00017768767628715076,0.00861607850428487,82.21180071149554,1.7242910763513102,85.66038286419817,78.76321855879291,0.007552378133592554,-0.007765166900812761,1.2554249433635702,81.84022114693767,-0.002244037536627941,-0.188323974609375,77.24383549808928,-0.10653376742014586,-0.2977932107912967,10.147222246442523,2.0020843543314024,3.314300058319962,60.15054703602378
231,2013-12-02,93.58999633789062,94.08000183105469,93.41999816894531,93.73999786376953,84.05644226074219,381100,0.003855443378721901,21.21277113501136,0.00017856415048665496,0.00705207487909867,82.90482003348214,1.213867502409191,85.33255503830053,80.47708502866375,0.0036329092914763055,-0.0018164138860692256,1.2602651631489437,82.13571729544493,0.003855443378721901,0.3228302001953125,77.94384823232286,0.07123469105624736,-0.25733827682670557,10.192284720284599,2.0005416690143405,3.070716787576155,58.12604550285371
232,2013-12-03,93.61000061035156,94.2300033569336,93.38999938964844,93.77999877929688,84.09229278564453,566100,0.00042650538064803456,19.754939005889543,0.0001548641329866729,0.00897344260023717,83.39928327287946,0.7493831336726601,84.89804954022478,81.90051700553414,0.004807227590029056,-0.002350189288203005,1.26080267302207,82.39659402747155,0.00042650538064803456,0.03585052490234375,81.14726913742496,0.21256005291961344,-0.3269242483705166,10.29063960484096,2.065574114151859,3.0599364622543246,55.053470883023316
233,2013-12-04,92.13999938964844,93.02999877929688,90.94999694824219,91.4800033569336,82.02989196777344,872000,-0.024525444003866803,21.34929270386047,0.00018086995990282124,0.022574363412556822,83.36853790283203,0.8068404555597938,84.98221881395162,81.75485699171244,0.016822177475914083,-0.012915155733547162,1.2298809276649416,82.34770041951181,-0.024525444003866803,-2.0624008178710938,65.15139178943969,0.1563407121798832,-0.9212755374212431,10.224682944161552,2.0694836015871467,3.0657279674198867,51.99005292859018
234,2013-12-05,91.94000244140625,92.20999908447266,90.87999725341797,91.13999938964844,81.72502899169922,757300,-0.0037164863778437196,20.826105126060774,0.00017211375187370408,0.0144659755899213,83.24812425885882,0.9886516680290746,85.22542759491697,81.27082092280068,0.011638021170449,-0.011529314333701775,1.225310091950905,82.26467756247013,-0.0037164863778437196,-0.30486297607421875,59.60546632147037,0.08619300596272694,-1.1052136743354466,10.20486559186663,2.0554361534140497,3.0449181119070836,48.92663497415705
235,2013-12-06,90.94999694824219,92.06999969482422,90.81999969482422,91.44999694824219,82.00297546386719,541300,0.0034009956998142243,20.851628761015277,0.00017253588174095198,0.013743815744285839,83.08031136648995,1.0964256830635817,85.27316273261711,80.8874600003628,0.006816962807979668,-0.001429326638591836,1.229477366304569,82.22978394932306,0.0034009956998142243,0.27794647216796875,56.94687051350052,0.052424088547155634,-1.0584213581857975,10.214250837053571,2.05157196825749,2.8340361565949044,45.38568398909008
236,2013-12-09,92.41000366210938,92.8499984741211,91.66000366210938,91.80000305175781,82.31682586669922,871000,0.0038273050588306656,16.13337947628818,0.00010328806878012544,0.01287733757010605,82.85100991385323,1.0582548214790892,84.96751955681141,80.73450027089505,0.011362356679505338,-0.008116004439760892,1.2341829512483444,82.24138953830655,0.0038273050588306656,0.31385040283203125,64.38365401906132,0.05040603337857874,-1.005584611748749,10.332610539027623,2.0242972853622763,3.1918053904135824,42.14792681589603
237,2013-12-10,91.80999755859375,92.04000091552734,90.9000015258789,91.04000091552734,81.63534545898438,672800,-0.008278749824712772,16.551198134704347,0.00010870720622787309,0.012416941727080237,82.55125754220145,1.0637443874046675,84.67874631701079,80.42376876739212,0.010892059978128126,-0.009911731368188723,1.2239654593570337,82.1605836610636,-0.008278749824712772,-0.6814804077148438,58.955249349769076,-0.006112601153873243,-1.1203119059606867,10.286445617675781,2.0224418564427955,3.188879847772414,39.09515214025762
238,2013-12-11,91.87999725341797,91.9800033569336,91.01000213623047,91.0999984741211,81.68915557861328,820500,0.000659152225379378,16.544391562762236,0.00010861781435793563,0.010557262186542356,82.21307373046875,0.8627836205636001,83.93864097159594,80.48750648934156,0.009577763486271366,-0.0094688195820025,1.2247722389133564,82.09772658340356,0.000659152225379378,0.05381011962890625,63.863880062104975,-0.046031378197184836,-1.5437823533508206,10.327041625976562,2.0164749382392855,2.818379439067562,35.766335756214026
239,2013-12-12,90.54000091552734,90.6500015258789,89.2699966430664,89.37000274658203,80.13787078857422,1969600,-0.01899009457315526,17.94334534857032,0.00012776335011827763,0.015241935816855434,81.64815630231585,0.7079847625211041,83.06412582735807,80.23218677727364,0.014137384209782562,-0.014026996461440676,1.2015136982658166,81.83641247742631,-0.01899009457315526,-1.5512847900390625,47.28530920648146,-0.20053141322628676,-1.8411519139602348,10.183195386614118,2.0149229186314477,2.8162102178841932,32.43751937217045
240,2013-12-13,89.33999633789062,89.4000015258789,87.81999969482422,88.0999984741211,78.9990463256836,1036800,-0.014210815082611239,18.5217098298601,0.00013613243453235548,0.017685268589882196,81.21517835344586,1.1949356164196123,83.60504958628509,78.82530712060664,0.01455118765441967,-0.017013618819925445,1.1844392092805367,81.45809699052728,-0.014210815082611239,-1.138824462890625,31.1457175624343,-0.410139586847464,-1.3761229843413016,10.044137137276786,1.7057578698660665,2.8241366938044323,30.24464492015878
241,2013-12-16,88.72000122070312,89.33000183105469,87.97000122070312,88.22000122070312,79.10665130615234,1298100,0.0013621048034571093,17.857021208535667,0.0001265369866833699,0.015329132006754318,80.84112439836774,1.4008182650985552,83.64276092856485,78.03948786817062,0.012511278123072657,-0.008453561651044984,1.1860525396169006,81.1445708992773,0.0013621048034571093,0.10760498046875,29.38020067303094,-0.5611046864067504,-1.3593359454968745,10.050284794398717,1.7067731873989542,2.2898061706793276,27.343840960062227
242,2013-12-17,88.37000274658203,88.44000244140625,87.76000213623047,87.91000366210938,78.82868194580078,607400,-0.0035138557347824673,17.348952613193262,0.000119438951101121,0.007694922304413782,80.38765389578683,1.473902366764089,83.335458629315,77.43984916225865,0.005997496467401369,-0.006902801758429911,1.1818849220988144,80.83578570548043,-0.0035138557347824673,-0.2779693603515625,23.02557608658617,-0.6951620246489796,-1.3804201708418038,9.972518920898438,1.3125482101572745,2.299322372401893,25.859331913555554
243,2013-12-18,88.9800033569336,89.9800033569336,88.54000091552734,89.77999877929688,80.5055160522461,874100,0.021271878015139523,18.496527031032738,0.00013576250484512864,0.016183438829844014,80.12889535086495,1.2150325251543117,82.55896040117358,77.69883030055632,0.0022477474723665964,-0.004944958696407643,1.207025833989633,80.79174975171586,0.021271878015139523,1.6768341064453125,31.006960202571165,-0.6585060843001003,-1.1212495695937437,10.007446834019252,2.020929718111086,2.133206169015997,23.135082071471658
244,2013-12-19,90.43000030517578,91.08000183105469,89.94000244140625,90.83999633789062,81.45599365234375,721000,0.011806366156088322,18.891529031343072,0.00014162296394526892,0.01260642912530422,80.103273664202,1.1793378722006027,82.46194940860322,77.7445979198008,0.0026540472448757222,-0.005418532147693536,1.2212764229455724,80.8803156051329,0.011806366156088322,0.9504776000976562,38.32712149909833,-0.5464611249386451,-0.9743442495365763,10.036477225167411,1.9161737839599857,2.7854665530786504,21.547418789913507
245,2013-12-20,91.44999694824219,91.77999877929688,91.23999786376953,91.4800033569336,82.02989196777344,732300,0.0070455013768429,18.649481831009492,0.0001380171319702987,0.0059048762553044944,80.15195029122489,1.2599786799724895,82.67190765116987,77.63199293127991,0.0032804311905343113,-0.0022963268614597013,1.2298809276649412,81.03359245348499,0.0070455013768429,0.5738983154296875,39.87443296611139,-0.4066680732116197,-0.8856428264837813,10.034878322056361,1.9112814991386526,3.384369007517481,20.992701897694154
246,2013-12-23,92.56999969482422,92.66000366210938,91.68000030517578,92.23999786376953,82.71138763427734,495500,0.008307894234112156,17.870344980707415,0.00012672588481329138,0.010586619424914914,80.51959555489677,1.5879576844291474,83.69551092375507,77.34368018603847,0.004537169706432732,-0.00961433933868965,1.2400986483325331,81.25729847759064,0.008307894234112156,0.6814956665039062,43.51854504410303,-0.23814488181591287,-0.9579919768251565,10.067489079066686,2.3252452974750417,2.9182275728760723,19.27622572381888
247,2013-12-24,91.97000122070312,92.8499984741211,91.97000122070312,92.6500015258789,83.07903289794922,135800,0.004444917129156067,16.5799345789141,0.00010908501215915514,0.009568307510469783,81.10245077950614,1.6827688348767784,84.46798844925969,77.73691310975259,0.0021745889484360115,0.0,1.2456107840563497,81.50019640030511,0.004444917129156067,0.367645263671875,55.85589805653665,-0.07406931331479427,-0.9196409835180978,10.153267996651786,1.5579518825723306,3.0689711628176073,20.14318071776136
248,2013-12-26,92.9000015258789,93.66999816894531,92.56999969482422,93.47000122070312,83.81432342529297,273500,0.008850494543514387,16.793334761896535,0.00011191114778774688,0.011840672293365571,81.7749753679548,1.692890927991076,85.16075722393694,78.38919351197265,0.002152819644319111,-0.003552226325451241,1.2566350555039831,81.80874667030349,0.008850494543514387,0.73529052734375,61.12698466874377,0.11397967060740655,-0.6676279796291157,10.182615007672991,1.9395963184489606,2.576754025391802,19.68960977604848
249,2013-12-27,94.77999877929688,94.83000183105469,93.9000015258789,94.06999969482422,84.35234832763672,925000,0.006419247693663088,16.748669049281187,0.00011131663290569411,0.00981220001217097,82.56407056535993,1.3415653788481483,85.24720132305622,79.88093980766364,0.008018591960527422,-0.009284630351885904,1.2647017071858033,82.14789355794792,0.006419247693663088,0.53802490234375,62.17482032535561,0.30293194742165497,-0.48198782965838227,10.23052270071847,1.7006164633537995,3.190986582680291,20.460182932458775
250,2013-12-30,94.26000213623047,94.29000091552734,93.43000030517578,93.44000244140625,83.78742980957031,664100,-0.00669712852417792,16.657006399046274,0.00011010153261026514,0.009123706671559753,83.03291538783482,1.0423562153719474,85.11762781857871,80.94820295709093,0.00901759447122251,-0.008805451010441489,1.2562318373080328,82.36649839149757,-0.00669712852417792,-0.5649185180664062,57.4276234918751,0.4024545395252801,-0.5618914424520249,10.165567670549665,1.7063938113266068,2.606467073852374,20.140793655482497
251,2013-12-31,93.41999816894531,93.97000122070312,93.33000183105469,93.69999694824219,84.02053833007812,240300,0.0027821419160083405,16.663587642339493,0.00011018855282298769,0.006850775018117975,83.39927891322544,0.8234278115872304,85.0461345363999,81.75242329005098,0.0028902192009536173,-0.000963351955197764,1.2597268525588317,82.58703704997498,0.0027821419160083405,0.2331085205078125,62.61848293409838,0.4944372553219125,-0.5289199388353464,10.198381696428571,1.58908856015741,2.606289777282623,20.119997134315835
252,2014-01-02,92.62000274658203,92.81999969482422,92.0199966430664,92.36000061035156,82.81900024414062,647100,-0.014300528297226611,17.337197799955778,0.00011927715379158373,0.00863747600987126,83.51200866699219,0.6378018123605464,84.78761229171329,82.23640504227109,0.004966519875099352,-0.006478148193941477,1.2417120930570378,82.61796547586374,-0.014300528297226611,-1.2015380859375,55.3300014900437,0.465019681010034,-0.6988687560633186,10.088010515485491,1.600695734447663,2.5592218875503816,20.212339891160266
253,2014-01-03,92.36000061035156,92.56999969482422,91.91000366210938,92.04000091552734,82.53204345703125,1084100,-0.003464866591765925,17.359173688883423,0.00011957972665111987,0.007145907626172887,83.48638807024274,0.6776786088019137,84.84174528784656,82.13103085263892,0.005738401643508365,-0.004872205990346784,1.2374097263092128,82.60650920668608,-0.003464866591765925,-0.286956787109375,62.82420231090566,0.41378121463149853,-0.7394567050726303,10.144450051443917,1.5329264939665883,2.5643383948753584,20.487240912557787
254,2014-01-06,91.05999755859375,91.08999633789062,89.98999786376953,90.1500015258789,80.8373031616211,745100,-0.02053433096313062,16.71600301646734,0.00011088284001847015,0.012079930854525724,83.16614096505302,1.2171890389323137,85.60051904291764,80.7317628871884,0.010322807349153142,-0.01175049114333342,1.2120003454521826,82.37061506734409,-0.02053433096313062,-1.6947402954101562,59.29304024783086,0.2337287035656601,-0.979165385208902,10.094151633126396,1.5356856690383558,2.568954049052232,20.762141933955306
255,2014-01-07,88.97000122070312,89.5999984741211,88.80999755859375,89.38999938964844,80.15579986572266,840200,-0.008430554573745308,16.903878849527178,0.00011338933339662377,0.008879407718199651,82.64349474225726,1.6134432358632629,85.87038121398379,79.41660827053073,0.002360335861429548,-0.0017984001339110074,1.20178251039645,82.07530637379456,-0.008430554573745308,-0.6815032958984375,55.012941185048014,0.035633411136814175,-1.0755590663001968,9.982133047921318,1.5460724860776696,2.5863295160686155,21.037042955352828
256,2014-01-08,89.27999877929688,89.7300033569336,88.95999908447266,89.62999725341797,80.37101745605469,785000,0.0026849908639494657,16.882897939538204,0.00011310803287177093,0.00862459994387336,82.07473318917411,1.6123863764774529,85.29950594212902,78.8499604362192,0.0011201400636534887,-0.0035842260214997163,1.2050092854573187,81.84806785142925,0.0026849908639494657,0.21521759033203125,57.413898699174474,-0.10280717727681576,-1.2987253212168701,9.999336787632533,1.5517798747881428,2.667719325285582,21.53378126437239
257,2014-01-09,90.76000213623047,90.76000213623047,89.66000366210938,90.13999938964844,80.82832336425781,824000,0.00568993553494801,16.96080196087135,0.00011415428696662583,0.012119859500113272,81.65200369698661,1.4701499433434113,84.59230358367343,78.7117038102998,0.006831233274448464,-0.012119859500113272,1.2118657106105846,81.71210191980639,0.00568993553494801,0.457305908203125,51.75780357435155,-0.17362019059576994,-1.3258585597436932,9.944884163992745,2.049587464483743,2.270385453677741,20.7113207724699
258,2014-01-10,90.27999877929688,91.06999969482422,90.08000183105469,91.06999969482422,81.66223907470703,759800,0.010317122460788086,17.15182443914909,0.00011674011174261569,0.010965860402698176,81.31510380336216,1.0459192784348097,83.40694236023178,79.22326524649255,0.0,-0.0022152963108817746,1.2243686775529838,81.70545354045981,0.010317122460788086,0.8339157104492188,51.13752176536578,-0.16059870343836735,-1.1873344536622334,9.921112060546875,2.044499138661066,2.465846170616196,20.090321918155958
259,2014-01-13,90.08000183105469,90.7699966430664,90.05000305175781,90.36000061035156,81.02558898925781,1158100,-0.007796138002863162,17.36409479078149,0.00011964753488223985,0.00799282389735009,81.05890219552177,0.80894193219591,82.67678605991358,79.44101833112995,0.004551465634778655,-0.00033302374208581614,1.2148233303763978,81.61480493363288,-0.007796138002863162,-0.6366500854492188,44.498966121895656,-0.19935340033448767,-1.2930902067539103,9.834237234933036,2.056679493643758,2.4275541356629122,19.694356584197504
260,2014-01-14,90.19999694824219,91.41000366210938,90.12999725341797,91.19000244140625,81.76985168457031,1124600,0.009185526505844699,16.257087684989514,0.00010487813491961797,0.014190758891332212,80.95001765659877,0.6025826911291069,82.15518303885699,79.74485227434056,0.0024390380060585175,-0.0007760498580103655,1.2259821222774887,81.63547783375788,0.009185526505844699,0.7442626953125,44.87798966209649,-0.16807355012464598,-1.1694586175344146,9.816687447684151,2.34883832204551,2.411022417406525,18.966762238512167
261,2014-01-15,90.29000091552734,90.75,89.0999984741211,89.44000244140625,80.20064544677734,1521800,-0.01919052322421022,16.922458024929927,0.00011363872444663286,0.018274465712129064,80.85906655447823,0.6670313371606982,82.19312922879963,79.52500388015683,0.014508777775064428,-0.013179781031562744,1.202454883887456,81.44416684882714,-0.01919052322421022,-1.5692062377929688,36.15179740769236,-0.26683002206196704,-1.4301239205428273,9.733940124511719,2.35201104408912,2.414279135376232,17.85331356632791
262,2014-01-16,86.56999969482422,86.66999816894531,84.83999633789062,85.22000122070312,76.41656494140625,2774700,-0.04718266897094092,23.705663852197752,0.00022299940423547402,0.02113898391481799,80.32489013671875,1.8217853083412248,83.9684607534012,76.6813195200363,0.01674941611821305,-0.019983866963522997,1.1457198531485029,80.77381992783769,-0.04718266897094092,-3.7840805053710938,22.481503239593707,-0.6430265002525886,-0.8431858623349447,9.439539228166852,2.396338481632962,2.3865716424833447,17.168356563376342
263,2014-01-17,83.69000244140625,84.4800033569336,83.27999877929688,84.4000015258789,75.68128204345703,3130400,-0.009622035464601275,23.86370796605803,0.0002259827610671829,0.014338684940018685,79.65492793491909,2.5275954709783677,84.71011887687582,74.59973699296235,0.000955930561845772,-0.004899075757542608,1.1346956960890102,80.09481487658694,-0.009622035464601275,-0.7352828979492188,18.21150672670825,-0.9890944394092429,-0.6901648738863407,9.228664943150111,2.4112832010183993,2.401455451162097,15.87711346857126
264,2014-01-21,85.30000305175781,87.27999877929688,84.87999725341797,87.1500015258789,78.14718627929688,3920300,0.03258274925131288,25.508326312108025,0.0002582042504940405,0.028136007503102294,79.27190835135323,2.5232892966061415,84.31848694456552,74.22532975814094,0.001524000571712639,-0.004923866158422002,1.1716672014312224,79.83513106361494,0.03258274925131288,2.4659042358398438,31.852116244177182,-1.052248248260895,-0.4801507322504211,9.347312382289342,3.023417649492836,2.3961906915306845,16.299519484247483
265,2014-01-22,91.43000030517578,92.29000091552734,90.1500015258789,91.29000091552734,81.8595199584961,3541200,0.04750438059191775,30.35482147945069,0.00036564094724179377,0.023405877529317845,79.30009133475167,2.555335142557672,84.41076161986702,74.18942104963632,0.010937329067726043,-0.013999767855457562,1.2273265260950783,80.10504958293242,0.04750438059191775,3.7123336791992188,44.31876029195557,-0.7935957167041465,-0.14889713673809027,9.630186898367745,2.9714602543790285,4.218796388017672,16.245159984805728
266,2014-01-23,90.16999816894531,90.16999816894531,87.27999877929688,88.38999938964844,79.25910186767578,2320300,-0.03176683777450395,32.20677778470109,0.0004116176727274266,0.032050565025338526,79.04773603166852,2.441208093427208,83.93015221852293,74.1653198448141,0.019740477048272906,-0.032050565025338526,1.1883382434442704,79.99225655423155,-0.03176683777450395,-2.6004180908203125,41.28235605797626,-0.7893446554450065,-0.4328198617182643,9.595259530203682,3.0005569497334963,3.6279017754530503,15.371230585081465
267,2014-01-24,90.04000091552734,90.08999633789062,87.4800033569336,87.58999633789062,78.54174041748047,2351400,-0.009050840008166583,32.106064387726654,0.00040904736923367033,0.028987038587501165,78.58657727922711,2.1258107434426954,82.8381987661125,74.33495579234173,0.027765437300977153,-0.02843178068151574,1.1775827841272706,79.79885440266473,-0.009050840008166583,-0.7173614501953125,40.43009383326508,-0.8342440860359659,-0.5258887057044317,9.67239488874163,2.5700891970192536,3.721532866195575,15.704195379351962
268,2014-01-27,88.44000244140625,88.51000213623047,87.05000305175781,87.62000274658203,78.56864166259766,1931700,0.00034250890003462153,32.02938795522018,0.0004070959098357154,0.016508356446958975,78.35343388148716,2.005369568229884,82.36417301794692,74.3426947450274,0.0100633125857056,-0.015716862859307897,1.1779861167113617,79.63482603732245,0.00034250890003462153,0.0269012451171875,44.0859727462862,-0.8577686792128532,-0.5229029966323979,9.773131234305245,2.5722180228097837,3.58360495963964,14.931464493235328
269,2014-01-28,87.87999725341797,88.0999984741211,86.3499984741211,86.44000244140625,77.51055145263672,1367900,-0.013467080346186489,31.969288311803346,0.0004055696012552402,0.0199135190566012,78.5097176688058,1.8671305870086328,82.24397884282307,74.77545649478854,0.018889350075056818,-0.017410091341774226,1.1621220830309176,79.35158942603103,-0.013467080346186489,-1.0580902099609375,43.23705627678606,-0.9508305432746766,-0.6403380642342368,9.828035627092634,2.184756560017842,3.6021642324700722,15.426011914406265
270,2014-01-29,85.5999984741211,86.72000122070312,85.3499984741211,85.6500015258789,76.8021469116211,1255500,-0.009139459437964348,31.8135264472501,0.00040162716865471476,0.01600470526872983,78.66984122140067,1.6152054932753037,81.90025220795128,75.43943023485006,0.01249999665768341,-0.0029205607997245574,1.1515009153910938,79.01166375744303,-0.009139459437964348,-0.708404541015625,41.100125608397846,-1.069417487982193,-0.718962300977426,9.801981789725167,2.2042156359538625,2.9784066309309742,14.686501506374327
271,2014-01-30,87.20999908447266,87.3499984741211,85.02999877929688,85.2300033569336,76.42554473876953,1619700,-0.004903537049360529,31.802310782921474,0.0004013440361640964,0.026602450626986466,78.42389242989677,1.8254495140553524,82.07479145800747,74.77299340178607,0.024309083126282886,-0.024997137118006465,1.145854487990101,78.66684788828657,-0.004903537049360529,-0.3766021728515625,38.976194596915825,-1.1801827320918363,-0.7607605344470045,9.813329424176898,2.507330976263349,2.9694715789474477,14.094531435084113
272,2014-01-31,83.80000305175781,85.13999938964844,83.76000213623047,84.62999725341797,75.88751983642578,828300,-0.007039856950745604,31.713303529487508,0.00039910064315611273,0.01646774705444383,77.57074955531529,1.2601769476735067,80.0911034506623,75.05039565996827,0.006085944124792854,-0.00047733787673775844,1.1377878363082807,78.29627081470512,-0.007039856950745604,-0.53802490234375,35.323626954900405,-1.2964346080673579,-0.8204747158876811,9.704242161342076,2.5255598518849425,2.9910603235475555,13.34178808264404
273,2014-02-03,85.45999908447266,85.73999786376953,83.93000030517578,84.55999755859375,75.82474517822266,1136900,-0.0008272066123445887,31.539500056939474,0.00039473812057209707,0.021179470839973492,77.0801271711077,1.1576773531271531,79.39548187736202,74.7647724648534,0.013807633019155708,-0.01790309847516559,1.1368466506866413,77.96673406317413,-0.0008272066123445887,-0.062774658203125,36.384974369155266,-1.3777486191519301,-0.8274419349020584,9.75743647984096,2.808041000232541,2.9755439853570387,12.382465646683153
274,2014-02-04,84.33000183105469,84.81999969482422,83.91999816894531,84.08999633789062,75.40330505371094,1074500,-0.005558081646316659,31.54331690214892,0.00039483366713864823,0.010672376453660634,76.63177926199776,1.1037518834907813,78.83928302897932,74.4242754950162,0.008656508254275509,-0.004861895567496482,1.1305279641827832,77.62494352857904,-0.005558081646316659,-0.42144012451171875,33.046796656476175,-1.4593744939609934,-0.8742166324148425,9.658210754394531,2.818534671322739,2.9866636164073572,11.321656043478411
275,2014-02-05,84.7699966430664,85.48999786376953,84.19000244140625,85.16000366210938,76.3627700805664,854400,0.01272444259800043,31.4645745655163,0.0003928648621384661,0.01533556062101852,76.31665475027901,0.6994539653057416,77.7155626808905,74.91774681966753,0.0038928183877325593,-0.006841975045749819,1.1449133023684614,77.45665373551068,0.01272444259800043,0.9594650268554688,39.43728277722624,-1.430156821153858,-0.7677277534613818,9.737249646868024,3.126203434694587,2.9642558763932603,10.249553948308304
276,2014-02-06,86.2300033569336,87.05999755859375,86.19000244140625,86.83999633789062,77.86922454833984,568400,0.019727603728676435,32.29911239365191,0.00041398121484831644,0.01008923905043018,76.36789376395089,0.8064449437487082,77.9807836514483,74.75500387645347,0.002551330304284803,-0.0004638862805300744,1.1674996983012769,77.51166317722124,0.019727603728676435,1.5064544677734375,54.571142810910835,-1.2707943926517657,-0.6005297389663824,10.03924070085798,3.0968020665722236,3.9086866817200296,9.60270078448328
277,2014-02-07,86.68000030517578,87.61000061035156,86.38999938964844,87.55999755859375,78.51484680175781,761400,0.008291109320308854,32.44171173303948,0.00041764470641652044,0.014074771762896234,76.61256517682757,1.1477444207459413,78.90805401831946,74.31707633533568,0.0005768695383221722,-0.003345649682814173,1.1771795659313204,77.64542099382612,0.008291109320308854,0.6456222534179688,58.967092260362705,-1.0799531718415523,-0.6149069267399137,10.15905053274972,3.361466433051239,3.8326590706445036,8.655200056703418
278,2014-02-10,87.41999816894531,87.66000366210938,87.05000305175781,87.54000091552734,78.49690246582031,299000,-0.00022854704133612458,32.354592501944715,0.00041540462538368925,0.006977815409841273,76.90847342354911,1.3420582496805094,79.59258992291014,74.22435692418809,0.0013727150434173824,-0.004232385323006509,1.1769105250244054,77.75895185675869,-0.00022854704133612458,-0.0179443359375,51.309618228486926,-0.9195579951921928,-0.6170106006561459,9.98379625592913,2.8785251599416783,4.178509917457923,9.289010598341848
279,2014-02-11,87.93000030517578,89.61000061035156,87.91999816894531,89.61000061035156,80.35306549072266,375000,0.023646321913282753,33.26873728796259,0.0004392098733077267,0.019219861657464046,77.54640851702008,1.7692212067750461,81.08485093057017,74.00796610347,0.0,-0.00011375112243551305,1.2047401301622631,78.10483367462055,0.023646321913282753,1.8561630249023438,43.44772890174945,-0.6353429802160946,-0.5315037057932255,9.76738793509347,3.8152676571002555,3.956401566124891,8.930639841166927
280,2014-02-12,88.66999816894531,88.9000015258789,87.86000061035156,87.93000030517578,78.84661865234375,1205000,-0.018747845264880825,33.78122417127863,0.00045284567718657895,0.0117288929401555,77.97810472760882,1.6433072591169062,81.26471924584264,74.691490209375,0.010939452359691671,-0.00913496758002002,1.1821538486175887,78.20373833831698,-0.018747845264880825,-1.5064468383789062,48.017230819784196,-0.5255994202027523,-0.7762066326376877,9.784277779715401,3.8257087445957327,3.9672288890368965,8.6232764634957
281,2014-02-13,87.6500015258789,88.61000061035156,87.52999877929688,88.47000122070312,79.33084106445312,1823900,0.006141321218154472,33.680953353905046,0.0004501613566777488,0.012321754846014624,78.53918130057198,1.238238417969635,81.01565813651125,76.06270446463272,0.0015972548455358815,-0.0013691128863996666,1.189413835131227,78.3540187018018,0.006141321218154472,0.484222412109375,53.880101709692205,-0.3950008326713004,-0.7571217482142647,9.708026885986328,3.5240820570171048,3.979288016802067,8.84995551080328
282,2014-02-14,89.0199966430664,89.20999908447266,88.5999984741211,89.18000030517578,79.96749114990234,1176200,0.00802525319165559,33.167588001652945,0.0004365432118442031,0.006852399835482068,79.05414145333427,0.8800020637298835,80.81414558079403,77.2941373258745,0.00033698922071585526,-0.0047180204985777805,1.1989591823078132,78.56914836154854,0.00802525319165559,0.6366500854492188,56.4891904633144,-0.23739166659034083,-0.6482926453921706,9.701662336077009,3.508643107936291,4.483278793015796,9.368471396483212
283,2014-02-18,89.94999694824219,89.9800033569336,89.04000091552734,89.68000030517578,80.41583251953125,3076900,0.005606545399660767,28.388517890420918,0.00031980474127569364,0.010450277635330366,79.41794259207589,0.8336803345392063,81.08530326115431,77.75058192299747,0.0033352202549871814,-0.010116687755292102,1.205681201395762,78.81537291594624,0.005606545399660767,0.44834136962890625,64.28561246026261,-0.0754382600711665,-0.5376477428281252,9.736030578613281,3.817953885357405,4.407183261662234,9.69987904817202
284,2014-02-19,89.45999908447266,89.5,88.16999816894531,88.19999694824219,79.08872985839844,1898900,-0.01650300220184242,28.857461346367735,0.0003304575695861538,0.014867000275719123,79.4999258858817,0.7545293892516536,81.008984664385,77.99086710737839,0.014531668511758912,-0.014419862829522942,1.1857838418744078,78.8518205082732,-0.01650300220184242,-1.3271026611328125,60.598540073710645,-0.05355773209014103,-0.7510082574073802,9.727081843784877,3.7993760347290717,4.385738269191042,10.031286699860832
285,2014-02-20,88.93000030517578,89.05999755859375,88.0999984741211,88.87999725341797,79.6984634399414,1397400,0.00770948759241219,26.774985286508585,0.00028448406233839307,0.010794996977153769,79.67157745361328,0.6114189711529391,80.89441539591915,78.44873951130741,0.0020240672951544465,-0.009333203960490494,1.1949256276906213,78.96470623249563,0.00770948759241219,0.6097335815429688,64.84938357757619,0.012835192144464713,-0.6529803696453191,9.685897282191686,2.483860398250013,4.420029802278126,10.815635522004877
286,2014-02-21,89.62999725341797,89.69000244140625,88.55000305175781,88.91000366210938,79.72537994384766,605000,0.00033772927035835565,20.783492716800257,0.00017141014663067016,0.012718949286869074,79.58190808977399,0.5362187907417258,80.65434567125745,78.50947050829053,0.008702430025647807,-0.012049472662668988,1.1953291890509938,79.06612939400924,0.00033772927035835565,0.02691650390625,68.25939111648005,0.06685335597725839,-0.692180632685255,9.777117592947823,2.843244766348747,1.9265463124695397,10.904742675015187
287,2014-02-24,89.38999938964844,90.22000122070312,89.33000183105469,89.33999633789062,80.11094665527344,490800,0.004836185311344332,17.62247330429701,0.00012323474815899215,0.009956364198739456,79.7625263759068,0.4538821505004615,80.67029067690773,78.85476207490588,0.00984455631302316,-0.000671188712422095,1.2011100225173035,79.2054383621778,0.004836185311344332,0.38556671142578125,69.7847766662605,0.13917087606282053,-0.6046110584992624,9.822984967912946,2.813124688447897,2.28445330998912,10.947914862129227
288,2014-02-25,88.33000183105469,88.44000244140625,86.56999969482422,86.62999725341797,77.68091583251953,1349600,-0.030333318032186085,20.40811552884605,0.0001652742775550503,0.021170640867399865,79.52682277134487,0.9123149091778533,81.35145258970057,77.70219295298917,0.02049139760520108,-0.01992530397086095,1.16467637021264,79.0021686915567,-0.030333318032186085,-2.4300308227539062,58.86874491622654,0.000395296239943832,-1.0794507340921398,9.775399344308036,2.8476797129163303,2.2143163501716545,10.672243698411014
289,2014-02-26,86.69000244140625,87.08999633789062,85.45999908447266,85.91999816894531,77.04426574707031,1408100,-0.008195707769741545,20.580170319436,0.00016807278189563254,0.018802597848808267,79.10921914236886,1.2742358614365623,81.65769086524199,76.56074741949573,0.01349634486094419,-0.014188526038685404,1.1551310230360539,78.74111496562519,-0.008195707769741545,-0.6366500854492188,52.72209656746137,-0.15912341609291047,-1.768010411874923,9.726998465401786,2.855519433994008,2.2204124088275305,10.485689737452152
290,2014-02-27,86.26000213623047,86.37999725341797,85.0199966430664,86.0199966430664,77.13392639160156,1547100,0.0011637549357093047,20.06789308901579,0.00015980965596514577,0.015766294651879474,78.64037540980748,1.3164285015617756,81.27323241293102,76.00751840668393,0.004173436139996998,-0.01437520823620803,1.156475312465503,78.52682315575537,0.0011637549357093047,0.08966064453125,46.68815981999083,-0.27513667586580937,-1.5165506363936472,9.629748753138951,2.858272302906827,2.222553001611152,9.915157840164518
291,2014-02-28,87.04000091552734,87.2699966430664,85.6500015258789,86.13999938964844,77.24153137207031,1534500,0.0013950408789311641,19.803734951252647,0.00015563012619820052,0.018612076058681475,78.3764899117606,1.3944053712443347,81.16530065424926,75.58767916927194,0.012982505072749659,-0.01596966193735955,1.158088642801867,78.3554509179307,0.0013950408789311641,0.10760498046875,43.97277608525133,-0.3543109216804936,-1.4958573891354583,9.657984052385602,3.2818822264814327,2.2124499926455647,10.130685008586962
292,2014-03-03,85.01000213623047,86.16999816894531,84.81999969482422,86.0,77.11598205566406,4305500,-0.0016254120571675967,19.72665219742434,0.0001544209551262484,0.015880466300397102,78.00756399972099,1.3263181985092238,80.66020039673944,75.35492760270253,0.001999743144023059,-0.0022350598356857673,1.1562062715585881,78.19018840296181,-0.0016254120571675967,-0.12554931640625,43.52934531274354,-0.4223196247337597,-1.4266695300435581,9.642506190708705,2.9966331795511056,2.2301667444217252,10.427161979403497
293,2014-03-04,88.66999816894531,89.43000030517578,88.29000091552734,89.37999725341797,80.14680480957031,3451000,0.039302135213924005,23.638382645360323,0.00022173537067002847,0.012856652906165243,78.06776755196708,1.423306486840192,80.91438052564746,75.2211545782867,0.0005639230042899105,-0.004285522287865055,1.2016476467785706,78.45107059050962,0.039302135213924005,3.03082275390625,49.12935635813002,-0.22901500288571697,-0.8654062156942253,9.72828619820731,2.94422709132098,3.877049828090293,10.67654513101468
294,2014-03-05,89.27999877929688,89.87999725341797,89.19000244140625,89.87000274658203,80.5862045288086,926400,0.0054824358910163795,23.620498312526635,0.00022139997640161635,0.007728436620137159,78.13566153390067,1.543291122976236,81.22224377985314,75.0490792879482,0.00011194564261413413,-0.0010080235116613177,1.2082356029656247,78.73575511561614,0.0054824358910163795,0.43939971923828125,58.069888945281,-0.039903825796187675,-0.7840359203095838,9.813018798828125,2.6542587086106804,4.3168134267762674,11.674314708797406
295,2014-03-06,90.33000183105469,91.79000091552734,90.30999755859375,91.52999877929688,82.07472229003906,1347800,0.018471123810010592,23.98618492919371,0.0002283083601021742,0.016384405257753257,78.76334817068917,2.115102729228879,82.99355362914693,74.53314271223141,0.0028783585847452315,-0.0002214576780187798,1.2305530723796656,79.18095073887254,0.018471123810010592,1.4885177612304688,61.643837390456376,0.22745710388261386,-0.39387043385743,9.915905543736049,3.5447066392548146,4.27095901619403,11.97889023103332
296,2014-03-07,91.29000091552734,91.3499984741211,90.66000366210938,91.12999725341797,81.71604919433594,1267400,-0.004370079918584846,23.947491812520937,0.00022757236671061784,0.007558273689253068,79.43074580601284,2.2168753934892655,83.86449659299137,74.9969950190343,0.0024099158560278357,-0.006901054300579087,1.2251754571093063,79.51896386626765,-0.004370079918584846,-0.358673095703125,57.599406337309425,0.4057237151830577,-0.44532997946522,9.87277112688337,3.2350872268273267,4.456691976472803,12.608552899020662
297,2014-03-10,90.72000122070312,90.9800033569336,90.05000305175781,90.68000030517578,81.31253814697266,1500400,-0.004937965691459878,23.33722478280941,0.00021612145260451328,0.010251325977314325,80.02769034249442,2.0517708853646988,84.13123211322382,75.92414857176503,0.003306911901687112,-0.0073853412690697015,1.2191255827360818,79.758107103695,-0.004937965691459878,-0.40351104736328125,53.91241708836784,0.5085787405981961,-0.5032225155762217,9.819302695138115,3.2576317683568687,3.5153239646212224,12.237860444489618
298,2014-03-11,90.22000122070312,91.18000030517578,89.81999969482422,90.30000305175781,80.9718017578125,1096700,-0.004190453242823078,23.32492749342256,0.00021589374705294415,0.015074269474067332,80.56058611188617,1.6532494188209872,83.86708494952813,77.2540872742442,0.009753904250846235,-0.004433623591961517,1.2140168939844969,79.91993305757734,-0.004190453242823078,-0.34073638916015625,58.98980598295704,0.5561861426787829,-0.552108646061832,9.875252314976283,3.0855537268222384,3.513159984441515,12.234548993477238
299,2014-03-12,90.12000274658203,90.95999908447266,89.87999725341797,90.94000244140625,81.54566955566406,1046900,0.0070872548886586895,23.391401652500683,0.00021712606002722667,0.0119840412576513,81.19339861188617,0.6709859053365405,82.53537042255925,79.85142680121308,0.00022188906410308183,-0.0026631767182582022,1.2226209411513027,80.1366979239889,0.0070872548886586895,0.5738677978515625,58.84888510414344,0.6329257134516979,-0.46977468661473865,9.876461574009486,3.0729654850920882,3.208465604402344,11.460074501022515
300,2014-03-13,91.41000366210938,91.58000183105469,89.44999694824219,89.83000183105469,80.55035400390625,1543000,-0.012205621183579818,22.474480109372923,0.00020043740324865027,0.02330166062224341,81.2510484967913,0.576803797832052,82.4046560924554,80.0974409011272,0.01914451296237501,-0.021441927965698524,1.207698093092498,80.19185206797789,-0.012205621183579818,-0.9953155517578125,53.61643349977759,0.6064380885500498,-0.6125745972950134,9.879518236432757,2.4420888029525245,3.2253032471601357,12.031677226490972
301,2014-03-14,89.0999984741211,90.23999786376953,89.0999984741211,89.4800033569336,80.23648834228516,2437500,-0.0038965149874558014,21.46188174064,0.00018278268565445084,0.012794606163540485,81.20108904157367,0.6539697880827376,82.50902861773915,79.89314946540819,0.008529680357476957,0.0,1.2029922793724415,80.19780357121886,-0.0038965149874558014,-0.31386566162109375,50.553817758113404,0.5537369839131827,-0.6576055308174944,9.822019849504743,2.4285884280750896,3.2074730999200245,12.60327995195943
302,2014-03-17,90.43000030517578,90.91999816894531,90.4000015258789,90.62999725341797,81.2677001953125,1192000,0.012852155849945035,21.791010389169493,0.00018843179911940175,0.005750266961313325,81.08580017089844,0.5345122744797445,82.15482471985793,80.01677562193895,0.0032069104782558038,-0.0003317348136197896,1.2184533236332167,80.34045645443135,0.012852155849945035,1.0312118530273438,68.05055246646,0.5883984658903216,-0.5096555060794332,9.990195138113839,2.4178257004682657,3.819388751256668,13.384436649217914
303,2014-03-18,90.5999984741211,91.73999786376953,90.54000091552734,91.72000122070312,82.24510955810547,519600,0.012027033623985162,21.99122129945912,0.0001919102437467397,0.01324499965179308,81.16138022286552,0.6609359832026195,82.48325218927076,79.83950825646028,0.00022071350334644955,-0.0006622247196934297,1.23310770272581,80.5944102015879,0.012027033623985162,0.9774093627929688,75.30542016385593,0.6868194796747957,-0.36942463210343573,10.066139221191406,2.8047556800954143,3.294624806373396,13.186160301945236
304,2014-03-19,91.73999786376953,92.27999877929688,90.44999694824219,90.98999786376953,81.59049987792969,570200,-0.007959253549456369,22.167924203261574,0.00019500669185775783,0.019947698644730425,81.20108904157367,0.6796170087767239,82.56032305912711,79.84185502402022,0.014061488397274075,-0.014061488397274075,1.2232930858660276,80.72722215843348,-0.007959253549456369,-0.6546096801757812,70.55407455783539,0.7038833823161355,-0.43290887576869225,10.11607905796596,2.6940034969672286,3.2942707741791866,13.32236415663224
305,2014-03-20,90.30000305175781,92.54000091552734,90.25,92.4800033569336,82.9266128540039,868800,0.016375840055805835,21.861263725629975,0.00018964875066727955,0.02535992068809532,81.48034776960101,0.9264841589062123,83.33331608741344,79.62737945178858,0.0006644247681737157,-0.0005537436330888266,1.2433255377815429,81.02047425117621,0.016375840055805835,1.3361129760742188,73.55123651458577,0.8158155846727766,-0.24525732401993922,10.174181256975446,2.7938340973225575,3.265024029012527,13.351560025788807
306,2014-03-21,93.79000091552734,93.83000183105469,92.19999694824219,92.38999938964844,82.84590148925781,1046500,-0.0009732866442789812,21.799824037840626,0.00018858425717492596,0.017379303410824956,81.66609518868583,1.0621670207553922,83.79042923019661,79.54176114717505,0.015353475075698089,-0.01695280895366666,1.242115425641129,81.2638645495871,-0.0009732866442789812,-0.08071136474609375,73.82549441346099,0.8877761974833192,-0.9826892647275521,10.315247126988002,2.7814941779771045,4.174605591606085,12.9697779644563
307,2014-03-24,92.33999633789062,92.54000091552734,90.72000122070312,91.11000061035156,81.69811248779297,851900,-0.013854505543809847,22.474799110761083,0.00020044309328137564,0.019709765724534725,81.83006068638393,0.9431460301267793,83.71635274663748,79.94376862613038,0.015486250399481524,-0.01754380746626426,1.2249065305905322,81.32176427468121,-0.013854505543809847,-1.1477890014648438,57.64814033282254,0.8424769715344524,-1.5648796475964197,10.12811006818499,2.4864719270991906,4.1804976361396395,13.264558558640115
308,2014-03-25,91.58999633789062,92.26000213623047,90.76000213623047,91.9800033569336,82.47825622558594,1166200,0.009549103572124018,22.628075053692523,0.0002031864208871196,0.01637733442488907,82.15031324114118,0.6454842309239056,83.44128170298899,80.85934477929337,0.003057089098070419,-0.009062061740871465,1.2366032899173123,81.47596320146852,0.009549103572124018,0.7801437377929688,59.02483261873171,0.8596189363097437,-1.3999445135336976,10.187302725655693,2.4856784987966596,3.8281340958728,13.783185771081614
309,2014-03-26,93.22000122070312,93.3499984741211,92.25,92.27999877929688,82.74725341796875,675200,0.003261431614740795,19.44482562816143,0.00015004017607523926,0.011800026386148516,82.36167798723493,0.5422953913741093,83.44626876998315,81.2770872044867,0.011478220133155113,-0.01040550534221296,1.240636386981941,81.64546856366854,0.003261431614740795,0.2689971923828125,53.63021923806166,0.8847114888871914,-1.3430741115310232,10.163584572928292,2.4560544769216675,4.480891016618985,14.577330500899674
310,2014-03-27,92.66000366210938,92.91999816894531,91.83000183105469,91.97000122070312,82.4692611694336,544200,-0.0033595344504182556,19.161456999178828,0.0001456989818775313,0.011763396231510698,82.3936996459961,0.5408810690356923,83.47546178406748,81.31193750792471,0.010252502813472921,-0.008957498362306807,1.2364684262994328,81.75530757777055,-0.0033595344504182556,-0.27799224853515625,54.10144581937104,0.8721126941415065,-1.401846215387494,10.227689470563616,2.44729466112859,4.464909376039239,15.37147523071773
311,2014-03-28,92.0999984741211,92.45999908447266,91.55000305175781,91.83000183105469,82.3437271118164,340800,-0.0015221920972382508,19.221929812053602,0.0001466200736902836,0.009880521691545314,82.50130353655133,0.41465471398084464,83.33061296451302,81.67199410858964,0.0068403611710698324,-0.005971720211459318,1.234586283832435,81.83376351564334,-0.0015221920972382508,-0.1255340576171875,55.790400855450756,0.8422891244978814,-1.428386166449721,10.279602595738002,2.439830864614605,4.451292227452493,16.16561996053579
312,2014-03-31,92.9000015258789,93.55000305175781,92.62000274658203,93.36000061035156,83.71568298339844,625600,0.016661328308822165,19.762571227575634,0.00015498381806547612,0.010010767383213805,82.61402784075055,0.6105343609046584,83.83509656255987,81.39295911894123,0.002045236149466817,-0.0030139803519688476,1.255156131232936,82.08468611134403,0.016661328308822165,1.3719558715820312,63.8084480306665,0.9187681166754089,-1.1383322768323034,10.375232151576451,2.520396950156844,4.429221197331797,16.54668308865153
313,2014-04-01,93.4800033569336,93.77999877929688,93.05999755859375,93.56999969482422,83.90398406982422,862600,0.0022492928411408375,19.671117927069666,0.0001535527303574131,0.007702195066831062,82.76518249511719,0.7838793287626847,84.33294115264256,81.19742383759181,0.0022464599586161675,-0.004493001532489688,1.2579793449334322,82.32725917247473,0.0022492928411408375,0.18830108642578125,62.34726151225783,0.9832384323507313,-1.0985223502389627,10.38066918509347,2.5072028639722204,4.608820261987408,17.25475126740149
314,2014-04-02,92.73999786376953,93.37000274658203,92.44999694824219,93.20999908447266,83.58116149902344,442200,-0.003847523742521397,15.085624471853091,9.030796258165572e-05,0.009920269781451652,83.03418949672154,0.6717428548520261,84.3776752064256,81.69070378701748,0.001725292924250575,-0.003127031725333235,1.2531392395361993,82.4944461493479,-0.003847523742521397,-0.32282257080078125,67.07024663411212,0.9967921391851746,-1.1667723167696553,10.340075356619698,2.5405499141686607,3.0495877070724027,17.037170562872472
315,2014-04-03,92.88999938964844,93.0999984741211,92.05000305175781,92.16999816894531,82.64860534667969,547100,-0.011157492138400671,15.696480170804769,9.776963879066143e-05,0.011303643333647084,83.05852508544922,0.6510118492169734,84.36054878388316,81.75650138701528,0.010011845314743532,-0.009042914666917668,1.2391573483227527,82.51500070899213,-0.011157492138400671,-0.93255615234375,62.7005035033129,0.9216597419119665,-2.12329350990329,10.327874864850726,2.5430957201537217,2.6319109217268157,15.983213098455163
316,2014-04-04,92.38999938964844,92.70999908447266,90.5,90.81999969482422,81.43809509277344,665400,-0.014646469215404356,15.30605531803463,9.296640055505388e-05,0.02392032794753183,82.87150246756417,0.8969354919119943,84.66537345138816,81.07763148374018,0.020456752918435423,-0.020456752918435423,1.2210080683675013,82.3714132934963,-0.014646469215404356,-1.21051025390625,50.880553233768076,0.7557271626323256,-2.461424692799816,10.283438001360212,1.6590675300743079,2.6460421189478467,16.632422142047915
317,2014-04-07,91.12999725341797,91.19999694824219,89.81999969482422,89.97000122070312,80.67588806152344,753400,-0.00935934258262916,15.567477990923695,9.616919484043378e-05,0.015143172336331985,82.6153063092913,1.2265418132160397,85.06838993572337,80.16222268285922,0.013497155323275615,-0.01437504222622608,1.2095802355594956,82.14534326256658,-0.00935934258262916,-0.76220703125,41.706230700184605,0.5563078896197169,-2.280325875810266,10.23269544328962,1.655281748855602,2.475880203229539,16.822025502057524
318,2014-04-08,89.91000366210938,90.69999694824219,89.25,89.55999755859375,80.3082275390625,1193900,-0.004557254110181708,15.554553708410138,9.600957978881555e-05,0.016127203750223595,82.32452065604073,1.5101540780103886,85.34482881206151,79.30421250001996,0.012679338707766793,-0.007340714439182247,1.2040678710593975,81.90039449943271,-0.004557254110181708,-0.3676605224609375,43.010840329285195,0.36439898287939343,-1.9523512851693292,10.231925419398717,1.6494024563382563,2.467086277988258,17.58673505324043
319,2014-04-09,91.13999938964844,92.48999786376953,90.66000366210938,92.4000015258789,82.85486602783203,864300,0.03171080431990392,19.069357174532275,0.00014430173930550996,0.020078935855994802,82.20154680524554,1.4096966371323612,85.02094007951027,79.38215353098082,0.0009874515963717097,-0.00526657593541283,1.2422498317064454,82.02765736988596,0.03171080431990392,2.5466384887695312,49.6545258437005,0.4130409555302066,-1.3963169029334843,10.319944654192243,2.36674182679854,2.440693471683933,17.351407949688944
320,2014-04-10,92.61000061035156,92.62999725341797,89.58000183105469,89.88999938964844,80.6041488647461,1505600,-0.027164574284989973,21.290678277665968,0.00017987816727106236,0.03293375879777681,81.73014177594867,1.2923683866848612,84.3148785493184,79.14540500257894,0.029586414487759605,-0.03271783564763517,1.2085046438725393,81.8378562358673,-0.027164574284989973,-2.2507171630859375,41.07143616811156,0.26689935464828807,-1.9085769238542432,10.239354814801898,2.4338541257753,2.415338279741285,17.266868900325722
321,2014-04-11,87.76000213623047,88.43000030517578,86.73999786376953,87.33000183105469,78.30859375,2109700,-0.028479366720912114,23.091365989236845,0.0002115917393844776,0.019257092072341195,80.97691781180245,1.545455099041856,84.06782800988617,77.88600761371873,0.012534166446504392,-0.011622655510850805,1.174087196935768,81.36728790441833,-0.028479366720912114,-2.2955551147460938,37.63093053881213,-0.033761844422969034,-1.1976424740475993,10.105908530099052,2.1691393327350417,2.4402750618829314,16.88889528431428
322,2014-04-14,86.58000183105469,87.30000305175781,85.94999694824219,86.56999969482422,77.62710571289062,1415100,-0.008702595774928934,23.220626217184464,0.00021396725472944207,0.015592585758428595,80.25956072126117,1.7867606767196365,83.83308207470044,76.68603936782189,0.00843154702581393,-0.0072765635191581685,1.1638695906563166,80.86859694554798,-0.008702595774928934,-0.681488037109375,32.16873700198097,-0.3233015806222994,-1.062948823631435,9.993731362479073,2.176242916766308,2.448266572017798,16.510921668302835
323,2014-04-15,86.08999633789062,86.58000183105469,84.7300033569336,85.13999938964844,76.3448257446289,2003400,-0.016518456491271483,23.166790856175158,0.00021297626927530177,0.021489122462732147,79.53195081438336,2.2130437460488155,83.958038306481,75.10586332228573,0.016726710450241527,-0.015797340443821813,1.1446442614615462,80.2654274520921,-0.016518456491271483,-1.2822799682617188,28.098207672396114,-0.648754743709631,-0.9265394313442663,9.856670924595424,2.194051761258885,1.8535881760785566,15.841418451849052
324,2014-04-16,80.30999755859375,82.3499984741211,79.94000244140625,82.2300033569336,73.73543548583984,5649200,-0.03417900602088464,24.888586326456835,0.0002458102100513863,0.030008667737245583,78.54045758928571,3.0220015870362644,84.58446076335824,72.49645441521318,0.0014941491823599197,-0.004607086644692692,1.105521458357281,79.3947618565918,-0.03417900602088464,-2.6093902587890625,24.23287916670793,-1.1045026870722268,-0.4483069795748265,9.558987208775111,1.8452886845824368,1.8935864704873624,15.520481122254331
325,2014-04-17,81.81999969482422,82.37999725341797,81.3499984741211,81.6500015258789,73.2153549194336,1790400,-0.007053332810465718,24.877311994148567,0.00024558756033897137,0.012588594269599232,77.52719007219586,3.484242910903897,84.49567589400365,70.55870425038808,0.00892197177049416,-0.005744331733758933,1.0977238475823756,78.57084093163738,-0.007053332810465718,-0.52008056640625,23.681563980375458,-1.49047114728819,-0.48588506512549917,9.462831769670759,1.5951496012320794,2.5921065071070584,16.176922471761063
326,2014-04-21,81.80999755859375,82.30999755859375,81.04000091552734,81.6500015258789,73.2153549194336,856700,0.0,23.722087856910253,0.0002233085128138764,0.01552373402965588,76.15011705671039,2.8801959609139045,81.91050897853819,70.38972513488258,0.00806742516086916,-0.009412011563928005,1.0977238475823756,77.8567761300102,0.0,0.0,17.125260420772136,-1.7758826628729025,-0.48588506512549917,9.312000819614955,1.4820732776314982,2.615701819008524,17.12395162497053
327,2014-04-22,81.8499984741211,82.2699966430664,81.58999633789062,81.68000030517578,73.24225616455078,820100,0.0003674262748134538,23.76102282207714,0.00022404214506002788,0.008307884152139358,75.09841809953961,2.260086037637623,79.61859017481486,70.57824602426437,0.007208263272932949,-0.003176568614264237,1.0981271801664667,77.24150680128228,0.0003674262748134538,0.0269012451171875,16.279151697897575,-1.977111726323102,-0.4987152736157592,9.239881243024554,1.4956428941093158,1.946306587107715,16.793764829038434
328,2014-04-23,81.5,82.97000122070312,81.44999694824219,82.0,73.52920532226562,1469100,0.00391780882705417,23.794123001556052,0.000224666781513166,0.018650359171299848,74.41564832414899,1.804712001741989,78.02507232763297,70.80622432066501,0.01190185546875,-0.0006135343773964724,1.102429432526151,76.74653327074674,0.00391780882705417,0.28694915771484375,18.135426794170428,-2.089348105603719,-0.48714278508928305,9.258575984409877,1.8420099335535456,1.945982331190204,15.714505680907932
329,2014-04-24,83.62000274658203,84.44999694824219,83.26000213623047,84.16999816894531,75.47502899169922,1352400,0.026463276203045893,25.730608735209508,0.0002627238991604918,0.014230982694632353,74.10820879255023,1.2707679984519609,76.64974478945415,71.56667279564631,0.003348466516384083,-0.0043051973035994374,1.1316033270934578,76.57699936687374,0.026463276203045893,1.9458236694335938,28.63252039245505,-1.998249954992943,-0.3496456243887372,9.358715602329799,1.8387422146309333,2.817415604598754,15.702920103791465
330,2014-04-25,83.25,83.26000213623047,81.41999816894531,81.68000030517578,73.97611999511719,1680300,-0.0198596677153563,26.14142425247128,0.0002711801833125766,0.022102149757179054,73.7698222569057,0.8064905210106853,75.38280329892707,72.15684121488432,0.01897900097362988,-0.021982003976632882,1.10913006103179,76.23021545063953,-0.0198596677153563,-1.4989089965820312,28.148902458532206,-2.023675768857217,-0.46996728798060244,9.196114131382533,1.867231342008981,2.113174541051295,14.607190636101754
331,2014-04-28,82.18000030517578,82.66999816894531,81.43000030517578,82.33999633789062,74.5738754272461,816000,0.00808038367203312,26.539820616536375,0.00027950876125314633,0.01508880334831825,73.8895993913923,0.8609544006479001,75.61150819268809,72.1676905900965,0.004015597831944807,-0.009126308070271013,1.1180922574671124,76.00937011418708,0.00808038367203312,0.5977554321289062,31.957542860262393,-1.9728502521553253,-0.42286282174684947,9.11982672555106,1.8811955753713996,2.1340361251713116,13.517089162070802
332,2014-04-29,82.51000213623047,82.80000305175781,82.08999633789062,82.12000274658203,74.37464904785156,975400,-0.0026715304555802177,26.525749946080328,0.00027921246436586513,0.008605098721181838,74.05521283830915,0.8201755650099717,75.69556396832908,72.41486170828921,0.00824142876706084,-0.005090362228404519,1.1151052399491406,75.79140730534235,-0.0026715304555802177,-0.19922637939453125,32.27905959341406,-1.9264397693103348,-0.43856230644687105,8.991399492536273,1.8981337101865163,2.490013648885847,12.769421774728361
333,2014-04-30,82.13999938964844,82.6500015258789,81.27999877929688,81.38999938964844,73.71349334716797,729300,-0.00888953035944029,25.3850568533957,0.0002557147267659252,0.016678874564913664,74.12637547084263,0.7541098272666387,75.63459512537591,72.61815581630935,0.015339690109484692,-0.01046993689727179,1.1051924780646418,75.5143521109191,-0.00888953035944029,-0.6611557006835938,19.233878173986113,-1.9208663156337735,-0.49066285577552615,8.712369646344866,1.3623331559807836,2.527817233000663,12.888148718663714
334,2014-05-01,81.25,81.69999694824219,80.80000305175781,81.3499984741211,73.67725372314453,812600,-0.0004916280911115845,25.291515405350978,0.00025383363154726405,0.01107684795673077,74.18851797921317,0.6837520684370995,75.55602211608738,72.82101384233897,0.004307673527644231,-0.005538423978365385,1.10464913439634,75.26940565921583,-0.0004916280911115845,-0.0362396240234375,22.603109271083525,-1.8975003454031878,-0.7376619898795921,8.584610530308314,1.3771554708332037,2.3249246363733476,12.70088185842412
335,2014-05-02,80.8499984741211,81.55000305175781,80.68000030517578,80.87999725341797,73.25157928466797,1185900,-0.005777555717211058,25.279177527874257,0.00025358603828800887,0.010760702077941367,74.14885711669922,0.7345351586966915,75.6179274340926,72.67978679930583,0.008287023017746906,-0.002102636637646028,1.0982669624743961,75.00036214260946,-0.005777555717211058,-0.4256744384765625,26.526764459862704,-1.8915266732730487,-0.9087530709347044,8.587960379464286,1.3887415649520496,2.344484371077773,13.486357700668856
336,2014-05-05,80.06999969482422,80.70999908447266,79.9000015258789,80.25,72.68101501464844,492000,-0.007789105376175165,25.221825087165556,0.00025243669076491004,0.010116117917833697,73.74971226283482,0.647799311787766,75.04531088641035,72.45411363925929,0.005744961736304227,-0.0021231193904488214,1.0897124453725113,74.69111585888133,-0.007789105376175165,-0.5705642700195312,26.802766947769783,-1.9108056847592678,-1.080686554106453,8.478461129324776,1.4040169580094173,2.3702724091036274,14.623727063819667
337,2014-05-06,80.26000213623047,80.54000091552734,79.66000366210938,79.9000015258789,72.36400604248047,1033100,-0.004361647565104598,25.027478141385885,0.00024856137385616966,0.010964331298226142,73.51941026960101,0.8180782258231191,75.15556672124725,71.88325381795477,0.007974076409344288,-0.007475684751449143,1.084959503738488,74.38083455002788,-0.004361647565104598,-0.31700897216796875,29.47116534679644,-1.929423225045241,-1.5231749156624204,8.40032468523298,1.4207210299353736,2.398472353968902,14.751123974507228
338,2014-05-07,80.91000366210938,81.26000213623047,80.16999816894531,80.45999908447266,72.8711929321289,989800,0.007008828247439647,25.348952850982425,0.0002549878613656069,0.013471807167839883,73.2761699131557,0.6963763053935965,74.6689225239429,71.8834173023685,0.009887566624007688,-0.009146032130395408,1.0925637985556185,74.17954900097469,0.007008828247439647,0.5071868896484375,44.30930822311442,-1.8815625349264593,-1.4172902391396451,8.606812068394252,1.8181682666507664,2.409744168173898,14.471530058892974
339,2014-05-08,80.5999984741211,81.72000122070312,80.41000366210938,80.9000015258789,73.26969146728516,1007800,0.005468533162719114,25.59339192794653,0.0002599292501497928,0.01625307175426761,73.11831883021763,0.504745243082666,74.12780931638297,72.1088283440523,0.010173693676774731,-0.0023572557767817075,1.0985385199204063,74.05823466314942,0.005468533162719114,0.39849853515625,50.363606288213894,-1.7908334782120932,-1.3340962738558282,8.621401105608259,2.0811011214238126,2.425214068349431,13.889273602439639
340,2014-05-09,80.94000244140625,80.94000244140625,80.11000061035156,80.31999969482422,72.7444076538086,534500,-0.007169182822492126,22.005418253646155,0.00019215810814202498,0.010254531826281311,72.97987801688058,0.443475368185202,73.86682875325099,72.09292728051017,0.00766002876057313,-0.010254531826281311,1.090662896433547,73.88305772857065,-0.007169182822492126,-0.5252838134765625,47.05554060938404,-1.741244082964343,-1.443759019103776,8.51966312953404,1.1312434401992917,2.4864873179144587,15.599887065555617
341,2014-05-12,81.58999633789062,82.23999786376953,81.37000274658203,82.16000366210938,74.41085052490234,619100,0.022908192187423904,22.784482843579585,0.0002060050231941952,0.010663012087714384,73.08467755998883,0.6663946836646538,74.41746692731815,71.75188819265952,0.0009804412948969175,-0.0026963304471485567,1.115648011676739,73.95343010141488,0.022908192187423904,1.66644287109375,56.06323786481557,-1.5496131416093277,-1.0958581408461472,8.551159449986049,1.7836570813572705,2.4903859835310556,16.369103159636513
342,2014-05-13,81.70999908447266,81.72000122070312,81.0,81.2300033569336,73.56856536865234,393700,-0.011319386222687022,21.149951748545604,0.0001775081186372249,0.008811665998904004,73.12996128627232,0.6899792461985812,74.50991977866948,71.75000279387515,0.005996791938070716,-0.008689255812359657,1.1030195609439972,73.90211480371322,-0.011319386222687022,-0.84228515625,50.19309181199393,-1.4490063693470177,-1.2717007998929653,8.378402709960938,1.7888414411707905,2.4976245144953975,16.87639626366726
343,2014-05-14,81.36000061035156,81.47000122070312,80.94999694824219,80.98999786376953,73.35120391845703,487100,-0.0029545424612551496,21.044174258442112,0.00017573701199193541,0.0063913995644043365,73.22570255824498,0.6632821132428033,74.55226678473058,71.89913833175937,0.00589974623073592,-0.005039376340137461,1.0997606428155933,73.82866001901239,-0.0029545424612551496,-0.2173614501953125,37.45317035354355,-1.3710098814722187,-1.752445116019828,8.16273444039481,1.7998772327139625,2.5130329586764795,17.383689367698004
344,2014-05-15,80.51000213623047,80.94000244140625,80.12000274658203,80.68000030517578,73.0704574584961,1081100,-0.0038274281124688336,20.43783493603816,0.00016575599082251644,0.01018506611683729,73.32662418910435,0.5552691385228119,74.43716246614997,72.21608591205873,0.003229438943381479,-0.004844111033415724,1.095551388014294,73.72756634427688,-0.0038274281124688336,-0.2807464599609375,43.75011188061575,-1.3166732067925864,-2.0985820014286896,8.148721967424665,1.8138818147478288,2.532586501320345,17.770544687129146
345,2014-05-16,80.58999633789062,81.1500015258789,80.41000366210938,81.06999969482422,73.42366790771484,340500,0.004833833829757772,16.853674470378476,0.00011271680283868522,0.00918225458984926,73.40554918561664,0.5177416770851224,74.44103253978687,72.3700658314464,0.0009927017581594481,-0.0022334369519833776,1.1008471013759156,73.68704655273528,0.004833833829757772,0.35321044921875,41.785270591312305,-1.2309205830256502,-1.9860945753536492,8.104840959821429,1.7926704415155617,2.66645368412487,18.642146000994586
346,2014-05-19,80.88999938964844,81.56999969482422,80.80999755859375,81.19999694824219,73.54138946533203,322300,0.0016033189429482952,16.672609141778512,0.00011030789507718883,0.009395501816850388,73.44436318533761,0.5160407350019384,74.47644465534148,72.41228171533373,0.004574146981998628,-0.0009890200476985712,1.1026121103868414,73.66762560774818,0.0016033189429482952,0.1177215576171875,43.97879896839583,-1.1403170004578698,-2.0463607251757443,8.099141257149833,2.0351532867972075,1.8768642097096504,17.701046637845288
347,2014-05-20,81.4000015258789,81.62000274658203,80.87999725341797,81.05999755859375,73.41461181640625,270500,-0.001723895208500803,16.68673503451138,0.00011049489131428136,0.00909097640408272,73.54010663713727,0.4172465256467465,74.37459968843076,72.70561358584378,0.006879670485144191,-0.006388258755690764,1.1007113226529106,73.63389043556926,-0.001723895208500803,-0.12677764892578125,47.65950328296859,-1.066449538811014,-2.420699954164387,8.085088457380023,2.046910378182091,1.9275077427349296,16.52675095466526
348,2014-05-21,81.58000183105469,83.05999755859375,81.55999755859375,82.98999786376953,75.16256713867188,655200,0.02380936545216472,18.587280483854656,0.00013709801420058878,0.018386859111702077,73.64749472481864,0.6877530722473915,75.02300086931342,72.27198858032386,0.0008580496843967008,-0.00024521049291423974,1.1269185607912893,73.83771399598294,0.02380936545216472,1.747955322265625,59.1723180052259,-0.856984868920506,-1.3227778226566498,8.203580038888115,2.856078671196776,1.6093820560029246,17.23272177567367
349,2014-05-22,83.04000091552734,83.5999984741211,82.87999725341797,83.31999969482422,75.46144104003906,675800,0.003976366331604586,18.58833145119622,0.00013711351830933736,0.008670534835802183,73.91790553501674,0.9669835467100234,75.8518726284368,71.98393844159669,0.0033718542414481003,-0.0019268263529059824,1.13139960181488,74.05421093519043,0.003976366331604586,0.2988739013671875,63.86376842393452,-0.6592663705334587,-1.0656264341441029,8.243914467947823,2.4775135067475054,2.374767759376611,17.2028495835328
350,2014-05-23,82.91000366210938,83.8499984741211,82.79000091552734,83.5199966430664,75.64258575439453,470600,0.0024004937072346078,16.199613177377245,0.00010413788376851351,0.012784917522301095,74.24524579729352,1.1190511370052914,76.4833480713041,72.00714352328293,0.003980241424178121,-0.0014473856142992018,1.1341155194394044,74.26599424441764,0.0024004937072346078,0.18114471435546875,69.5341443310175,-0.48239541742655945,-0.9588121436804318,8.310352870396205,2.6586598868266855,1.3611899884818615,17.738929151570947
351,2014-05-27,84.31999969482422,85.55999755859375,84.29000091552734,85.2300033569336,77.1913070678711,867900,0.02047419846943277,15.944107626494294,0.00010087879682747342,0.015061630071902882,74.83393859863281,1.4368302817880536,77.70759916220892,71.9602780350567,0.0039135934873634984,-0.0003557730005389979,1.1573356256716705,74.65603595421143,0.02047419846943277,1.5487213134765625,77.38984306955467,-0.2147792050292594,-0.535540399416526,8.457383292061943,3.604619646650785,1.3445820766304268,19.619207325910036
352,2014-05-28,85.04000091552734,85.25,84.6500015258789,84.86000061035156,76.85619354248047,344900,-0.004341337621035168,15.935304270147332,0.00010076742943737117,0.007055485273537207,75.32429940359933,1.460842402799435,78.2459842091982,72.40261459800045,0.004586069913567322,-0.004586069913567322,1.1523112409797778,74.94939029931398,-0.004341337621035168,-0.335113525390625,73.06098120938118,-0.029393459962491875,-0.5970291541026567,8.39757592337472,3.617767680424855,1.5504731148047761,21.224108801376115
353,2014-05-29,85.19999694824219,85.30000305175781,84.70999908447266,85.22000122070312,77.1822509765625,239400,0.004242435372522113,15.888040026571959,0.00010017056185950487,0.006924929441530091,75.84442247663226,1.3652767287682237,78.5749759341687,73.11386901909582,0.000938988661035839,-0.005751148841791604,1.1571998469486653,75.24710505628045,0.004242435372522113,0.32605743408203125,72.83320792352525,0.1421970297455175,-0.537202068477004,8.36864743913923,3.6132509789775162,1.2044184515623824,22.962766118503243
354,2014-05-30,86.30000305175781,86.31999969482422,85.41999816894531,85.87999725341797,77.77999114990234,637200,0.007744528901098668,15.516723259560264,9.554313520388017e-05,0.01042875427639483,76.46804809570312,1.0250176528367791,78.51808340137669,74.41801279002956,0.0050985217363475836,-0.010197043472695167,1.1661618146077062,75.5848232020967,0.007744528901098668,0.5977401733398438,79.14059561211569,0.3226965209256747,-0.3774214110449076,8.47346442086356,4.1775898361751,1.1984905648547153,24.174865749470893
355,2014-06-02,86.61000061035156,86.6500015258789,85.56999969482422,85.88999938964844,77.7890396118164,601200,0.00011633405687372367,15.502856606675607,9.537244562188299e-05,0.012469712775011878,76.84325844900948,0.9450948385952339,78.73344812619995,74.95306877181902,0.008774992851571852,-0.012007861773447946,1.1662974789425706,75.87871872339267,0.00011633405687372367,0.0090484619140625,74.18950574928652,0.4611578625907242,-0.35696226194648906,8.428780147007533,4.344021549002427,1.1924777778620175,25.666391968751604
356,2014-06-03,85.94999694824219,86.81999969482422,85.94000244140625,86.08999633789062,77.97018432617188,1104800,0.002328666291027792,15.20000640774457,9.168261698233157e-05,0.010238479170021263,77.20165034702846,0.7979823344495189,78.7976150159275,75.60568567812942,0.008493349422376256,-0.00011628280617573546,1.1690133965670948,76.15758080376322,0.002328666291027792,0.18114471435546875,84.81402677087621,0.578833901079264,-0.32086856710795714,8.551766531808036,4.315638180528227,1.3934183934257964,26.884710829253077
357,2014-06-04,86.4000015258789,86.7699966430664,86.36000061035156,86.63999938964844,78.46830749511719,748400,0.006388636544214288,14.715334407685459,8.592899473413139e-05,0.004745324368912655,77.60532488141742,0.555835835380896,78.71699655217921,76.49365321065562,0.001504597813913596,-0.00046297355116784925,1.1764817982730793,76.46567769594375,0.006388636544214288,0.4981231689453125,88.75196877235271,0.704170150966732,-0.2465217916103951,8.615936279296875,4.283225778423772,1.6181100793113068,27.81615068995394
358,2014-06-05,87.79000091552734,87.87000274658203,87.0199966430664,87.66000366210938,79.39210510253906,1551300,0.011772875405517746,14.663563510021248,8.532543444937551e-05,0.00968226557297239,77.9197246006557,0.8349614142601195,79.58964742917594,76.24980177213546,0.002392061536423949,-0.008770979205272426,1.1903323719010077,76.85586801682314,0.011772875405517746,0.923797607421875,93.62506883948475,0.8680365929126026,-0.13644754483803898,8.745428902762276,4.857164601433951,1.6042531397767137,28.99437105877863
359,2014-06-06,88.75,89.0999984741211,88.4800033569336,89.06999969482422,80.66911315917969,1169400,0.016084824240285567,15.189657350175562,9.155781365704047e-05,0.006985860475352113,78.4644274030413,1.1926227758859715,80.84967295481324,76.07918185126935,0.00033801441461267604,-0.003042215696522887,1.2094786588905577,77.36430070247069,0.016084824240285567,1.277008056640625,94.34596271609712,1.0883994155604597,-0.016994497449352882,8.861739567347936,4.437489074995639,2.4038761936555417,29.743566205025694
360,2014-06-09,88.54000091552734,89.56999969482422,88.5199966430664,89.11000061035156,80.7053451538086,545200,0.00044914333640200255,15.265151948993722,9.247018413724853e-05,0.011859081103461707,78.9677265712193,1.2999141075238423,81.56755478626698,76.36789835617162,0.0051953815192697355,-0.00022593485717289317,1.2100218881707188,77.80977329598241,0.00044914333640200255,0.03623199462890625,94.28899437398827,1.2515352401061222,-0.020098049544519127,8.915636335100446,4.441738103611698,2.4031845765660296,30.79812537051121
361,2014-06-10,89.18000030517578,89.31999969482422,88.91000366210938,89.08000183105469,80.67818450927734,560900,-0.0003365408385217483,14.77377409513618,8.66128575452843e-05,0.0045973988709556955,79.38175419398716,1.3199544778481453,82.02166314968345,76.74184523829088,0.0026911624013035845,-0.0030275470076527498,1.2096146663898442,78.19222812442173,-0.0003365408385217483,-0.02716064453125,95.46483874695684,1.3629190370940307,-0.11008899052945698,8.953924996512276,4.41868547903783,2.605055304116138,30.243852461413532
362,2014-06-11,89.86000061035156,90.12000274658203,89.41000366210938,89.88999938964844,81.41178894042969,695400,0.009092971484354395,13.37011951244147,7.093654594324114e-05,0.007901169370689574,79.8992898123605,1.3014785475922752,82.50224690754504,77.29633271717594,0.0025595743976335804,-0.005007755900130156,1.220613658058384,78.62150289988946,0.009092971484354395,0.7336044311523438,94.80518912201089,1.4931748550301194,-0.18802341484536167,8.939384460449219,4.1451205538644045,2.605825389151224,30.542224170102845
363,2014-06-12,89.77999877929688,90.0,89.11000061035156,89.33000183105469,80.90460205078125,1400900,-0.006229894911405909,12.720233083316895,6.420806733885286e-05,0.00991311429883501,80.31849234444755,1.018345704118164,82.35518375268387,78.28180093621123,0.0074626662737248,-0.0074626662737248,1.2130093632412535,78.92591612000837,-0.006229894911405909,-0.5071868896484375,87.89402679074115,1.5377515433553413,-0.25721669764914784,8.950154440743583,4.116177066547603,2.5876300982976486,30.84059587879216
364,2014-06-13,89.97000122070312,90.02999877929688,89.08999633789062,89.37999725341797,80.94986724853516,1062300,0.0005594885409052619,12.515017209565574,6.215303799830241e-05,0.010447954080831386,80.67300088065011,0.6215416338578524,81.91608414836581,79.4299176129344,0.007224647294206477,-0.009781092262673003,1.2136880280799978,79.1957762704786,0.0005594885409052619,0.04526519775390625,87.66057429944995,1.5587629640194933,-0.5729215468167245,9.002785818917411,4.105124348178625,2.570454962290895,31.147926111438107
365,2014-06-16,90.11000061035156,90.80999755859375,89.95999908447266,90.5999984741211,82.05482482910156,1249700,0.013649899846950087,12.472874242576108,6.173515550441195e-05,0.00943289832830662,81.05338941301618,0.5121457144462628,82.0776808419087,80.02909798412365,0.0023304747869298337,-0.0016646490385405072,1.230254748108732,79.57698274496167,0.013649899846950087,1.1049575805664062,86.83121580318814,1.645605987046352,-0.42129518963887924,8.998694283621651,4.055176044170588,3.005231555756908,31.068664436907326
366,2014-06-17,91.02999877929688,91.48999786376953,90.95999908447266,91.26000213623047,82.65258026123047,744700,0.0072848297875702794,12.483628030576027,6.184165428800913e-05,0.005822243067165828,81.3367418561663,0.7551470361712939,82.84703592850889,79.82644778382371,0.0025265926686068555,-0.0007689739180809361,1.2392169445440544,79.9870624137975,0.0072848297875702794,0.5977554321289062,92.21644328865773,1.7425762419859865,-0.30345415835835204,9.09701429094587,4.025939774117438,3.3611625628155997,30.564081577714465
367,2014-06-18,92.56999969482422,93.5,92.43000030517578,93.27999877929688,84.48204803466797,1113800,0.022134430258018645,13.613068052093746,7.353794515513293e-05,0.01155881709356908,81.8762708391462,1.3464849778760268,84.56924079489825,79.18330088339415,0.0023765930801383133,-0.0015123624296205455,1.2666463055776198,80.58639382991356,0.022134430258018645,1.8294677734375,93.61476923076923,1.944632118899662,-0.1160829111043546,9.268700735909599,4.802559338280268,3.313562740056466,31.245030721523158
368,2014-06-19,93.73999786376953,93.9800033569336,92.83999633789062,93.4800033569336,84.6631851196289,923000,0.002144089651882064,13.376774611934591,7.100718215019738e-05,0.012161372359958,82.445556640625,1.5780265555674788,85.60160975175995,79.28950352949005,0.0053339024044638875,-0.009601040605813332,1.2693621088140035,81.12996600187562,0.002144089651882064,0.1811370849609375,93.28024408262735,2.09522663757366,-0.10782570515169879,9.294429779052734,5.016889993152045,3.252657279909256,32.11787886457782
369,2014-06-20,94.37999725341797,94.91000366210938,94.12000274658203,94.80000305175781,85.85868835449219,1044000,0.014120697599246279,12.197679162339872,5.904102259816662e-05,0.008370427405355046,83.08082798549107,1.9449426524296327,86.97071329035033,79.1909426806318,0.0011655076663776745,-0.002754762814177999,1.2872863872965075,81.76046231555783,0.014120697599246279,1.1955032348632812,94.15268734434758,2.284704348859208,-0.009065114364353297,9.392773219517299,4.254166743520363,3.906575618060062,30.99124323420547
370,2014-06-23,92.5,93.2300033569336,92.25,92.94000244140625,84.17413330078125,1050400,-0.019620088380057354,15.162885029591907,9.123535016691347e-05,0.01059463088576858,83.54790387834821,1.714110531887217,86.97612494212264,80.11968281457378,0.0031351450327280405,-0.002702702702702703,1.2620297146073052,82.08228511358762,-0.019620088380057354,-1.6845550537109375,79.14908992885185,2.27273857023863,-0.2556569040195741,9.274227142333984,4.277827458825803,3.2396784106932794,31.548018505995927
371,2014-06-24,92.94999694824219,93.44999694824219,92.12999725341797,92.2300033569336,83.53108978271484,428000,-0.007639443292734693,15.787461450014801,9.890632501416785e-05,0.014201180614984214,83.9166499546596,1.2863204755915434,86.4892909058427,81.34400900347651,0.01312526768546242,-0.008821944289904854,1.2523885101688166,82.27545906947125,-0.007639443292734693,-0.6430435180664062,73.46776241290507,2.1861665989922727,-0.44219312504170055,9.308230808803014,4.242535076934499,3.2247512055477006,30.660081694937656
372,2014-06-25,92.31999969482422,92.93000030517578,92.27999877929688,92.83999633789062,84.08354187011719,353100,0.006613730155315967,14.747438174991473,8.630433838301401e-05,0.007040744454371435,84.20646667480469,0.99173469149706,86.1899360577988,82.22299729181057,0.0009749129937464914,-0.00043328548158115234,1.2606714698246912,82.51653677622404,0.006613730155315967,0.5524520874023438,72.52178868673076,2.1374962285038066,-0.6837420339276667,9.308031899588448,3.3636202136125233,3.3115605828708277,28.52271072049112
373,2014-06-26,92.2300033569336,92.3499984741211,91.19999694824219,92.20999908447266,83.51296997070312,576400,-0.006785773847341248,14.947150659247255,8.865766382152191e-05,0.012468844020620458,84.32937949044364,0.8022726012692241,85.93392469298209,82.7248342879052,0.0015179375967995423,-0.011167801921303663,1.2521168383346657,82.64939453548793,-0.006785773847341248,-0.5705718994140625,64.64562882495497,2.029489533398575,-0.7835713884885815,9.205072130475726,3.3599854096905557,3.120738143945022,26.793744488689672
374,2014-06-27,91.30999755859375,92.45999908447266,91.30999755859375,92.3499984741211,83.63976287841797,457300,0.0015182421096906484,14.971480089545707,8.894651431415202e-05,0.012594475486005228,84.20905303955078,0.8379302043506363,85.88491344825205,82.53319263084951,0.0012046940454792474,0.0,1.2540178548448782,82.7814436478786,0.0015182421096906484,0.12679290771484375,64.97235358142186,1.931855351428439,-0.8783734639485677,9.208368028913226,3.3512141059657226,3.1385311454657736,24.568852168250185
375,2014-06-30,92.5199966430664,93.41999816894531,92.48999786376953,93.2699966430664,84.47298431396484,305200,0.009962025319919743,15.063106449021785,9.003856186292109e-05,0.010051884337649043,84.18188149588448,0.8237129239142186,85.82930734371293,82.53445564805604,0.0016212876277719537,-0.0003242410331315458,1.2665104124664743,83.00698240335677,0.009962025319919743,0.833221435546875,67.89069165504867,1.8998136954393061,-0.7933000367049446,9.291623796735491,2.812702634406053,3.7382125403809274,22.60285140661549
376,2014-07-01,94.0999984741211,94.87000274658203,94.08999633789062,94.66999816894531,85.74095153808594,407200,0.015010328265524286,15.459956319450683,9.484533706322327e-05,0.00828912243719026,84.1650619506836,0.7840127296852086,85.73308741005401,82.59703649131318,0.002125447193197596,-0.00010629262903994081,1.2855211495093006,83.37151162132066,0.015010328265524286,1.2679672241210938,69.4309258242097,1.9542079179367988,-0.5754365266635205,9.359852382114955,2.6213820525430984,4.529712524235237,21.162985243991677
377,2014-07-02,93.52999877929688,93.95999908447266,93.36000061035156,93.94000244140625,85.07977294921875,449800,-0.0077113511922420885,16.0337905667303,0.00010201684124514645,0.006415037762770773,84.29443904331752,0.8570784346264582,86.00859591257044,82.5802821740646,0.00021379924438566937,-0.0018175790779860683,1.2756080444603797,83.59927979837374,-0.0077113511922420885,-0.6611785888671875,68.48423640994116,1.9218107071868928,-0.6890409522311363,9.333483559744698,2.632345847796198,4.358056321469419,19.901136153612914
378,2014-07-03,95.12999725341797,95.69000244140625,95.08999633789062,95.69000244140625,86.66474914550781,232600,0.018629295087976727,16.786155194967996,0.00011181547866252009,0.006307222966876172,84.74210466657367,1.1576079484419548,87.05732056345758,82.42688876968975,0.0,-0.00042048687776984604,1.299371723137229,84.0080090446583,0.018629295087976727,1.5849761962890625,72.26534563762579,2.0009641479593228,-0.5750869124670624,9.439543042864118,3.4909745473411538,4.103431414121662,18.13462909180629
379,2014-07-07,95.91999816894531,96.23999786376953,95.72000122070312,96.12000274658203,87.05418395996094,972100,0.00449357804981676,16.59319914599383,0.00010925962615024201,0.005421149426530727,85.16648210797992,1.3959267642196194,87.95833563641915,82.37462857954068,0.0012509916542757936,-0.0020850391165555477,1.3052105513908712,84.41416570003199,0.00449357804981676,0.389434814453125,70.62772533302106,2.0712419668347195,-0.7397378839984973,9.41919435773577,2.926965717315788,4.421054433453171,16.70556227221279
380,2014-07-08,95.0,95.16999816894531,94.02999877929688,94.63999938964844,85.71379089355469,523800,-0.015397227398314839,17.37683388022099,0.00011982315702412524,0.01199999357524671,85.4808850969587,1.1947921038603326,87.87046930467936,83.09130088923804,0.005578934518914474,-0.010210539165296052,1.285113927728426,84.58744905916835,-0.015397227398314839,-1.34039306640625,61.9014200229344,1.9957730963618587,-1.088532749624207,9.324954441615514,2.9509224608699407,3.7066542545674532,15.830619664351486
381,2014-07-09,93.69000244140625,93.8499984741211,93.0199966430664,93.5,84.6812973022461,989000,-0.01204582810473076,18.126297674180694,0.00013038201086230478,0.008859022408220885,85.62967572893415,0.9712370189081395,87.57214976675043,83.68720169111786,0.003735707813007934,-0.0071513051646985015,1.269633666260014,84.59996215824539,-0.01204582810473076,-1.0324935913085938,50.82582012830632,1.8315370498600743,-1.2933925519563187,9.13129643031529,2.7199888168393196,3.7212833464427013,15.152667311519124
382,2014-07-10,92.38999938964844,93.44000244140625,92.19999694824219,92.87999725341797,84.1197738647461,835000,-0.0066310207258138965,18.373510853288106,0.0001339626591571013,0.013421425493623233,85.57921709333148,1.0475251925412985,87.67426747841408,83.48416670824888,0.006061318234525558,-0.0020565260597624623,1.2612146991048527,84.53593705244549,-0.0066310207258138965,-0.5615234375,47.81659201237957,1.6371959751095488,-1.4048059121741803,9.078492845807757,2.717968052985799,3.517375282155186,14.533579344784968
383,2014-07-11,91.4000015258789,91.83000183105469,90.86000061035156,91.41999816894531,82.79747772216797,1323100,-0.015719207052365736,19.169154846025123,0.0001458160704408286,0.010612704644523225,85.15872083391461,1.4752429372382612,88.10920670839114,82.20823495943809,0.004485816797205271,-0.005908106198165089,1.2413894041121365,84.30414247507515,-0.015719207052365736,-1.322296142578125,37.82421846788206,1.3607946319499433,-1.4986109673311427,8.897307804652623,2.3261458191355042,3.5490704560241073,14.438998143961399
384,2014-07-14,91.30999755859375,91.54000091552734,90.58999633789062,90.76000213623047,82.19973754882812,986900,-0.007219304135635651,19.218351504900262,0.00014656548990710382,0.010404168251423943,84.74728720528739,1.8539352847746133,88.45515777483662,81.03941663573816,0.008542315191678203,-0.007885239732276844,1.2324274364530954,84.02355515157555,-0.007219304135635651,-0.5977401733398438,41.40377427682725,1.0810502651402345,-1.4850011545363828,8.995251246861049,2.324279363390271,3.546222748503628,14.344416943137825
385,2014-07-15,91.05000305175781,91.22000122070312,90.41999816894531,90.62999725341797,82.08199310302734,1578400,-0.0014324187559703327,19.2342159975196,0.00014680756549176127,0.008786414332166984,84.09260777064732,1.8730257368385619,87.83865924432445,80.34655629697019,0.006479999423501015,-0.006919328519455081,1.2306620842777476,83.76468021176913,-0.0014324187559703327,-0.11774444580078125,43.38842514915866,0.8401649477167297,-1.4326469936644561,8.976994105747767,2.309943573567174,3.5481623989245885,14.256204529907482
386,2014-07-16,87.58000183105469,88.4800033569336,87.0,88.38999938964844,80.05326843261719,2130800,-0.024715831008924827,20.53505399150249,0.0001673366835055245,0.016898873327138988,83.09247698102679,1.8970525407140217,86.88658206245483,79.29837189959875,0.0010276771569242198,-0.006622537325056628,1.2002452481736476,83.26982530788221,-0.024715831008924827,-2.0287246704101562,33.794714728864804,0.48002701935827474,-0.7518109495047911,8.76264408656529,2.3523132791714376,3.1523164481411445,14.240128439093857
387,2014-07-17,86.86000061035156,87.4000015258789,85.80999755859375,86.20999908447266,78.07886505126953,1573000,-0.02466361986218668,21.833516777241172,0.00018916764081828224,0.01830536444983247,82.00177328927177,2.2923941707711295,86.58656163081403,77.4169849477295,0.013700235241126986,-0.012088453193410157,1.1706428556312969,82.5776972736672,-0.02466361986218668,-1.9744033813476562,30.36654352439038,0.03489501635615966,-0.7412399118998801,8.696949550083705,2.3786317807211805,2.6518580802566283,14.070235330467474
388,2014-07-18,85.41999816894531,86.22000122070312,85.30999755859375,85.83999633789062,77.74375915527344,1515600,-0.004291889947120153,19.891574830099117,0.0001570137893735842,0.010653285900446313,81.01069641113281,2.4360359872021764,85.88276838553716,76.13862443672846,0.004448664141398353,-0.001287761797114549,1.165618585327545,81.9331721912147,-0.004291889947120153,-0.33510589599609375,29.013602578759986,-0.34098488671760663,-0.6922450312958732,8.639385768345424,1.3209700222068785,2.6908711579661246,14.822629931305276
389,2014-07-21,87.47000122070312,87.86000061035156,87.04000091552734,87.45999908447266,79.21097564697266,1540100,0.018872466518744302,21.3220629279978,0.00018040887599424506,0.009374639114903023,80.30943952287946,2.0710678259772073,84.45157517483388,76.16730387092504,0.004573013836705316,-0.004915974610435986,1.187616683052765,81.57021265198243,0.018872466518744302,1.4672164916992188,32.07908978565645,-0.5145489095974938,-0.5580074786212924,8.66338620867048,1.056484971698653,3.6191523583684324,16.41667050575955
390,2014-07-22,87.87999725341797,88.0999984741211,86.95999908447266,87.18000030517578,78.95738983154297,926200,-0.003201397449765886,20.385257366041184,0.00016490425312687933,0.012972228325873086,79.76085553850446,1.7919740144192313,83.34480356734292,76.176907509666,0.01046880061104611,-0.01046880061104611,1.1838146500323405,81.22183627592383,-0.003201397449765886,-0.2535858154296875,25.182363787495035,-0.6648973810664671,-0.5812083760000056,8.555672236851283,1.19530605630702,2.9473419809074675,18.22778237797397
391,2014-07-23,87.66999816894531,87.69999694824219,86.68000030517578,87.0199966430664,78.81246185302734,911900,-0.0018355213973616502,19.572344652152793,0.0001520145536439101,0.011634500563132349,79.27695901053292,1.447943333606593,82.17284567774611,76.38107234331973,0.007756362716757221,-0.011292322167747127,1.181641732911696,80.90058635287097,-0.0018355213973616502,-0.144927978515625,26.17094561549159,-0.7866757956765582,-0.5944680259971786,8.593069349016462,1.1864261837013634,2.9254463156277133,19.58411110396805
392,2014-07-24,86.26000213623047,86.91999816894531,86.16000366210938,86.70999908447266,78.5317153930664,767400,-0.00356220898776749,19.502894927626492,0.00015093766291985662,0.008810508787556922,78.76977648053851,0.7600188969374736,80.28981427441346,77.24973868666356,0.0024344896739163604,-0.0011592681618899812,1.1774324781103966,80.5847368915637,-0.00356220898776749,-0.2807464599609375,15.672789029337494,-0.8955169971408736,-0.620153886209643,8.414305550711495,1.0740430500706248,2.9440805632948415,21.15126188258011
393,2014-07-25,85.87000274658203,85.87000274658203,84.58000183105469,84.97000122070312,76.9558334350586,1080400,-0.020066822049158328,20.051722368823,0.00015955221030014135,0.015022718927055012,78.32728576660156,0.7893271290539619,79.90594002470948,76.74863150849365,0.010480977024479365,-0.015022718927055012,1.1538051500972557,80.10088309736301,-0.020066822049158328,-1.5758819580078125,11.257890463420381,-1.0962975020934067,-0.7199406074124024,8.254522596086774,1.0862464869005266,2.894821730920222,23.2774284311539
394,2014-07-28,83.9800033569336,84.7699966430664,83.54000091552734,84.4800033569336,76.51203918457031,1087100,-0.005766869523449292,20.037839686371196,0.00015933135686377467,0.014646292907506905,78.10345349993024,1.0504701341550933,80.20439376824042,76.00251323162006,0.0034531230595487936,-0.005239371562491398,1.147151306341161,79.62237057565731,-0.005766869523449292,-0.44379425048828125,12.089602530687472,-1.2765131370428264,-0.6816647328009282,8.23297609601702,1.0889622692952763,2.9020592281067072,25.264938942296855
395,2014-07-29,83.41000366210938,83.72000122070312,83.26000213623047,83.27999877929688,75.42523193359375,1190200,-0.014204395315550955,20.223266616281034,0.0001622938542195184,0.005514915049471695,77.77223532540458,1.4660876167183832,80.70441055884135,74.84006009196781,0.00527517590322478,-0.0017983637368792897,1.1308567156991405,79.06275209004885,-0.014204395315550955,-1.0868072509765625,12.03573840319983,-1.4898574392942976,-0.7696237689357744,8.166672842843193,1.0995321627167247,2.8688322497639436,27.23198205874002
396,2014-07-30,92.30000305175781,96.66999816894531,91.81999969482422,95.13999938964844,86.16661071777344,6992400,0.14241094801851806,54.844587114462065,0.0011936225141888162,0.05254602723470579,78.76589747837612,3.520901650494649,85.80770077936542,71.72409417738682,0.016576367591655643,-0.0052004695673133275,1.2919030926549628,80.00993324041212,0.14241094801851806,10.741378784179688,54.57488710413976,-0.7831669760605138,0.21674939906410456,9.058534349714007,7.82660706377868,2.077306992159962,29.323545817428855
397,2014-07-31,94.81999969482422,95.58000183105469,93.36000061035156,94.16000366210938,85.279052734375,2520500,-0.010300486186064717,54.75824516203897,0.0011898672274706203,0.02341279506273089,79.6689921787807,4.302246552613885,88.27348528400847,71.06449907355292,0.014975724251376723,-0.015397585838131476,1.2785958626953362,80.71248250627384,-0.010300486186064717,-0.8875579833984375,55.656497324482764,-0.29136947817339376,0.15056310182485386,9.180188860212054,7.8672004761207655,2.056444882621017,30.841107553409714
398,2014-08-01,93.94999694824219,94.41000366210938,92.01000213623047,92.30000305175781,83.59446716308594,1395400,-0.01975380257255166,55.13696283863921,0.0012063828059799523,0.025545519998271916,80.35213579450335,4.517832549140149,89.38780089278364,71.31647069622306,0.02245876188281282,-0.020649226982737186,1.2533387324535712,81.09674712718213,-0.01975380257255166,-1.6845855712890625,53.02906283138918,-0.037120492886913325,0.024941470977285333,9.207933698381696,7.829552881353163,2.0466039990897253,32.45385957592476
399,2014-08-04,91.83999633789062,92.02999877929688,90.77999877929688,91.06999969482422,82.4804916381836,1204100,-0.01332594802870224,54.86483296180049,0.0011945039269548687,0.013610627720422553,80.91624668666294,4.499134845004636,89.91451637667221,71.91797699665368,0.010452952120563047,-0.011541785723661059,1.2366368056425354,81.28124639531566,-0.01332594802870224,-1.1139755249023438,50.82955919265048,0.07363631118164449,-0.05812906254000313,9.16616712297712,7.001603998567636,2.0702297525656244,34.658364285604755
400,2014-08-05,90.94000244140625,92.0,90.18000030517578,90.83000183105469,82.26313781738281,1016600,-0.0026352149033525007,54.816917930607744,0.0011924184489726126,0.02001319162045181,81.67443302699498,4.154487594338507,89.98340821567199,73.36545783831797,0.01286560520711616,-0.008357181832276147,1.233378001902272,81.41216525159129,-0.0026352149033525007,-0.21735382080078125,54.97554245320292,0.14223365845145963,-0.07433740594819861,9.389131273542132,7.0036762799488725,1.7363199671246232,36.559985516202914
401,2014-08-06,91.31999969482422,92.31999969482422,91.2300033569336,92.12000274658203,83.43145751953125,628700,0.014202226333038803,54.87565141546818,0.0011949750469333227,0.01193600899620243,82.66292136056083,3.4917918898700386,89.6465051403009,75.67933758082076,0.0021900673336677948,-0.0009855052364364579,1.2508947154394792,81.68140422064995,0.014202226333038803,1.1683197021484375,62.505334028732634,0.2875564149345138,0.012785640121182813,9.582711900983538,6.932228211599649,2.2704540126122166,38.431663392063946
402,2014-08-07,93.1500015258789,93.30999755859375,91.37999725341797,91.70999908447266,83.06013488769531,576500,-0.004450631007483108,54.741683120320076,0.0011891475677958474,0.020719272931408263,83.75362178257534,1.449247050701512,86.65211588397835,80.85512768117232,0.017176580224495034,-0.019001655861156326,1.2453274446318474,81.865234976256,-0.004450631007483108,-0.3713226318359375,62.39973664074594,0.36851510063735304,-0.014904348073449302,9.706812177385602,7.384913986771206,2.2498518328620647,40.22938897224903
403,2014-08-08,90.56999969482422,91.55000305175781,90.18000030517578,91.41000366210938,82.7884292602539,892000,-0.003271191743292712,54.70581712080451,0.0011875898519265503,0.015126451928875545,83.27102443150112,1.006701020223315,85.28442647194775,81.25762239105448,0.0015457589722884587,-0.0043060548853101595,1.2412537397772718,81.98832754745573,-0.003271191743292712,-0.27170562744140625,58.83673457080484,0.4060701450742954,-0.035165772967129874,9.590642656598773,7.3952680868239336,2.2530062624225167,42.15684789305467
404,2014-08-11,92.18000030517578,92.79000091552734,91.98999786376953,92.5999984741211,83.8661880493164,386300,0.01301822970543931,54.586553866439125,0.0011824174059578015,0.008678705240933846,83.06918661934989,0.5940755023062371,84.25733762396237,81.88103561473741,0.0020612111171318974,-0.0020612111171318974,1.257412666084428,82.23870894770381,0.01301822970543931,1.0777587890625,61.65093304379507,0.5168410930333067,0.04520403373775015,9.670110430036273,7.307938176085529,3.159218606594099,43.05306788744834
405,2014-08-12,91.41000366210938,92.16000366210938,91.0199966430664,91.37000274658203,82.75218963623047,518300,-0.013283045754158618,54.7436567425182,0.0011892333148978797,0.012471359516152348,82.94886125837054,0.5538914311273683,84.05664412062528,81.8410783961158,0.00864239015291506,-0.004266568246563058,1.24071039610897,82.30717303950738,-0.013283045754158618,-1.1139984130859375,58.93962875095735,0.5088715510110546,-0.03786820657971468,9.638053894042969,7.324876974501854,3.166541242040758,43.94928788184203
406,2014-08-13,90.98999786376953,91.69999694824219,90.66000366210938,91.29000091552734,82.67975616455078,635300,-0.0008753058015515958,54.7410767367322,0.0011891212231336515,0.011429753935041226,82.97732761928013,0.5304321224780745,84.03819186423628,81.91646337432398,0.004505946173651866,-0.003626708532889785,1.2396243951012105,82.35685078951316,-0.0008753058015515958,-0.0724334716796875,59.502141290199,0.4910503331557976,-0.04326966020453155,9.698073250906807,7.327619582604028,3.167726870372336,44.83018056468586
407,2014-08-14,91.26000213623047,91.38999938964844,90.9000015258789,91.08999633789062,82.49861907958984,682600,-0.002190827517686844,53.965078302141315,0.0011556466968873976,0.005369251066179854,83.01096779959542,0.482929011356108,83.97682582230763,82.04510977688321,0.0032873443429244724,-0.0039447797712536025,1.2369085918648268,82.37575322819005,-0.002190827517686844,-0.1811370849609375,63.56389652288206,0.45704214335030713,-0.056777276800318605,9.796070098876953,7.2410983015522,3.2528801053570846,45.94787328535121
408,2014-08-15,92.0,92.44000244140625,90.5999984741211,91.80000305175781,83.14163208007812,839200,0.007794227438739698,53.11324750787324,0.0011194512146161122,0.02000004312266474,82.96956416538784,0.45232442324794325,83.87421301188373,82.06491531889195,0.006956515104874321,-0.015217407889988111,1.2465493387507525,82.47787040844179,0.007794227438739698,0.6430130004882812,66.06679555297848,0.4764835770932194,-0.008827001578790163,9.948014395577568,7.675589118400361,3.210343892443489,47.64249630864616
409,2014-08-18,92.37000274658203,92.87999725341797,91.98999786376953,92.86000061035156,84.10165405273438,666500,0.01154682616443714,53.104255699539394,0.0011190722116674846,0.009635156037508835,83.11835261753627,0.6253056234145887,84.36896386436545,81.8677413707071,0.00021648416663218282,-0.004113942530185335,1.2609430272707014,82.69437489434748,0.01154682616443714,0.96002197265625,71.15729650606829,0.5628684067379623,-0.9365713795337016,10.12875747680664,7.6142963971786815,3.8796436561802032,47.56373051318928
410,2014-08-19,93.11000061035156,93.5199966430664,92.97000122070312,93.0999984741211,84.31901550292969,530600,0.002584508624039916,52.8379943636435,0.0011078784318938183,0.005906942527741055,83.33700779506138,0.746560342740234,84.83012848054184,81.84388710958092,0.004510773989820154,-0.0015035913299400513,1.2642019453991056,82.91099364215845,0.002584508624039916,0.2173614501953125,40.74401645046133,0.6414737489910038,-1.0853672492790931,9.284012930733818,7.640957017210111,3.516949444485699,46.71380021105318
411,2014-08-20,92.69999694824219,92.83999633789062,92.19000244140625,92.45999908447266,83.73938751220703,471500,-0.006874226261601946,52.91167661626258,0.0011109704453745825,0.007011800624408763,83.31889343261719,0.7329955498391483,84.78488453229548,81.8529023329389,0.004099215382176713,-0.005501559046659798,1.2555115351860748,83.02144615816492,-0.006874226261601946,-0.5796279907226562,42.041111870952165,0.6495107586302851,-1.522602288816543,9.220269339425224,7.534461270616748,3.5234554455825227,46.42713596650181
412,2014-08-21,93.33000183105469,94.29000091552734,93.20999908447266,94.0999984741211,85.2247085571289,437900,0.017737424276065505,53.10668473996291,0.0011191745889165903,0.01157186124360845,83.67211042131696,0.9713682158635436,85.61484685304404,81.72937398958987,0.0020358131113100276,-0.0012857896092111879,1.2777810759691646,83.31521447802679,0.017737424276065505,1.485321044921875,58.60435486767642,0.7668928779297062,-1.2056669129358129,9.321673801967076,8.188863459747155,3.491723955073631,46.328114827435535
413,2014-08-22,93.11000061035156,93.9800033569336,93.02999877929688,93.48999786376953,84.67223358154297,1139700,-0.006482568083123419,53.17024095465289,0.0011218549695142248,0.010203034812686935,83.95675005231585,0.9228288567128601,85.80240776574158,82.11109233889013,0.005262651594372193,-0.0008592184569891759,1.2694977731488677,83.49615035849561,-0.006482568083123419,-0.5524749755859375,62.29678433413749,0.8060473280129372,-1.3400890281526472,9.34451402936663,8.162526873195338,3.480494058445132,46.026835960407844
414,2014-08-25,94.51000213623047,95.55000305175781,94.38999938964844,94.91999816894531,85.96735382080078,450900,0.015295690032914422,52.55376367136705,0.0010959913000102776,0.012273871927727815,84.45228358677456,0.9404950634730302,86.33327371372062,82.5712934598285,0.006666012787772303,-0.0012697359419064928,1.2889156175844279,83.82564415346964,0.015295690032914422,1.2951202392578125,68.5403315668201,0.9308526019732142,-0.7844775288162226,9.441532679966517,8.787607477656273,3.4203853350357547,45.95709427813561
415,2014-08-26,95.3499984741211,96.16000366210938,95.31999969482422,95.52999877929688,86.51982879638672,369700,0.006426567191280208,52.385961658756216,0.0010890035630605856,0.008809690411407205,84.93488311767578,1.0192975896587566,86.97347829699329,82.89628793835827,0.006607287812212073,-0.00031461751208120844,1.2971989204047245,84.18486877252525,0.006426567191280208,0.5524749755859375,66.47347186602411,1.0620985827355724,-0.6120684705879351,9.451231820242745,8.686794338049172,3.8297146069378893,45.64166527867382
416,2014-08-27,95.38999938964844,95.91000366210938,95.08000183105469,95.69999694824219,86.6738052368164,318600,0.0017796664946256868,51.88594602344283,0.0010683140455347707,0.008701140962002751,85.30233328683036,1.1268131708344766,87.55595962849931,83.04870694516141,0.00220155902307278,-0.003249790969464986,1.2995075018602333,84.51672696776407,0.0017796664946256868,0.1539764404296875,69.73297526727887,1.1651059636778456,-0.5863199164084199,9.416348593575615,8.596313806984233,3.78982479281565,45.36643983420031
417,2014-08-28,95.2699966430664,96.2300033569336,95.0,95.94000244140625,86.89117431640625,771600,0.002507898193646163,16.457686645582413,0.00010748232131911953,0.01291071061482095,85.66978454589844,1.1712248923235433,88.01223433054552,83.32733476125135,0.003043989983686533,-0.002834015456912018,1.3027665343767783,84.83331994758304,0.002507898193646163,0.21736907958984375,72.53738174009182,1.249872174882782,-0.658760380303983,9.492515019008092,2.719648481438193,4.01375390036772,43.517316174064696
418,2014-08-29,95.62999725341797,96.7300033569336,94.9800033569336,96.12000274658203,87.05418395996094,793700,0.0018760207217489722,15.989367613860441,0.00010145233202030505,0.01829969727346669,86.14332689557757,0.8991698969776217,87.94166668953282,84.34498710162232,0.00637875800346486,-0.006796966591580062,1.3052105513908703,85.12943514923343,0.0018760207217489722,0.1630096435546875,69.46905829763561,1.3150445093595806,-0.5784358384610789,9.480890546526227,2.9660248561368032,3.228324462885589,40.93064237848188
419,2014-09-02,96.08000183105469,101.27999877929688,96.08000183105469,100.27999877929688,90.82183074951172,3084500,0.04327933039133014,20.057577727877526,0.00015964540647216198,0.054121532568096396,86.94291578020368,1.8894523452755547,90.72182047075479,83.16401108965256,0.010407993140532841,0.0,1.361699190074766,85.88842122927053,0.04327933039133014,3.7676467895507812,87.21819909215665,1.651672213208883,0.020770811708977183,9.90460477556501,5.129336030096124,3.1474359979712,39.28257942627621
420,2014-09-03,99.6500015258789,99.69999694824219,97.86000061035156,98.02999877929688,88.78404235839844,1536400,-0.022437208920986662,21.263146229587,0.00017941324903999982,0.018464589159216237,87.53031703404018,1.6950245223871916,90.92036607881457,84.1402679892658,0.01675863666205381,-0.017962878957533023,1.33114646085952,86.27450404648759,-0.022437208920986662,-2.0377883911132812,73.83305740122594,1.734030773763152,-0.17003333931016845,9.899630410330635,5.118194650519339,4.0140779077850315,37.26977446279906
421,2014-09-04,98.45999908447266,99.63999938964844,95.80999755859375,98.02999877929688,88.78404235839844,2120900,0.0,21.18527076258507,0.00017810146717620688,0.038899064256224296,87.93270111083984,1.5934360856927925,91.11957328222543,84.74582893945426,0.016351824348183067,-0.026914498786510928,1.33114646085952,86.60910915474237,0.0,0.0,74.89235930870655,1.7787956770605007,-0.17003333931016845,10.052895682198661,5.084847197678739,3.9879242964301427,34.975632228066814
422,2014-09-05,97.87999725341797,98.05000305175781,97.4000015258789,97.70999908447266,88.49423217773438,557700,-0.0032642147503734176,20.959490595378536,0.0001743254944514924,0.006640800409873409,88.21475873674665,1.4717588563202284,91.1582764493871,85.27124102410619,0.003473681822904662,-0.004903920525215391,1.326801312947075,86.8604588911413,-0.0032642147503734176,-0.2898101806640625,71.80817598332874,1.7704779580859622,-0.37629336292016075,10.004651205880302,5.104529301230596,4.267641460734885,32.98862310903671
423,2014-09-08,97.66000366210938,98.01000213623047,96.97000122070312,97.37000274658203,88.18629455566406,813200,-0.00347974793941197,20.919298883392123,0.0001736575657828137,0.010649200046373217,88.43082863943917,1.309956353449277,91.05074134633773,85.81091593254061,0.006553341855922413,-0.0070653534254777085,1.3221843788123384,87.03723697974434,-0.00347974793941197,-0.3079376220703125,67.57602856381226,1.7192200151562957,-0.4404520900688576,9.988751547677177,4.628233164919689,4.275231823116598,30.639458609755962
424,2014-09-09,97.55999755859375,97.75,96.73999786376953,97.20999908447266,88.04137420654297,453100,-0.0016433432184818075,20.86595614478142,0.00017277306580791316,0.010352625681687513,88.5951429094587,1.1465934293373117,90.88832976813333,86.30195605078407,0.005535064873315762,-0.008405081133091803,1.3200115760798345,87.17112194331749,-0.0016433432184818075,-0.14492034912109375,66.11762669378172,1.6479078096244706,-0.45639492917837515,9.999134608677455,4.603994072392981,4.252841477591416,28.29029411047521
425,2014-09-10,97.11000061035156,97.63999938964844,96.6500015258789,97.5,88.30403137207031,903500,0.00298333786693461,20.546922546896468,0.00016753016910641346,0.01019460259033302,88.77369253976005,0.9464927014153518,90.66667794259075,86.88070713692935,0.0014416577980488046,-0.004736886845654309,1.3239496165995455,87.32217653381787,0.00298333786693461,0.26265716552734375,70.3225192849209,1.594209555707124,-0.5728445342092803,10.076109204973493,4.613059725239374,3.376721541417825,27.139741765161077
426,2014-09-11,97.7300033569336,98.62999725341797,97.54000091552734,98.5199966430664,89.22781372070312,1365900,0.010461383634235766,19.878879980903566,0.00015681344019649523,0.011153139265837277,88.54597582135882,0.413009724836166,89.37199527103115,87.7199563716865,0.0011255561912733563,-0.001944156706025223,1.3377999614511926,87.57626149206924,0.010461383634235766,0.9237823486328125,68.76050752179451,1.6076626830906662,-0.4608709161931818,10.060062953404017,5.046726708696605,3.3435186019556884,26.21899264756835
427,2014-09-12,99.30000305175781,99.76000213623047,98.7699966430664,98.91999816894531,89.5901107788086,1436100,0.004060360138818497,19.810159221816654,0.00015573111444195512,0.009969843532109916,88.66112845284599,0.5721572380615302,89.80544292896904,87.51681397672293,0.00845925419405399,-0.005337425905366315,1.343231911088382,87.84477473030115,0.004060360138818497,0.36229705810546875,73.46586325498225,1.6287831301706177,-0.6966457236630841,10.186983925955635,5.0083313986883935,3.9087069353440014,24.918808401473836
428,2014-09-15,99.88999938964844,100.30000305175781,99.3499984741211,99.8499984741211,90.43238067626953,1009300,0.009401371313631168,19.767818902063638,0.0001550661365653905,0.00951050739254652,88.89660535539899,0.8848977756168822,90.66640090663276,87.12680980416522,0.004505001305299363,-0.005405955739582313,1.355860133044842,88.18978885643027,0.009401371313631168,0.8422698974609375,72.26737284266277,1.6939584793307603,-0.7218453944460389,10.17499269757952,4.960698680448875,4.033244509309104,23.600101756506977
429,2014-09-16,99.4000015258789,101.70999908447266,99.36000061035156,101.2300033569336,91.6822280883789,1625400,0.01382079519263768,20.00490933187905,0.00015880809419710354,0.02364183539282209,89.35203334263393,1.3443803848640266,92.04079411236198,86.66327257290588,0.004828930786425542,-0.00040242369128062303,1.3745991982535173,88.6554474206901,0.01382079519263768,1.249847412109375,74.07091722244911,1.8254203444042076,-0.49001149511287656,10.252490452357701,5.099508613772185,4.007773593249261,22.217673485721384
430,2014-09-17,100.7699966430664,101.18000030517578,100.27999877929688,100.44000244140625,90.96673583984375,1418200,-0.007804045161789119,20.29648890911607,0.0001634712150943934,0.008931244972318175,89.74923924037388,1.3532714234954788,92.45578208736484,87.04269639338293,0.007343434439029007,-0.0048625372639947,1.3638717640309876,88.96361920991059,-0.007804045161789119,-0.7154922485351562,69.02080621989353,1.8505387163660174,-0.5963254182565972,10.26017597743443,5.105313751146449,3.789953614277577,21.374570030013935
431,2014-09-18,101.2699966430664,102.43000030517578,101.2699966430664,102.12999725341797,92.49734497070312,887400,0.01682603115004766,20.781011273268383,0.0001713692180713124,0.011454564042278917,90.38580649239677,1.459841220860882,93.30548893411853,87.466124050675,0.00296240803497995,0.0,1.3868203128172434,89.43478264468293,0.01682603115004766,1.530609130859375,72.25012021166944,1.9712294659047558,-0.3332428729136926,10.396395002092634,5.642163220250359,3.2943872648697936,20.865579866713887
432,2014-09-19,101.05000305175781,102.04000091552734,100.5999984741211,100.83000183105469,91.31997680664062,756900,-0.012728669827608674,21.277732979271505,0.00017965949235602296,0.01425039483342401,90.81665584019252,1.1565960647290063,93.12984796965054,88.50346371073451,0.011974260741515214,-0.004453286136035309,1.3691679349451717,89.68614186627728,-0.012728669827608674,-1.1773681640625,65.6687448996978,1.9494024848956002,-0.6782505874746599,10.375239780970983,5.615278623650307,3.2786896912259658,20.389337252763593
433,2014-09-22,100.55000305175781,100.5999984741211,99.05000305175781,99.05000305175781,89.70784759521484,1037600,-0.017653631415602278,21.965602734125202,0.0001914633743942096,0.015415170316458626,90.88523210797992,1.0565986508305127,92.99842940964095,88.77203480631889,0.015415170316458626,-0.01491795081525636,1.3449971488755883,89.68903596346895,-0.017653631415602278,-1.6121292114257812,45.1383783495818,1.7814832608584936,-0.9217745365029497,10.021968841552734,4.968459850860763,3.298234554161006,19.436530462504056
434,2014-09-23,98.98999786376953,99.33000183105469,98.3499984741211,98.5999984741211,89.30026245117188,1023800,-0.004543472560863293,21.87539012859456,0.00018989392590405233,0.009900024023460215,90.8438252040318,1.119612439454451,93.0830500829407,88.6046003251229,0.007374516341926055,-0.0064652934989372106,1.3388861912352328,89.63719949516268,-0.004543472560863293,-0.40758514404296875,52.62661819898354,1.5971068970783193,-0.9833432638351867,10.075110844203405,4.948334935779176,3.2848749432727047,18.48372367224452
435,2014-09-24,98.1500015258789,100.2699966430664,98.04000091552734,100.19999694824219,90.74935913085938,728600,0.016227238755091467,21.94563368778852,0.00019111541188833244,0.02272028214845301,90.88910784040179,1.1065317970236013,93.10217143444899,88.67604424635459,0.0007131909703105012,-0.001120739772200197,1.360612617126302,89.7854874465889,0.016227238755091467,1.4490966796875,58.714753352973254,1.5500492885409614,-1.020872602284067,10.083237784249443,4.651956439036788,3.2834639754574404,17.21136879155526
436,2014-09-25,99.58000183105469,99.68000030517578,98.7300033569336,99.18000030517578,89.82556915283203,1425800,-0.010179575777447103,22.338024615802276,0.00019801085068896348,0.009540037465091957,90.62387084960938,1.107256059677829,92.83838296896504,88.40935873025371,0.005021088479675763,-0.008535835092302801,1.346762157886514,89.790831674088,-0.010179575777447103,-0.9237899780273438,55.589258179968596,1.421823764647229,-1.1806978917523323,10.059286390032087,4.679539500120262,3.1901736033072488,16.26469742854721
437,2014-09-26,99.58000183105469,100.16999816894531,99.25,100.05999755859375,90.62257385253906,213400,0.008872804338717621,22.468749461954225,0.00020033519935875712,0.009238784414828208,90.574704851423,1.0970885791637306,92.76888200975046,88.38052769309553,0.0011046455947870658,-0.003313936784361197,1.3587117150042303,89.9017306312148,0.008872804338717621,0.7970046997070312,59.82461840257651,1.3687377745117004,-1.0428077761762207,10.11847632271903,4.65865284524419,3.4191562477495836,15.147510673102099
438,2014-09-29,98.91000366210938,100.19999694824219,98.69999694824219,99.69999694824219,90.2965316772461,249900,-0.003597803079655404,22.55820353062546,0.00020193355020996923,0.015165301228015451,90.2603029523577,0.6964810969921104,91.65326514634192,88.86734075837349,0.005055100409338483,-0.0021232100504676985,1.3538233378116242,89.95437077068564,-0.003597803079655404,-0.32604217529296875,58.9632854261251,1.285538973105659,-1.09921646893595,10.119456154959542,4.522559703765531,3.4188168376593664,14.894150851856633
439,2014-09-30,99.05999755859375,99.83000183105469,98.56999969482422,98.81999969482422,89.49952697753906,733500,-0.008826526167758364,22.863872380737938,0.0002074431191439169,0.012719585779165606,90.00023869105748,0.561686890413595,91.12361247188467,88.87686491023028,0.010195862720802662,-0.004946475629375002,1.341873780693908,89.89372493159944,-0.008826526167758364,-0.7970046997070312,54.55797826542247,1.1421259877185435,-1.644268904206621,10.11480222429548,4.294848046177313,3.4237063514388097,15.229952476429016
440,2014-10-01,98.7300033569336,98.7300033569336,96.7699966430664,96.8499984741211,87.71533203125,915700,-0.01993524442578143,18.314742514850323,0.00013310706086716882,0.019852189276052937,89.71559361049107,1.0377137623195856,91.79102113513024,87.6401660858519,0.019041880065736587,-0.019852189276052937,1.3151231988872276,89.60327254488618,-0.01993524442578143,-1.7841949462890625,44.58851250425835,0.874420764275726,-1.5997630306200026,10.03655297415597,2.2156524583529924,3.5057268237299626,15.163427935846038
441,2014-10-02,97.37999725341797,97.4800033569336,95.58000183105469,96.93000030517578,87.78778839111328,822600,0.0008260398517041523,16.678484523572788,0.00011038565317581608,0.01951120948313867,89.49952588762555,1.2700548072789062,92.03963550218336,86.95941627306775,0.005648008495281692,-0.018484241868266253,1.3162095430594092,89.3612079910498,0.0008260398517041523,0.07245635986328125,43.41491860985022,0.660495290122725,-1.1375496606867792,9.981730324881417,2.2062724928389623,2.6408478863703957,15.014635886727579
442,2014-10-03,97.62999725341797,98.11000061035156,97.27999877929688,97.44999694824219,88.25875091552734,539400,0.0053647840211650255,16.80121180564771,0.00011201615799136327,0.008501504193432,89.1437247140067,1.2089605280575064,91.56164577012171,86.72580365789167,0.006760254846634943,-0.003584948109878601,1.3232707229845193,89.21421371431347,0.0053647840211650255,0.4709625244140625,41.83679667720703,0.5229325098692357,-1.0687959921723509,9.954038892473493,2.2119104211911735,3.4615035077835152,15.487737959924797
443,2014-10-06,98.29000091552734,98.54000091552734,97.26000213623047,97.94000244140625,88.70254516601562,528300,0.005028331421923715,16.85794276072147,0.0001127739024300639,0.013022675423484176,88.98329271589007,1.1775024361671316,91.33829758822434,86.62828784355581,0.0061043694020996705,-0.010479181704170289,1.329924566740614,89.1459912412071,0.005028331421923715,0.44379425048828125,38.08844403426402,0.4445984483435552,-1.0040084959174376,9.882869720458984,2.4060858364193733,2.6871954642669107,15.325343962085283
444,2014-10-07,96.63999938964844,96.88999938964844,94.86000061035156,94.86000061035156,85.91302490234375,1041400,-0.03144802957402193,20.093546002123695,0.00016021848846803992,0.021005782203205578,88.3105000087193,1.4077063813906125,91.12591277150052,85.49508724593808,0.021005782203205578,-0.018418861657065976,1.288101059634537,88.714929062692,-0.03144802957402193,-2.789520263671875,32.67088174446458,0.15563312613343783,-1.1818990843718347,9.789275578090123,2.421410484996544,2.7043105336982416,15.399365906744032
445,2014-10-08,94.41000366210938,96.38999938964844,94.12999725341797,96.33000183105469,87.24439239501953,1289100,0.015496689753260684,20.90317867884248,0.0001733900313014343,0.02393816384457467,87.87448011125836,1.1366099987808345,90.14770010882003,85.6012601136967,0.0006355000134146748,-0.0029658552889537102,1.3080623621265397,88.51885750700234,0.015496689753260684,1.3313674926757812,31.738155522277367,0.0336681508702128,-0.8704932579717973,9.718826293945312,2.410853312597724,2.6925199378033704,15.47338785140278
446,2014-10-09,95.04000091552734,95.55000305175781,94.16000366210938,94.33000183105469,85.43301391601562,1083800,-0.0207621192523465,22.014969770629946,0.00019232495793720234,0.01462541431248391,87.29354967389789,1.2047760780543888,89.70310183000666,84.88399751778911,0.012836713057141869,-0.009259230270842701,1.2809042153745624,88.10741169487078,-0.0207621192523465,-1.8113784790039062,30.3981262257268,-0.2067695648362644,-1.3442011895721409,9.630465916224889,2.4258275178114044,2.7236575904833935,15.011944688574856
447,2014-10-10,93.11000061035156,93.19000244140625,90.0199966430664,90.05999755859375,81.56576538085938,1524500,-0.0452664416001749,26.260675905071256,0.0002736599599171386,0.03404581438685348,86.41504015241351,2.4473139045610326,91.30966796153558,81.52041234329144,0.03361620515835889,-0.03318659592986431,1.222922239513892,87.23519218633592,-0.0452664416001749,-3.86724853515625,26.429066486792365,-0.7012888028542505,-0.8248030499714177,9.521677834647042,1.9746369739809273,2.757688620427656,14.83323072945114
448,2014-10-13,90.91999816894531,92.43000030517578,90.36000061035156,90.41000366210938,81.88274383544922,1440300,0.003886170295953839,26.253895460494082,0.0002735186614486314,0.022767265029832007,85.57146235874721,2.8755283515930525,91.32251906193332,79.8204056555611,0.022217297445528958,-0.006159234160488832,1.2276747235953522,86.5215324062177,0.003886170295953839,0.31697845458984375,28.41339883575266,-1.055454724549449,-0.7938783226943598,9.61039788382394,1.9714531599687768,2.3210793384761805,14.633862311195296
449,2014-10-14,91.25,94.25,91.19999694824219,92.70999908447266,83.96580505371094,1599600,0.025439562973705643,27.83655216912867,0.00030748953835897685,0.03342469097816781,84.95818437848773,2.6563077830957185,90.27079994467917,79.64556881229629,0.016876722361943493,-0.0005479786494006849,1.2589062320374829,86.1807687592168,0.025439562973705643,2.0830612182617188,30.960907434705106,-1.1547370477877763,-0.5947142836800661,9.710220881870814,2.8324152416547057,2.0231595192131855,14.936459540206318
450,2014-10-15,90.80999755859375,92.51000213623047,88.69999694824219,91.81999969482422,83.15975189208984,1298600,-0.009599778875525322,27.18793914271491,0.00029332699794760677,0.04195579000571974,84.1663567679269,2.1276360582517597,88.42162888443042,79.91108465142338,0.007598309216570968,-0.02323533385176139,1.2468210105849022,85.77796651026655,-0.009599778875525322,-0.8060531616210938,31.166887251626363,-1.283663484325615,-0.4817604396654212,9.682617732456752,2.1819440038054823,2.0501539022223065,14.513915042977441
451,2014-10-16,88.63999938964844,91.91000366210938,88.55000305175781,90.73999786376953,82.18161010742188,1165600,-0.011762201815335271,27.283062932098296,0.0002953831440304903,0.03790614433086233,83.63329751150948,2.084079161839065,87.80145583518761,79.46513918783135,0.013199523989126735,-0.001015301652869088,1.2321556502308024,85.2984523232206,-0.011762201815335271,-0.9781417846679688,26.393144462671103,-1.4480739859817504,-0.5466434575779247,9.568747929164342,2.1899348167606782,1.6069374791852074,14.540938031357184
452,2014-10-17,93.33999633789062,93.45999908447266,92.22000122070312,92.51000213623047,83.78467559814453,1013600,0.01950637726161908,27.563664826193907,0.00030149032486141215,0.013284743008567744,83.13905225481305,1.3743650757048451,85.88778240622274,80.39032210340336,0.010177812143930242,-0.011999091077024683,1.25619054318924,85.09661542654379,0.01950637726161908,1.6030654907226562,33.002404893588036,-1.4325034967261274,-0.4224581533075593,9.690245492117745,1.5789661924329672,3.4080261199784,15.03641427798191
453,2014-10-20,90.94999694824219,92.62000274658203,90.93000030517578,92.51000213623047,83.78467559814453,443400,0.0,27.4404794531281,0.00029880155262600985,0.01858166572966458,82.90357535226005,1.008274100037496,84.92012355233504,80.88702715218506,0.0012094624963446853,-0.00021986414224715078,1.25619054318924,84.92169011609056,0.0,0.0,34.435172752279584,-1.4039795692839618,-0.46810680852243813,9.64037813459124,1.5844618663298504,3.419887932015428,15.531890524606638
454,2014-10-21,91.93000030517578,93.77999877929688,91.81999969482422,93.55999755859375,84.73563385009766,684800,0.01135002606579505,27.45466328073322,0.0002991105301025557,0.021320559969173696,83.35641370500836,1.0190653208308074,85.39454434666997,81.31828306334675,0.002393138474630666,-0.001196569237315333,1.270448338598043,84.89688261395817,0.01135002606579505,0.950958251953125,41.49871464736062,-1.28977207817735,-0.3818188205518673,9.69501004900251,2.1477015331816247,3.4078928874946164,15.649938868391985
455,2014-10-22,93.30000305175781,93.80999755859375,92.0999984741211,92.16000366210938,83.46768188476562,762700,-0.014963621651489789,27.784456625053604,0.00030633969442439877,0.018327963864310282,83.58283342633929,0.7866364323971522,85.1561062911336,82.00956056154499,0.01768482146317881,-0.012861784977338328,1.2514378303314981,84.7063225167325,-0.014963621651489789,-1.2679519653320312,38.46155100131188,-1.2867421826282595,-0.5087409663443584,9.645702362060547,2.153485920965078,3.554736831404747,15.856780119415099
456,2014-10-23,93.62000274658203,94.51000213623047,93.44000244140625,93.97000122070312,85.10696411132812,630200,0.01963972389727653,28.10627753936279,0.0003134773163173369,0.011429178203728298,83.74585614885602,0.9749404667125973,85.69573708228121,81.79597521543083,0.005768007900929683,-0.0019226693003098943,1.2760157237938154,84.75974139601192,0.01963972389727653,1.6392822265625,42.07647883568961,-1.1389356517158262,-0.3446486162841404,9.69713865007673,1.6907203475042332,4.212066166705483,17.069595981852352
457,2014-10-24,94.2300033569336,95.58000183105469,94.0999984741211,95.05999755859375,86.09415435791016,821200,0.011599406193019579,28.40664114008821,0.00032021319875466346,0.015706285728628203,84.16505650111607,1.2678023776930978,86.70066125650226,81.62945174572988,0.005518457539380685,-0.0013796548676757957,1.2908167484827797,84.93766312426501,0.011599406193019579,0.9871902465820312,43.61695970522264,-0.9314032713395335,-0.29446639954626125,9.710837772914342,2.1999365698489743,3.8437986755885687,17.46360317503455
458,2014-10-27,94.5199966430664,95.98999786376953,94.27999877929688,95.79000091552734,86.75531005859375,492600,0.007679449384391912,28.352763704231325,0.0003189996863761812,0.018091400182017405,84.81844220842633,1.2537211898352714,87.32588458809687,82.3109998287558,0.0021159220836351822,-0.002539122643812922,1.3007295103672785,85.18001604884218,0.007679449384391912,0.6611557006835938,52.30084364266898,-0.7054506294364558,-0.22891502952499213,9.832865578787667,2.405192060706322,3.598021834120583,17.67909783452591
459,2014-10-28,97.58000183105469,98.29000091552734,96.87000274658203,98.01000213623047,88.76593017578125,938200,0.02317575853085585,29.640953211752013,0.0003486452806751078,0.014552143290628636,85.53005000523159,1.8439174413736763,89.21788488797894,81.84221512248423,0.0028694278954990325,-0.007276071645314318,1.3308749034135088,85.65813793243406,0.02317575853085585,2.0106201171875,54.007614489635074,-0.3599915345010203,0.02216911410490498,9.908416748046875,2.367870281076189,4.818073190403752,18.64093257882604
460,2014-10-29,97.81999969482422,98.06999969482422,96.29000091552734,96.5199966430664,87.41645050048828,566700,-0.015202675988643666,29.943424912654866,0.0003557971013888093,0.01819667537160151,86.0488749912807,1.7808288626442406,89.61053271656918,82.48721726599221,0.015845461629456794,-0.015640960785832318,1.3106420434754957,85.89257960817463,-0.015202675988643666,-1.3494796752929688,55.35450725384524,-0.19288103211627572,-0.11638119095344737,9.979735238211495,2.370503488030629,4.823431162896318,19.727162647858652
461,2014-10-30,96.93000030517578,97.88999938964844,96.19999694824219,97.4800033569336,88.2859115600586,516800,0.009946194962073607,29.339303573760333,0.00034158521198145446,0.017435287693030252,86.55605752127511,1.848747328697368,90.25355217866985,82.85856286388037,0.004229815654843768,-0.007531242697155069,1.3236779447653935,86.21169053509249,0.009946194962073607,0.8694610595703125,71.64521451253094,0.009602791109486475,-0.02711412213770355,10.173775264195033,2.356304404025835,4.794539282070527,20.27710803866947
462,2014-10-31,99.2300033569336,99.91999816894531,98.72000122070312,99.68000030517578,90.27841186523438,688700,0.02256872325343018,30.322569811298678,0.00036486438093693706,0.012093085837413095,87.52901894705636,1.741574017452469,91.0121669819613,84.04587091215141,0.0024186017902896872,-0.005139596079584662,1.353551665977473,86.75392004577807,0.02256872325343018,1.9925003051757812,74.40754257313921,0.327080422925917,0.1520149125538151,10.22876467023577,2.3352682745187483,5.955190784569343,21.929397349109305
463,2014-11-03,99.55999755859375,99.8499984741211,99.04000091552734,99.55000305175781,90.16068267822266,412900,-0.0013040679890056195,30.303699705881805,0.0003644104031207383,0.008135773186585753,88.250978742327,1.6129271059342334,91.47683295419547,85.02512453045854,0.00301321243189792,-0.005222947527297539,1.3517865425784064,87.20815506343736,-0.0013040679890056195,-0.11772918701171875,70.33295487497602,0.5626975449244611,0.1416605380973342,10.029073987688337,2.3436696117714093,5.315211625788356,22.72812240328976
464,2014-11-04,99.2699966430664,99.44999694824219,98.31999969482422,98.95999908447266,89.62632751464844,551900,-0.005926698286894072,30.366456457421837,0.0003659213007065459,0.011383069322354956,88.75557490757534,1.3580976207408744,91.47177014905708,86.0393796660936,0.004936011688721615,-0.009569829559458747,1.3437749115922604,87.53057805693217,-0.005926698286894072,-0.5343551635742188,71.61015458279473,0.6982587238128417,0.09466358180432238,10.082296643938337,2.1477904538654,5.340601583401179,24.495626250139544
465,2014-11-05,99.80000305175781,100.38999938964844,99.12999725341797,100.08999633789062,90.6497573852539,422500,0.011418853131499818,28.207898034516386,0.000315748218859394,0.012625271520052082,89.31192452566964,1.1893113129433213,91.69054715155629,86.93330189978299,0.0030060425108627132,-0.006713484748015173,1.3591192799495266,87.94646863404174,0.011418853131499818,1.0234298706054688,78.21365404843161,0.8781513895564501,-0.02962399017372601,10.226112365722656,2.5685991450898076,5.275156685208338,25.875943523671943
466,2014-11-06,100.6500015258789,101.9800033569336,100.62000274658203,101.81999969482422,92.21659088134766,532100,0.017284475339904626,28.316594732879846,0.00031818632431196756,0.013512176748471109,89.80487605503627,1.5771671191376389,92.95921029331156,86.65054181676099,0.001589703523931246,-0.0002980504604280784,1.3826109436278031,88.51581826701586,0.017284475339904626,1.56683349609375,78.16092774090441,1.134075080188623,0.1164335041488705,10.229816436767578,3.311471263369914,5.253832789808629,26.69298463796336
467,2014-11-07,100.12000274658203,100.12000274658203,99.0199966430664,99.7699966430664,90.35991668701172,524600,-0.020133841173166633,28.251497441201558,0.00031672504272627674,0.010986876481614737,90.22537122453961,1.1754798233508752,92.57633087124137,87.87441157783786,0.003495865900059354,-0.010986876481614737,1.354773674484519,88.76169805634865,-0.020133841173166633,-1.8566741943359375,69.53704837166705,1.1735503997375787,-0.143708905662871,10.163251059395927,3.3177929649504825,5.249620018908884,27.491311280933125
468,2014-11-10,100.69000244140625,102.0,100.5199966430664,101.95999908447266,92.34336853027344,721300,0.02195057184627558,22.928324321045267,0.0002086143080043791,0.014698612782285318,90.80500793457031,1.0538085435117985,92.91262502159391,88.69739084754671,0.00039726799639935623,-0.001688407927477943,1.384511731361734,89.23925411953863,0.02195057184627558,1.9834518432617188,71.29811218555115,1.3493286415847194,0.02458283016585068,10.280733925955635,4.133938250993467,5.154615018182127,27.22662921100365
469,2014-11-11,101.41999816894531,102.4800033569336,101.2300033569336,102.30000305175781,92.65129852294922,833200,0.0033346194488761416,22.935605949058637,0.00020874683343273553,0.012324985432535223,91.14399174281529,1.2240772061027267,93.59214615502074,88.69583733060983,0.0017748009113147188,-0.0018733466322413614,1.3891285511083302,89.69419337332671,0.0033346194488761416,0.30792999267578125,77.1703137830799,1.4962338886973754,-0.08724599984302353,10.356610434395927,4.1480043138091744,5.345183761641743,27.43929327539212
470,2014-11-12,102.11000061035156,102.56999969482422,101.58999633789062,101.83000183105469,92.22562408447266,582200,-0.0045943709938520705,22.071643819875966,0.00019331645274264618,0.009597525718105269,91.43898337227958,1.1961104613728157,93.83120429502522,89.04676244953394,0.0072470655111769025,-0.005092589064270569,1.3827463791863863,90.03171746814617,-0.0045943709938520705,-0.4256744384765625,72.69042376702225,1.5603225585658862,-0.22129564575113944,10.276351928710938,3.3350799315932123,5.577396655713073,27.84371099534432
471,2014-11-13,101.86000061035156,102.7300033569336,101.4000015258789,101.91999816894531,92.30714416503906,574000,0.0008839200750947462,21.5153845872656,0.0001836951483880737,0.013057155145152488,91.82195717947823,0.9151849321049683,93.65232704368817,89.99158731526829,0.007952141990326712,-0.004515993341020152,1.3839686164697138,90.33510769439856,0.0008839200750947462,0.08152008056640625,71.0170743453303,1.5992560521141428,-0.23347379236681748,10.278590611049108,3.3794344373541287,5.5261533915052645,28.84329397048827
472,2014-11-14,101.2699966430664,102.33000183105469,101.01000213623047,102.0999984741211,92.47017669677734,278500,0.0017661962485460148,20.675913989368215,0.00016964024575228244,0.013034459747013278,92.08201708112445,0.7743921140299117,93.63080130918428,90.53323285306462,0.002271189538440073,-0.002567339937339066,1.386412976648228,90.6197835613824,0.0017661962485460148,0.16303253173828125,70.00626582146629,1.6245398054075508,-0.5711817137729714,10.287663051060267,3.3593959955806643,5.493385925522522,29.25999063459426
473,2014-11-17,102.1500015258789,102.69999694824219,101.87000274658203,102.44999694824219,92.7871322631836,576100,0.0034276517870792667,20.06561957283191,0.0001597734479530217,0.008125249038296721,92.16352299281529,0.8196212229245722,93.80276543866444,90.52428054696614,0.002447381265448777,-0.0027410550671987948,1.3911651175652662,90.90876338828923,0.0034276517870792667,0.31695556640625,65.97105939206179,1.6511199444201736,-0.5226433898313005,10.1944580078125,3.375889430260944,4.204650211074135,28.034091923396687
474,2014-11-18,102.83999633789062,104.22000122070312,102.83999633789062,103.86000061035156,94.06417846679688,649700,0.013763182161843801,20.203963144362156,0.00016198417727727928,0.01341895110807241,92.69270324707031,0.6363891666266182,93.96548158032356,91.41992491381707,0.0035005894901896546,0.0,1.4103119764955199,91.32948539875692,0.013763182161843801,1.2770462036132812,76.55565883912652,1.7550012895824523,-0.26631138948133465,10.346515110560826,4.038473707881221,4.154126497095516,26.35480904930511
475,2014-11-19,106.8499984741211,106.94999694824219,105.08000183105469,105.54000091552734,95.58572387695312,1016800,0.01617560940792484,20.44463507942703,0.00016586631092497527,0.01750112441639772,93.15589686802456,1.2366380725928938,95.62917301321035,90.68262072283876,0.013196032314931128,-0.016565247247009522,1.43312463217063,91.89698386251641,0.01617560940792484,1.52154541015625,77.71657170004258,1.9377666350117266,-0.31683391518904197,10.518820081438337,4.701880449875857,4.099313163706373,25.600672915874622
476,2014-11-20,104.52999877929688,106.08000183105469,104.33000183105469,105.91000366210938,95.92081451416016,584200,0.0035056556943418027,19.029578058930017,0.00014370033377020247,0.016741605476289393,93.62297058105469,1.5831765253097323,96.78932363167415,90.45661753043522,0.001626309872099436,-0.001913297145104327,1.4381486736981004,92.43349461606891,0.0035056556943418027,0.33509063720703125,74.5081703732424,2.085606923600892,-0.2780053237808215,10.437405177525111,4.671600022713651,3.9459189497075,24.832723436798553
477,2014-11-21,106.0,106.19999694824219,104.8499984741211,105.68000030517578,95.71250915527344,1133700,-0.002171638762053729,18.658992564271394,0.00013815793790219628,0.012735834661519752,94.12109701974052,1.6184031245317223,97.35790326880397,90.88429077067707,0.004905628708173644,-0.010849070998857607,1.4350255342927014,92.87069655462952,-0.002171638762053729,-0.20830535888671875,73.92648142899512,2.1610516575575645,-0.30214268475207995,10.487947736467634,4.6878256960900755,3.5864153815623827,23.43257172274919
478,2014-11-24,103.44999694824219,103.66999816894531,102.63999938964844,103.54000091552734,93.77434539794922,1282300,-0.020249847950177036,20.55049721075083,0.00016758846651153853,0.009956489218769151,94.33069719587054,1.4281490428910368,97.18699528165261,91.47439911008847,0.0012566192097908772,-0.007829846133287039,1.4059664854186527,92.99118306707214,-0.020249847950177036,-1.9381637573242188,65.94697998506462,2.0409220564258703,-0.6614944569035435,10.39281736101423,4.249490598200293,3.627951731797516,22.513079847266198
479,2014-11-25,103.22000122070312,103.9000015258789,103.06999969482422,103.19000244140625,93.45736694335938,765000,-0.003380225724260555,20.668425195614436,0.00016951738097885287,0.008041094954843031,94.47172437395368,1.2516393703167932,96.97500311458727,91.96844563332009,0.006878502965278494,-0.0014532215084765957,1.4012140013371923,93.05334091724377,-0.003380225724260555,-0.31697845458984375,61.413787520602256,1.8982590214816213,-0.7014665177347338,10.347244807652064,4.0564366162129115,3.821879969749431,21.70866985996933
480,2014-11-26,103.06999969482422,103.91999816894531,102.93000030517578,103.79000091552734,94.00076293945312,470800,0.0058143730544333305,19.438146924305734,0.0001499371253376571,0.00960510203454716,94.64510018484933,1.0466730284138481,96.73844624167702,92.55175412802163,0.0012612520986016527,-0.0013582942666436016,1.409361182270062,93.17966385353836,0.0058143730544333305,0.54339599609375,57.91153479478489,1.808201235712474,-0.6329424351140706,10.285272325788226,4.085778437169833,2.643738366478504,21.10540409571052
481,2014-11-28,105.51000213623047,105.93000030517578,105.33000183105469,105.68000030517578,95.71250915527344,344700,0.018209918327182884,18.978854934351784,0.00014293529151554305,0.005686650194039412,94.88057599748883,1.0791120137813424,97.03880002505151,92.72235196992615,0.002369443606656453,-0.0017060022891798613,1.4350255342927019,93.51737656043638,0.018209918327182884,1.7117462158203125,74.04398121651252,1.8535864152383965,-0.7476652036739745,10.572831290108818,4.036798692033145,3.708009248413782,19.68388623044112
482,2014-12-01,106.16999816894531,106.30999755859375,105.22000122070312,105.38999938964844,95.44987487792969,660200,-0.002743991142450164,19.020216683859015,0.00014355898519878904,0.010266519324566105,94.86116899762835,1.0654519926285173,96.99207298288539,92.73026501237132,0.008665330929754236,-0.008947885133524108,1.431087836937413,93.77504300276883,-0.002743991142450164,-0.26263427734375,66.50637673404195,1.8470702298909742,-0.9360491775274318,10.498360225132533,4.207943330283216,3.705911808627237,18.362292897036383
483,2014-12-02,106.11000061035156,106.19000244140625,105.04000091552734,105.76000213623047,95.78496551513672,496700,0.0035106451175088704,17.752988227972903,0.00012506690119942226,0.010837824137819464,94.84176199776786,1.0439542339207213,96.9296704656093,92.75385352992642,0.004052401307156647,-0.010083872289789008,1.4361118784648836,94.04303267108455,0.0035106451175088704,0.33509063720703125,66.60277294959376,1.84764660012371,-0.8796365630703588,10.541466849190849,4.225181928218855,2.5662699802880504,17.446233546595423
484,2014-12-03,106.25,108.83000183105469,105.88999938964844,107.7699966430664,97.60538482666016,907100,0.01900527187887091,18.526634216654116,0.00013620483150702324,0.027670611213235295,95.11217280796596,1.4666628298790405,98.04549846772404,92.17884714820788,0.009976519416360295,-0.0033882410386029413,1.4634055751635848,94.51801295849464,0.01900527187887091,1.8204193115234375,74.83289452739263,1.9722610050700524,-0.4353730744802597,10.764776502336774,5.349838793893922,2.3817150798913533,17.426762134562157
485,2014-12-04,108.2300033569336,108.36000061035156,107.04000091552734,107.3499984741211,97.2249984741211,606500,-0.003897186135935038,18.404626371473178,0.0001344167745529863,0.0121962455315738,95.60512324741909,1.5209562948775313,98.64703583717414,92.56321065766403,0.009331997643015545,-0.010995125237885473,1.4577024112448074,94.87894436057817,-0.003897186135935038,-0.3803863525390625,72.09121722352263,2.017073254269093,-0.48401583245770907,10.782650538853236,5.314710055005813,2.8814153049689577,16.810169240327827
486,2014-12-05,108.19000244140625,109.51000213623047,108.02999877929688,109.2699966430664,98.96389770507812,627700,0.01788530993312265,18.86595801117013,0.000141239830031442,0.013679668393899305,96.3917704990932,1.6440123545458019,99.6797952081848,93.1037457900016,0.0022183703461329074,-0.0014789135640886051,1.483773870660181,95.4236048065115,0.01788530993312265,1.7388992309570312,75.55243601421085,2.167911584694906,-0.3803802714227224,10.944232395717076,5.372190586768654,2.8619045555732283,16.618769048595276
487,2014-12-08,108.95999908447266,109.55999755859375,107.3499984741211,107.91999816894531,97.7412338256836,776500,-0.012354645560123223,19.079325517990927,0.00014445264373867428,0.020282664308388307,96.9261234828404,1.311618724596648,99.5493609320337,94.3028860336471,0.015051389532198938,-0.014776070336632332,1.4654423703968025,95.73262200906778,-0.012354645560123223,-1.2226638793945312,68.19706310951688,2.163849778157214,-0.7079142861552913,10.97039522443499,4.702118562505003,2.871286723936162,16.690073745285357
488,2014-12-09,107.66000366210938,108.54000091552734,106.69000244140625,107.91999816894531,97.7412338256836,599500,0.0,17.20714962731564,0.00011749444376858267,0.01718371178889524,97.21594129289899,1.2196752755015927,99.65529184390218,94.7765907418958,0.005758895834036084,-0.009009856842913281,1.4654423703968025,96.0004369179499,0.0,0.0,64.90458091989498,2.1360081943666387,-0.7079142861552913,10.925102233886719,4.6421005013125605,2.8346374859368457,16.767499485451545
489,2014-12-10,108.41000366210938,108.5,106.70999908447266,107.01000213623047,96.91706085205078,644600,-0.008432193265563659,16.36781518577618,0.00010631165633163686,0.01651139982530017,97.425539289202,0.9650963994578283,99.35573208811766,95.49534649028635,0.01374409937678384,-0.01568125191596955,1.453085477110071,96.12265344249668,-0.008432193265563659,-0.8241729736328125,55.71981022794542,2.0241070217694954,-0.8270144583679706,10.773169926234655,3.828185391934761,2.8545435280965967,16.938022390284793
490,2014-12-11,107.1500015258789,108.18000030517578,106.88999938964844,107.0199966430664,96.92611694335938,369600,9.344166268543397e-05,16.381880175179823,0.00010649444368013858,0.01203920575974777,97.58856092180524,0.7024213317730055,98.99340358535125,96.18371825825923,0.01082597896024491,-0.0024265248019401373,1.4532212558330762,96.22978190927839,9.344166268543397e-05,0.00905609130859375,54.443556409867305,1.9140908394485479,-0.8257057743065739,10.828074319022042,3.8091979451325546,2.606986324883557,17.22974822936637
491,2014-12-12,108.05999755859375,108.13999938964844,106.0,106.0199966430664,96.02042388916016,482000,-0.009344159064253788,16.709480212600475,0.00011079632102193903,0.019803807495813223,97.36213793073382,0.9183566370748677,99.19885120488355,95.5254246565841,0.019618756195441286,-0.019063461087686497,1.4396421252630172,96.20186750659596,-0.009344159064253788,-0.9056930541992188,51.28198449509969,1.7338338052216926,-0.956586308099729,10.894838605608259,3.7875950559338847,2.4345704188870227,17.06717380581231
492,2014-12-15,106.51000213623047,106.7300033569336,103.26000213623047,103.3499984741211,93.6022720336914,632900,-0.025183724019591014,19.18109275524738,0.00014599774574817584,0.03257911136143681,96.84460558210101,1.6981941235309017,100.24099382916282,93.4482173350392,0.03173415468050917,-0.030513566189240355,1.4033865752934158,95.85525477687536,-0.025183724019591014,-2.41815185546875,49.31111621531146,1.3799469915852285,-1.4068977580157582,11.091416495186943,3.7141965785267033,2.4323848836872037,16.912352627016485
493,2014-12-16,103.62999725341797,106.37999725341797,103.5999984741211,104.80999755859375,94.9245834350586,752200,0.014126915646782923,19.734896104433016,0.0001545500493066528,0.02682619755840227,96.26756068638393,1.5366305101356068,99.34082170665515,93.19429966611271,0.015150050530107838,-0.00028947968823655996,1.4232120990624135,95.73116526463312,0.014126915646782923,1.3223114013671875,55.43630110692929,1.1924428819610426,-1.2074540251114203,11.280850001743861,3.6699662173805283,2.5503890681969623,16.621557449649817
494,2014-12-17,104.08000183105469,105.9800033569336,103.83000183105469,105.69000244140625,95.7215576171875,503600,0.008395867048225147,19.876228437250994,0.00015677160987689865,0.020657201076618385,95.97903551374164,1.3970850219545385,98.77320555765071,93.18486546983256,0.0027863269641182427,-0.002401998420463197,1.435161198627567,95.7298842449737,0.008395867048225147,0.7969741821289062,56.25825469865772,1.095525148129454,-1.1965793645315246,11.323192051478795,3.65691535246545,2.269959222501939,17.215290655816762
495,2014-12-18,106.12000274658203,108.12000274658203,106.05999755859375,108.11000061035156,97.913330078125,547200,0.02289737563300953,20.81272228798862,0.0001718926226337055,0.019412034815977527,96.00362069266183,1.4342826839836735,98.87218606062918,93.13505532469448,9.425307172630001e-05,-0.0005654465363290233,1.4680226236864626,96.02101035606054,0.02289737563300953,2.1917724609375,57.733996381618105,1.1819500812065087,-0.848678721118785,11.356706891741071,2.9897654115588463,3.217110895074703,17.322487156284936
496,2014-12-19,106.44000244140625,107.19000244140625,106.08000183105469,106.83999633789062,96.76310729980469,734900,-0.011747356334449566,20.662491501068708,0.00016942006152053022,0.010428415867075937,95.98162732805524,1.419040869184199,98.81970906642364,93.14354558968684,0.0032882947715855092,-0.003382192804342877,1.4507772388189841,96.11995661522643,-0.011747356334449566,-1.1502227783203125,54.34390236516156,1.1444367435381224,-1.0312538979573795,11.262362888881139,1.84733701375371,3.276415126953229,18.32462121302062
497,2014-12-22,107.44000244140625,109.93000030517578,107.44000244140625,109.5199966430664,99.19032287597656,771500,0.025084101202450526,22.3219045659426,0.00019772516803613036,0.023175705576956616,96.30508531842914,1.8598097087052667,100.02470473583966,92.58546590101861,0.0038161173938261557,0.0,1.4871686818997312,96.52933878332645,0.025084101202450526,2.427215576171875,59.89472746143945,1.29562797231263,-0.6101469831283958,11.43570327758789,3.0061321572296618,3.2387023320269464,18.100964217665584
498,2014-12-23,108.83999633789062,109.5999984741211,108.75,109.12999725341797,98.83712005615234,796700,-0.0035608596643631474,22.357356356431584,0.00019835372351129812,0.007809615056236294,96.7074704851423,2.079668400753454,100.8668072866492,92.54813368363538,0.004318276704493996,-0.0008268682554089213,1.4818730829262503,96.83704295303657,-0.0035608596643631474,-0.35320281982421875,53.912575224121355,1.3711419240752036,-0.6631009436659995,11.24746322631836,3.004443641111902,3.576928638203452,17.881309481027962
499,2014-12-24,109.25,109.76000213623047,108.86000061035156,109.63999938964844,99.29901885986328,66700,0.00467333329267916,20.90459020722504,0.00017341344910000342,0.00823800023687786,97.52129146030971,1.7506121520211126,101.02251576435194,94.02006715626749,0.0010984233096753432,-0.0035697884636012585,1.4887983697402147,97.16530640728014,0.00467333329267916,0.4618988037109375,56.55413211743172,1.451526355819695,-0.5938507291964541,11.259482247488839,3.0345812750090317,3.5318476314015523,17.86620225634095
500,2014-12-26,109.8499984741211,109.91000366210938,109.18000030517578,109.30000305175781,98.99109649658203,196900,-0.0031009607830647656,20.89438855912114,0.00017324423542044914,0.006645456231895814,98.1022218976702,1.3809978581753393,100.86421761402089,95.34022618131952,0.005553032488164021,-0.006099209633609174,1.4841816643817596,97.40874508585372,-0.0031009607830647656,-0.30792236328125,50.09449761463104,1.473400393240155,-0.6400160137260509,11.13990947178432,3.028334715389871,3.4779221402868608,18.05348010391638
501,2014-12-29,109.16999816894531,109.58999633789062,109.05999755859375,109.37999725341797,99.06353759765625,190400,0.0007317941071267597,20.87694811870015,0.00017295514394876873,0.004854802493233341,98.57964760916573,0.922311299074577,100.42427020731489,96.73502501101657,0.0019235970321046772,-0.0010076084290239868,1.4852677797776597,97.6293840874274,0.0007317941071267597,0.07244110107421875,54.99320380126175,1.4795260614673253,-0.629155275950815,11.140109470912389,3.0181090358316363,3.475913181954202,17.368767784927396
502,2014-12-30,108.7300033569336,108.86000061035156,107.97000122070312,108.19999694824219,97.99482727050781,387000,-0.010788130053349998,20.556303134819153,0.00016768317403594257,0.008185407543185579,98.59129006522042,0.9129654742703999,100.41722101376122,96.76535911667962,0.006070115347488282,-0.006989810657280774,1.469244517805368,97.67810984517146,-0.010788130053349998,-1.0687103271484375,50.88608647760432,1.3822114328532251,-0.7893817557906777,11.068516322544642,3.045643664860665,2.481001605141466,17.653121825374246
503,2014-12-31,108.02999877929688,109.31999969482422,107.72000122070312,107.83000183105469,97.65971374511719,388900,-0.0034197062714909077,20.573973496873858,0.00016797158152780456,0.014810686774049295,98.71937670026507,0.6340050810959972,99.98738686245707,97.45136653807307,0.013792445437434162,-0.0028695506997743173,1.4642201331134752,97.6756570318309,-0.0034197062714909077,-0.335113525390625,52.686743895269416,1.2634833778354704,-0.8396236774378039,11.108973911830358,3.070308129491851,2.473302867252618,17.863862069277697
504,2015-01-02,107.66999816894531,108.41000366210938,106.58000183105469,107.4000015258789,97.27027130126953,394000,-0.003987749184521161,20.630392272916982,0.00016889408148191757,0.016996395116337108,98.44508361816406,0.7919631672721639,100.02900995270839,96.86115728361973,0.009380534535216313,-0.010123491747258215,1.4583811904716926,97.62160560108939,-0.003987749184521161,-0.38944244384765625,51.21171958398227,1.1249975172401605,-0.8980108664569632,11.07235608782087,3.070175081877636,2.473195690046996,17.21351821445883
505,2015-01-05,105.81999969482422,106.08999633789062,103.6500015258789,103.79000091552734,94.00076293945312,678700,-0.033612616867181866,22.72945886913711,0.00020501123035071241,0.02305797409798199,97.7541754586356,1.826656740335569,101.40748893930675,94.10086197796446,0.021734978538993293,-0.0205065032621754,1.409361182270063,97.13882657953789,-0.033612616867181866,-3.2695083618164062,43.903789299247,0.7428612327286714,-1.3881921647126108,10.901344844273158,1.9801204110980803,2.5185735677539944,15.955392299527247
506,2015-01-06,102.61000061035156,102.69999694824219,100.54000091552734,100.72000122070312,91.22032165527344,1081300,-0.02957892252396499,24.69905239843406,0.00024208063070658365,0.021050541076567713,96.60007585797992,2.9155083105648916,102.4310924791097,90.76905923685014,0.019296323124076812,-0.020173469276983824,1.367673797051413,96.34969258963596,-0.02957892252396499,-2.7804412841796875,42.96412414774737,0.21319946882951513,-0.9925111678418156,10.75774874005999,1.9979526006731598,2.0373842922539525,14.588192555095427
507,2015-01-07,100.4800033569336,101.41000366210938,100.20999908447266,101.29000091552734,91.73656463623047,855100,0.005659297967704369,23.74645778989282,0.00022376756252665112,0.011942720317931924,95.56371416364398,3.199468055612022,101.96265027486803,89.16477805241993,0.0011942948106375684,-0.0026871443415642155,1.3754138705915486,95.73460886251523,0.005659297967704369,0.5162429809570312,40.11228446786741,-0.16302554393627133,-0.87175240577071,10.572888510567802,1.5079257065005833,2.0562620203394113,13.86905564633215
508,2015-01-08,101.94000244140625,104.25,101.8499984741211,103.41000366210938,93.6565933227539,481600,0.02092980802297384,24.950881237544547,0.0002470422517976397,0.023543275146166442,94.79129355294364,2.846971656191401,100.48523686532644,89.09735024056084,0.00824010513805357,-0.0008829111745106081,1.404201018855165,95.45754012388039,0.02092980802297384,1.9200286865234375,44.01257041881192,-0.3027662080735638,-0.6742186150923848,10.677032470703125,2.7186347244610922,2.038974370640407,13.398163644750618
509,2015-01-09,103.23999786376953,103.23999786376953,100.97000122070312,102.08999633789062,92.46110534667969,440600,-0.012764589589057573,25.21797875673302,0.0002523597034027927,0.02198756964390665,94.00076184953961,2.5633328514967872,99.12742755253319,88.87409614654604,0.011139108385069827,-0.02198756964390665,1.3862769691489423,95.0580154869203,-0.012764589589057573,-1.1954879760742188,33.22173398158,-0.5041658694283768,-0.7972111897772406,10.475958142961774,2.733200604929405,2.049898772029633,12.927271643169082
510,2015-01-12,104.44999694824219,104.54000091552734,102.5999984741211,103.44999694824219,93.69284057617188,1115500,0.013321658062315445,25.696808110149522,0.00026203410597216097,0.01857350405062792,93.43406568254743,1.9951159766636757,97.42429763587478,89.44383372922007,0.010435653414382413,-0.017711809747948757,1.4047444769116075,94.87599216548718,0.013321658062315445,1.2317352294921875,40.59895548622032,-0.5579540659214786,-0.6704894742625704,10.676116943359375,2.717386379401973,2.7436826098487073,12.256414339363584
511,2015-01-13,104.0999984741211,105.31999969482422,102.86000061035156,103.44999694824219,93.69284057617188,809200,0.0,25.696105498355852,0.0002620197768978704,0.023631115470997856,92.92300415039062,1.1109403097476893,95.144884769886,90.70112353089525,0.017963523285227594,-0.011911603092653171,1.4047444769116075,94.71823862024515,0.0,0.0,30.227978922020043,-0.5937373644169668,-0.6718716940944581,10.566135951450892,3.054374953218635,2.6605434630850042,11.692324525435874
512,2015-01-14,102.94999694824219,103.8499984741211,102.2699966430664,103.11000061035156,93.38491821289062,592800,-0.0032865089945790515,25.548035276825832,0.0002590087724229907,0.015347274190294817,92.83502633231026,1.0330174368767306,94.90106120606373,90.7689914585568,0.0071879347810137675,-0.006605151290268123,1.4001277715531524,94.54046256593121,-0.0032865089945790515,-0.30792236328125,30.326755498001106,-0.639570081797217,-0.7036162526476739,10.548098972865514,3.068564359565541,2.672903285595183,10.984993617124047
513,2015-01-15,101.48999786376953,102.83000183105469,101.2699966430664,101.95999908447266,92.34336853027344,1283000,-0.011153296512427802,24.321344996666568,0.00023473326287574503,0.015371023951367928,92.99546160016742,0.8017719982846995,94.59900559673682,91.39191760359802,0.008572300373381027,-0.002167713324799096,1.3845117313617352,94.24751669451017,-0.011153296512427802,-1.0415496826171875,25.909576388033784,-0.7512769423831429,-0.8109924579144706,10.442541939871651,3.085717897505808,2.687845044198745,10.320099785631525
514,2015-01-16,101.77999877929688,103.12000274658203,101.2300033569336,103.04000091552734,93.3215103149414,633700,0.010592442102080213,24.082567344260195,0.00023014684519477262,0.018569457774771394,93.22188241141183,0.5801797904737319,94.38224199235928,92.06152283046437,0.0007860270388503946,-0.005403767232852003,1.3991770917158353,94.12404917723434,0.010592442102080213,0.9781417846679688,31.234943744526717,-0.752206597428426,-0.7343806808707923,10.454374040876116,3.242607046632632,2.5601879112924544,10.02303195279887
515,2015-01-20,103.11000061035156,104.0999984741211,102.77999877929688,103.80999755859375,94.01888275146484,947000,0.007472794151851536,24.040721739792502,0.00022934773879767118,0.012801859053540724,93.27363804408482,0.6386361748100374,94.5509103937049,91.99636569446474,0.0028125391699224717,-0.0032004832615776116,1.409632854104214,94.11002698713175,0.007472794151851536,0.6973724365234375,33.9665904456143,-0.6887319550497466,-0.6795956002432026,10.467201777866908,3.2466172275927083,3.1528329456148607,8.978477989710015
516,2015-01-21,105.05999755859375,107.02999877929688,104.25,106.58999633789062,96.53667449951172,1569100,0.026779639093378327,24.553913556239294,0.00023924391703463149,0.0264610588606422,93.85586220877511,1.2949542889039027,96.44577078658291,91.2659536309673,0.004188106335723577,-0.007709857009486418,1.4473823131912937,94.43357998878241,0.026779639093378327,2.517791748046875,45.75644150611101,-0.4303028284980428,-0.40321891754727124,10.696819850376674,4.5426606110271885,2.151081468230488,10.505419986551376
517,2015-01-22,106.76000213623047,107.94999694824219,106.4000015258789,107.5999984741211,97.45140838623047,589400,0.009475506500106201,24.435855003478505,0.00023694881339326388,0.014518503103675652,94.39280046735492,1.8683636810916608,98.12952782953823,90.6560731051716,0.0032783670580530735,-0.0033720551062952006,1.4610969937080767,94.83595710844216,0.009475506500106201,0.91473388671875,49.413567903308184,-0.14995590558112326,-0.3364133119834461,10.703116280691964,4.49984118512483,3.0704770164734962,10.076368632804392
518,2015-01-23,106.48999786376953,106.62999725341797,105.27999877929688,105.30999755859375,95.37739562988281,974600,-0.021282532399405585,23.817425680630635,0.00022510705002077905,0.012677232615293308,94.63345118931362,1.871665544547962,98.37678227840954,90.8901201002177,0.01239552747961238,-0.011362560885958353,1.4300011496008105,94.90814891130091,-0.021282532399405585,-2.0740127563476562,45.132736765657356,-0.09405029234254414,-0.6243675437187098,10.59085191999163,3.350003689880389,3.125469157841846,10.06414295579054
519,2015-01-26,107.0,107.3499984741211,106.36000061035156,107.31999969482422,97.19783020019531,995200,0.019086645827244064,24.87015634998051,0.00024544630034622035,0.009252316483827395,95.17815290178571,1.9982949771047833,99.17474285599528,91.18156294757614,0.0002803624233352804,-0.005981302706994743,1.457295075075793,95.21343974982017,0.019086645827244064,1.8204345703125,58.88276796517489,0.0960420517563989,-0.3891692139060047,10.816057477678571,3.3266555061080623,3.0011233365565726,9.894901417257998
520,2015-01-27,106.93000030517578,107.33999633789062,106.12000274658203,106.33000183105469,96.30118560791016,911900,-0.009224944532592594,24.95915570715401,0.00024720613238649134,0.011409273242558308,95.7435553414481,1.5783185930896741,98.90019252762745,92.58691815526875,0.009445380192213937,-0.007575026244103951,1.4438516088405984,95.35847253089884,-0.009224944532592594,-0.8966445922851562,65.76723197014933,0.172353099722784,-0.5050148004380496,10.919124058314733,3.26667750978612,3.01160814659679,9.727752123234236
521,2015-01-28,106.9800033569336,107.11000061035156,104.58000183105469,104.63999938964844,94.77058410644531,753700,-0.0158939009089325,25.461225453956615,0.0002572515879433365,0.023649268086631637,95.95056588309151,1.2732461696396418,98.4970582223708,93.40407354381223,0.023088438429582823,-0.02243411339099904,1.4209031744424832,95.28008740763838,-0.0158939009089325,-1.5306015014648438,58.8576972815829,0.1080775548534092,-0.8881691846598796,10.963347843715123,3.263788172583572,2.865874295453936,9.707825148775061
522,2015-01-29,106.2699966430664,106.44999694824219,104.94000244140625,106.13999938964844,96.12910461425781,632600,0.014334833119595602,26.070503042759125,0.00026971076543750493,0.01420903881184471,96.2520261492048,0.9479155345820789,98.14785721836896,94.35619508004064,0.002917075076561375,-0.012515237072296754,1.4412715843272197,95.3932897018543,0.014334833119595602,1.3585205078125,57.46308149268539,0.1648595752530042,-0.6935386202810855,10.903774806431361,3.248096893412962,3.0122765553243753,9.551503690504788
523,2015-01-30,105.94999694824219,106.26000213623047,103.80999755859375,103.94000244140625,94.1366195678711,1073800,-0.020727177834247712,26.74480952519841,0.0002838431891028345,0.02312415902034971,95.90916115897042,1.222176247146217,98.35351365326285,93.46480866467799,0.021897119033968127,-0.020198201522307283,1.4113980918914215,95.22573368398987,-0.020727177834247712,-1.9924850463867188,54.82524888329346,0.04852349550954216,-1.0555640705129297,10.942881447928292,3.2432707449504696,3.007800797875279,9.244367973809272
524,2015-02-02,102.9800033569336,103.20999908447266,101.4800033569336,103.05000305175781,93.33056640625,1177900,-0.008562588770674284,26.84380801171397,0.0002859484240356184,0.016799336484218347,95.32046944754464,1.3420759755931633,98.00462139873096,92.63631749635832,0.0015536611720655114,-0.014565934658216397,1.399312870438841,94.97304471362456,-0.008562588770674284,-0.8060531616210938,48.93047791086866,-0.10747651713114692,-1.175512572050731,10.728201729910714,3.0696100043048333,3.0381959869697055,8.756038302199808
525,2015-02-03,103.30000305175781,103.93000030517578,102.81999969482422,103.88999938964844,94.0913314819336,716800,0.008151296032771649,27.060186575428162,0.000290576864086104,0.01074540733358356,95.13674599783761,1.4188179911491465,97.9743819801359,92.29911001553931,0.00038723053577550764,-0.004646692572633237,1.4107190838882553,94.8554829493991,0.008151296032771649,0.7607650756835938,51.125869498207656,-0.1677861333377706,-1.0623033754426359,10.654792785644531,3.0716895443694088,3.642016664031926,8.647739162462038
526,2015-02-04,102.56999969482422,102.91000366210938,101.6500015258789,101.83999633789062,92.23468017578125,789900,-0.01973243737664443,25.354417057491414,0.0002550978033036552,0.012284314516713893,94.42772456577846,1.4567775602653001,97.34127968630906,91.51416944524786,0.010431971603805549,-0.008969466429585418,1.382882157909393,94.5060425795834,-0.01973243737664443,-1.8566513061523438,47.01171023317398,-0.36123410056208627,-1.338591035679942,10.559186662946429,3.0717040678257383,3.64203388408923,8.482304278372984
527,2015-02-05,102.55999755859375,103.26000213623047,101.62999725341797,103.0999984741211,93.3758316040039,569900,0.012372259827299725,23.443394077192483,0.00021809235153116792,0.01589318371308715,94.00981685093471,1.2320240582282325,96.47386496739118,91.54576873447824,0.0015600981466283967,-0.009067865905948965,1.399991535277585,94.35534778283946,0.012372259827299725,1.1411514282226562,52.668503156014175,-0.41764724755411464,-1.1687766731039744,10.67206083025251,3.195501131319032,3.60438253757051,8.722109272844111
528,2015-02-06,101.52999877929688,102.25,100.44000244140625,100.79000091552734,91.28370666503906,964800,-0.022405422292111954,24.752532802691466,0.00024313011116996688,0.017827219347537598,93.51169150216239,1.5396594627426905,96.59101042764777,90.43237257667701,0.014379977366555103,-0.010735707189951111,1.3686241337243086,93.9457956337994,-0.022405422292111954,-2.0921249389648438,45.019870251379096,-0.6239792268236499,-1.2192147102148625,10.536170414515905,3.214293924395211,3.6255799687127097,8.275845302462288
529,2015-02-09,98.87000274658203,99.86000061035156,98.56999969482422,98.6500015258789,89.34555053710938,798800,-0.021232224224216223,24.542929769508664,0.00023902992129802938,0.013047444924562213,92.54261234828404,1.7395107484208836,96.0216338451258,89.06359085144227,0.012238283107709191,-0.0030343182302397954,1.3395651992384003,93.3324296209074,-0.021232224224216223,-1.9381561279296875,39.232016268446245,-0.9331352068061562,-0.9834170425107059,10.378870827811104,1.9795123494069495,3.690537216257704,9.03254945243676
530,2015-02-10,101.30000305175781,102.37000274658203,101.06999969482422,102.0999984741211,92.47017669677734,679400,0.03497237569060774,27.346900849380134,0.00029676705796262995,0.012833198544856848,92.30454908098493,1.5928514753989755,95.49025203178287,89.11884613018698,0.0026653925402448666,-0.0022705167818808138,1.3864129766482294,93.21746256435674,0.03497237569060774,3.1246261596679688,40.88513717338083,-0.9154594837214347,-0.6503011496964102,10.379823412214007,3.073586281368541,3.6336386225171537,8.749893811643009
531,2015-02-11,102.94999694824219,103.79000091552734,102.66999816894531,103.41999816894531,93.6656723022461,715300,0.012928445128735477,27.323358739077836,0.0002962563225334685,0.010879094509785263,92.35242135184151,1.6333481731083197,95.61911769805815,89.08572500562488,0.003594004444391087,-0.0027197551005042142,1.4043371407425929,93.27722386274199,0.012928445128735477,1.19549560546875,41.61992529938006,-0.7958112252134271,-0.5585795073391657,10.373144967215401,3.0840751538935165,3.632552061779875,9.115819316159579
532,2015-02-12,103.81999969482422,104.0999984741211,103.08999633789062,104.04000091552734,94.22718811035156,443500,0.0059948943332572835,27.39866515695364,0.0002978916080884385,0.00972839664033269,92.37182944161552,1.6580743232343573,95.68797808808424,89.0556807951468,0.0005778998147766425,-0.0070314328557061915,1.4127559935096135,93.40388576242327,0.0059948943332572835,0.5615158081054688,47.271185778019756,-0.6482073545082727,-0.4946255339707963,10.462840488978795,2.7481456729149447,3.8419753648392203,9.57804470764461
533,2015-02-13,104.52999877929688,104.6500015258789,103.83000183105469,104.4800033569336,94.62567901611328,359100,0.004229043800978438,27.394515300167754,0.00029780137640124,0.007844635075099868,92.71340070452008,1.8591931161153437,96.43178693675077,88.9950144722894,0.001626309872099436,-0.0066966129954727244,1.4187306004862603,93.56679152958195,0.004229043800978438,0.39849090576171875,43.45617906867056,-0.4933878695416638,-0.44975167485717715,10.35214124407087,2.7448497772034166,4.171447111773035,10.23210748451552
534,2015-02-17,102.51000213623047,103.33000183105469,101.97000122070312,102.97000122070312,93.25811004638672,493700,-0.014452408521091642,27.598524132723597,0.0003022533866287802,0.013267004019219436,92.6965833391462,1.852723583545005,96.40203050623622,88.99113617205619,0.0035118583830789545,-0.005267787574618431,1.3982265262666593,93.52563399848925,-0.014452408521091642,-1.3675689697265625,42.439265729493655,-0.47556171942302683,-0.6220010631122388,10.249438149588448,2.754059917576363,4.185444093967411,10.886170261386434
535,2015-02-18,103.58999633789062,104.06999969482422,103.26000213623047,103.70999908447266,93.92830657958984,311900,0.007186469175386012,27.468260780459392,0.0002994068850410013,0.007819264284474863,93.07438332693917,1.7849976606670868,96.64437864827335,89.504388005605,0.003475244937525722,-0.0031855798178018918,1.4082748380978818,93.57932367596933,0.007186469175386012,0.670196533203125,47.813833568651994,-0.4027128844087713,-0.589047554962158,10.249657767159599,2.622279362744654,4.769014528931501,11.709214311119235
536,2015-02-19,103.80999755859375,105.16999816894531,103.70999908447266,104.5999984741211,94.7343521118164,275400,0.00858149754401838,27.506630196882515,0.0003002439304714479,0.014064147180512023,93.84421212332589,0.7979293675461919,95.44007085841827,92.24835338823351,0.0054907976902946395,-0.0009632836573823378,1.4203599451623217,93.73332746741562,0.00858149754401838,0.8060455322265625,46.272972696369585,-0.27674833720392655,-0.4987836625844293,10.218391963413783,3.1139338511028294,4.058510727618422,12.26654857858321
537,2015-02-20,102.5999984741211,105.05999755859375,102.5999984741211,104.8499984741211,94.9607925415039,582500,0.0023902673596187807,25.816681034532774,0.00026448453160269995,0.02397659962044877,94.20001438685826,0.6181638638286295,95.43634211451551,92.963686659201,0.002046774732902404,0.0,1.423754985178153,93.89698947729406,0.0023902673596187807,0.2264404296875,52.431865620435715,-0.15684071366717944,-0.5468496951131405,10.23230252947126,1.8117094768379762,4.108373976040946,12.412542832377818
538,2015-02-23,105.62999725341797,105.70999908447266,105.01000213623047,105.12000274658203,95.20532989501953,452200,0.002575140191766412,25.58504257733813,0.0002597596840016685,0.006626876516552565,94.41996547154018,0.6682374609441022,95.75644039342839,93.08349054965197,0.005585499888589024,-0.005869498563935996,1.427421353863713,94.07143486632413,0.002575140191766412,0.244537353515625,55.72140577698324,-0.041601382539795395,-0.4712423091636089,10.35200445992606,1.8172308545069054,4.240208828287413,13.4182033574565
539,2015-02-24,108.52999877929688,110.8499984741211,107.87999725341797,110.75,100.30430603027344,2153800,0.053557675193987686,30.72357482178535,0.0003745785912023183,0.027365716890339457,95.28812517438617,2.3090993784699605,99.90632393132609,90.66992641744625,0.0009213901708821304,-0.0059891415570797945,1.503870723098908,94.9024843548507,0.053557675193987686,5.098976135253906,64.99126863767552,0.45591586354936453,0.14123017164896828,10.712378365652901,4.0556191621770274,4.118016441790284,13.28943837278661
540,2015-02-25,109.69000244140625,109.94000244140625,108.41999816894531,108.97000122070312,98.69221496582031,1152300,-0.016072002571520416,30.75717752586381,0.00037539840053869096,0.01385727266505338,95.86905888148716,2.606985622934262,101.08303012735568,90.65508763561864,0.008843114222932725,-0.011578122383025228,1.479700508970028,95.40778176964665,-0.016072002571520416,-1.612091064453125,65.76745444140423,0.7119130983517437,0.0099523846209284,10.77073723929269,4.09830277890049,3.9181603203971136,13.151469937714191
541,2015-02-26,107.5999984741211,108.66999816894531,107.51000213623047,107.91000366210938,97.73218536376953,608300,-0.00972751095294866,30.778515202112448,0.00037591944366931223,0.010780632427182002,96.50821249825614,2.4004447253854075,101.30910194902695,91.70732304748533,0.007063146074474378,-0.0008363972041530284,1.4653067060619382,95.71770224886303,-0.00972751095294866,-0.9600296020507812,60.731893983932494,0.8277842046760355,-0.06822592950637564,10.69591304234096,4.101339082026679,3.9210631616637417,13.06501437637941
542,2015-02-27,107.52999877929688,108.43000030517578,106.75,107.68000030517578,97.52388763427734,686800,-0.0021313114888087403,30.197237870652206,0.0003618544345304568,0.015623549932553682,97.02186693464007,2.1253079992645896,101.27248293316926,92.77125093611089,0.006974797810045173,-0.007253778370237003,1.46218368104468,95.95852696691827,-0.0021313114888087403,-0.2082977294921875,66.94553110415815,0.8925166291623441,-0.08518828701437159,10.826173509870257,4.103391900614355,3.9230257478290733,12.862897461159367
543,2015-03-02,109.26000213623047,110.2699966430664,108.98999786376953,109.93000030517578,99.5616683959961,600500,0.020895196152973305,30.630032903621863,0.00037230115701466566,0.011715163410860204,97.71148354666573,2.040852536230257,101.79318861912624,93.62977847420522,0.003111809731311388,-0.0024712087422832335,1.4927362958717851,96.43894582412865,0.020895196152973305,2.03778076171875,77.59309302564233,1.0956197959578162,-0.15422612342458444,11.124017442975726,4.083749187533331,4.747921002903652,13.041634071140162
544,2015-03-03,109.87999725341797,109.95999908447266,108.05999755859375,108.48999786376953,98.2574691772461,651300,-0.013099411046053278,30.02979225639426,0.0003578525487945223,0.01729160514535601,98.18243735177177,1.6416298478920441,101.46569704755585,94.89917765598769,0.013378242241059017,-0.016563521480863572,1.4731823295487976,96.68141560454431,-0.013099411046053278,-1.30419921875,67.33587468747285,1.1382218288920853,-0.41807806213318965,10.936437334333148,4.0788539793495096,4.742229649031945,13.220370681120961
545,2015-03-04,108.2300033569336,108.87000274658203,107.31999969482422,108.51000213623047,98.27558135986328,536600,0.00018433390121730397,29.786293614278776,0.00035207273304604133,0.014321380427625329,98.6210447038923,0.9973768492730457,100.61579840243839,96.6262910053462,0.003326255189739857,-0.008408053533069367,1.4734538869948077,96.89397103858684,0.00018433390121730397,0.0181121826171875,64.85698464903653,1.1600731475662514,-0.4160384012976848,10.885916573660714,4.050907234698103,4.70973770846462,13.55399051069444
546,2015-03-05,109.20999908447266,109.80000305175781,108.72000122070312,109.3499984741211,99.03634643554688,402500,0.007741140425288728,29.777046253689715,0.0003518541601564985,0.009889221134589688,98.43990761893136,0.7162396953747031,99.87238700968076,97.00742822818195,0.0041205437360057615,-0.004486749087787499,1.4848601004442221,97.17962109151485,0.007741140425288728,0.7607650756835938,65.30260185938656,1.2246607320798404,-0.33036663204226413,10.963780539376396,4.0342955114570636,4.717026346857989,13.520966351819068
547,2015-03-06,108.26000213623047,108.37999725341797,106.68000030517578,107.31999969482422,97.19783020019531,652500,-0.01856405553639917,29.669154369081873,0.00034930901626048006,0.015702908873980743,98.22642408098493,0.8404429960248645,99.90731007303465,96.5455380889352,0.009791220558631502,-0.014594511360405021,1.4572950750757923,97.18204897267225,-0.01856405553639917,-1.8385162353515625,57.497428115094124,1.114645029011669,-0.5374068126733905,10.886697496686663,4.024927959068907,4.706073507311402,13.487942192943692
548,2015-03-09,107.44999694824219,108.19000244140625,107.06999969482422,107.93000030517578,97.75028991699219,506000,0.005683868823604277,29.48325408499455,0.00034494534580966165,0.01042347862626304,98.22901044573102,0.8386945793862876,99.90639960450359,96.55162128695845,0.0024197500569098176,-0.003536503156915029,1.4655781491198077,97.25781443191491,0.005683868823604277,0.552459716796875,63.74726653538877,1.059818743001756,-0.5878434614701704,11.050115312848773,3.870691211734113,4.879285585313459,13.750502130186709
549,2015-03-10,106.98999786376953,107.19999694824219,105.95999908447266,106.1500015258789,96.13816833496094,626000,-0.016492243484906632,28.92365237192988,0.00033197526449692244,0.011589848476755947,98.03105054582868,1.1416769306669927,100.31440440716267,95.74769668449468,0.00981395871883502,-0.009627056732988942,1.441407477438365,97.10852828565439,-0.016492243484906632,-1.61212158203125,56.39413803166749,0.8761836776980374,-0.7832521380800189,10.952816554478236,3.860861536197244,4.866894569980085,14.01306206742972
550,2015-03-11,106.72000122070312,107.9800033569336,106.30999755859375,106.68000030517578,96.61817932128906,551100,0.004992928351366999,27.594110555882455,0.00030215672117867574,0.0156484799403832,97.61055210658482,1.0194965110401466,99.64954512866511,95.57155908450453,0.012181437751948026,-0.0038418633566304383,1.4486043216983393,97.04314842373901,0.004992928351366999,0.480010986328125,55.5555905552913,0.7606165265523686,-0.7250689882220644,10.995683942522321,4.145303263750531,4.79776398927061,12.923498909322817
551,2015-03-12,106.62000274658203,106.66000366210938,104.22000122070312,104.80000305175781,94.91548919677734,1529800,-0.017622875285712825,26.100211661001737,0.0002703258129956709,0.022885034501506522,97.13312639508929,1.3835674924909167,99.90026138007113,94.36599141010745,0.017445137520512674,-0.022509861790036806,1.4230757483987049,96.7594605268108,-0.017622875285712825,-1.7026901245117188,49.877097395656975,0.5255773352201913,-1.4033960601007818,10.975411006382533,3.0936540394613488,4.860826654393267,13.583788393151744
552,2015-03-13,105.0999984741211,105.73999786376953,104.68000030517578,105.4800033569336,95.53136444091797,1429100,0.006488669545428927,25.834877973864224,0.0002648575079065295,0.010085609647794187,96.74109540666852,1.3946429637356481,99.53038133413982,93.95180947919722,0.00247378221323149,-0.003996176736850564,1.4323096166681781,96.5957143820251,0.006488669545428927,0.615875244140625,50.86702434582614,0.38456998444726764,-1.310503827932341,10.980789729527064,3.1004216771071986,4.367973431137793,14.003133795180231
553,2015-03-16,106.86000061035156,108.0,106.55999755859375,107.80999755859375,97.6416244506836,420100,0.022089708674376984,26.805338521203108,0.0002851294338239265,0.01347559828917647,96.54184940883091,1.075101272574773,98.69205195398045,94.39164686368137,0.0017780501620907197,-0.002807440108967687,1.4639489188318868,96.73516905784624,0.022089708674376984,2.110260009765625,41.5808312856515,0.43805140573813617,-1.087335826024452,10.753930228097099,4.06206727685278,4.145235613787937,13.261006378706659
554,2015-03-17,106.62000274658203,107.25,106.30000305175781,106.7699966430664,96.69969177246094,694400,-0.00964683538933131,27.078457746440026,0.00029096939441497515,0.008910119337552183,96.47068677629743,1.040369409471535,98.5514255952405,94.38994795735435,0.00450200098075857,-0.003001310134879706,1.449826444593526,96.7304387531282,-0.00964683538933131,-0.9419326782226562,43.4209982718923,0.3998208366264606,-1.2430272955982773,10.751978737967354,4.076600265077267,3.834990239410768,12.424209611448148
555,2015-03-18,105.9800033569336,107.3499984741211,104.4000015258789,106.81999969482422,96.74497985839844,1703300,0.00046833743838670117,26.480553720937362,0.00027826179578073365,0.027835410971886784,96.32707105364118,0.8932790918519277,98.11362923734504,94.54051286993732,0.0050009318976135,-0.014908490101980339,1.4505054525966923,96.73237756716424,0.00046833743838670117,0.0452880859375,46.530840518131214,0.36892447353254454,-1.2355416558951304,10.800016130719866,4.08560273786054,3.8024847601065543,11.612903786409206
556,2015-03-19,106.45999908447266,107.47000122070312,106.31999969482422,107.13999938964844,97.03479766845703,641200,0.002995688360086346,26.41444969867262,0.0002768742670173435,0.010802193648023765,96.45516095842633,0.9253853948380784,98.3059317481025,94.60439016875017,0.00309977300293645,-0.0013150421834716756,1.454850714897278,96.77270024733662,0.002995688360086346,0.28981781005859375,48.291069930017734,0.36363302320971513,-1.187637849391855,10.801959446498326,4.087149184056815,4.078432723150042,10.234934322252947
557,2015-03-20,109.37999725341797,110.68000030517578,108.72000122070312,110.16000366210938,99.76996612548828,747800,0.028187501007387317,27.891700998084623,0.00030870912085974376,0.017919172917253014,96.90541621616909,1.5641972649974696,100.03381074616402,93.77702168617415,0.0047540378142600205,-0.00603397375468685,1.4958593208890432,97.17233569775684,0.028187501007387317,2.73516845703125,50.693991843524174,0.5735334102902101,-0.6888600194868464,10.866180419921875,4.954650520533113,4.036162726280642,10.09428302899175
558,2015-03-23,110.3499984741211,111.19999694824219,109.93000030517578,110.72000122070312,100.27714538574219,562600,0.00508348634313438,27.904579262890334,0.0003089942634281463,0.011508805261689618,97.67136710030692,1.731197141432205,101.13376138317133,94.20897281744251,0.004349757446092122,-0.003806055049867618,1.5034635013180329,97.58631032282155,0.00508348634313438,0.5071792602539062,57.10643260159813,0.7719080316380342,-0.5648794052129127,10.93987328665597,4.931167003041799,4.53632800683073,8.445521504739675
559,2015-03-24,111.22000122070312,111.4000015258789,110.20999908447266,110.38999938964844,99.97826385498047,628600,-0.002980554837415772,27.975049687629117,0.00031055690675607834,0.0106995363095243,98.306638445173,1.6278531228940156,101.56234469096103,95.05093219938496,0.009081119629069571,-0.009081119629069571,1.4989823459063014,97.90523746044273,-0.002980554837415772,-0.29888153076171875,55.874978940274616,0.8946906694806955,-0.5907711957428405,10.976324898856026,4.923272081281532,3.6163943393116487,7.269501559434428
560,2015-03-25,109.69999694824219,109.73999786376953,104.44999694824219,104.62999725341797,94.76153564453125,1733200,-0.05217862372581439,27.625519728432447,0.0003028449762960355,0.04822243448213796,97.89519718715123,2.115023941193413,102.12524506953805,93.6651493047644,0.04658159300371288,-0.047857795314953516,1.420767510107618,97.4860772183212,-0.05217862372581439,-5.216728210449219,38.71898823070839,0.5645427288431648,-1.3173349824725826,10.850418635777064,2.7912292592330514,3.7099114682771113,7.90605849294549
561,2015-03-26,101.01000213623047,101.01000213623047,98.41999816894531,99.08000183105469,89.7350082397461,4330300,-0.05304396315020288,32.45174072314772,0.0004179029666517476,0.025641064374912714,96.90024239676339,3.7654097352815015,104.43106186732639,89.36942292620039,0.01910702172417364,-0.025641064374912714,1.345404370656464,96.45260135451119,-0.05304396315020288,-5.026527404785156,33.14243998578554,-0.10153026809322796,-0.6691053684943705,10.629334041050502,2.833416040507485,3.5250311671066537,8.317008539732392
562,2015-03-27,99.98999786376953,102.12000274658203,99.94999694824219,101.86000061035156,92.25279235839844,1260200,0.028057991725208842,34.24813919384732,0.0004654504120004526,0.021702228669875045,96.25850132533482,4.158559987769936,104.57562130087469,87.94138134979495,0.002600281445997292,-0.0004000491687362834,1.383153715355403,95.89262682169615,0.028057991725208842,2.5177841186523438,38.59452905627645,-0.42137641556580263,-0.4751312954978943,10.728821345738002,2.803305342426199,4.16301156504746,9.13944367179161
563,2015-03-30,101.56999969482422,103.43000030517578,101.56999969482422,103.12000274658203,93.39396667480469,990600,0.012370078858673805,34.63502906652124,0.00047602588826935335,0.018312499910801357,95.73838261195591,4.271435852477489,104.28125431691089,87.19551090700094,0.003052058280251691,0.0,1.400263435888017,95.55947213544397,0.012370078858673805,1.14117431640625,44.19322717524737,-0.5761322675125768,-0.38721342020731025,10.85221426827567,2.7973850901849726,4.86788389447651,10.318694822345948
564,2015-03-31,101.47000122070312,102.22000122070312,100.97000122070312,101.02999877929688,91.50106811523438,1224100,-0.020267889104243042,34.16434477005794,0.0004631755768124541,0.012318911845493897,94.55711146763393,4.111049001444475,102.77920947052289,86.33501346474497,0.011727628137284889,-0.004927564738197559,1.3718830518527123,95.01835159941602,-0.020267889104243042,-1.8928985595703125,39.783026214289116,-0.8418145748723589,-0.5330453208253616,10.636799948556083,2.8465426279598045,3.9492928343603775,10.733290560431335
565,2015-04-01,101.12000274658203,101.12000274658203,99.55000305175781,100.33999633789062,90.87616729736328,641600,-0.006829437412513073,34.01775972692888,0.00045920951461867604,0.015526104155266021,93.21411459786552,3.4061077779128603,100.02633015369123,86.4018990420398,0.007713670762511637,-0.015526104155266021,1.3625138624127968,94.46606035914233,-0.006829437412513073,-0.6249008178710938,41.57225067684072,-1.09022653819099,-0.5811886687650435,10.606593540736608,2.85652283276069,3.9631393690717984,11.147886298516722
566,2015-04-02,101.61000061035156,102.01000213623047,100.4800033569336,100.73999786376953,91.23843383789062,498700,0.003986375650526064,34.09490784633351,0.0004612947385118944,0.015057560969456443,91.96556745256696,1.6756556250775387,95.31687870272204,88.61425620241188,0.01249881177868584,-0.011120925564711096,1.3679453544974234,94.03571015630878,0.003986375650526064,0.36226654052734375,40.947312636530455,-1.243528306353653,-0.5532790811813215,10.628688267299108,2.8498398123280566,4.371245197511381,11.793057174655013
567,2015-04-06,100.91999816894531,101.19999694824219,100.0,100.2300033569336,90.77655029296875,916400,-0.00506237914761376,33.859747426605615,0.000454953371346637,0.011890576397289765,91.39628383091518,1.1672380095264525,93.73075984996808,89.06180781186228,0.009611510195281357,-0.009116113611151557,1.3610202964597404,93.60115550786345,-0.00506237914761376,-0.461883544921875,34.44170986113335,-1.3863106775135776,-0.5888633204315485,10.44961166381836,2.8699697909531747,3.769372368501269,12.066633463953448
568,2015-04-07,100.93000030517578,101.86000061035156,100.12000274658203,100.16999816894531,90.72219848632812,1161800,-0.0005987428081944968,33.45007696056464,0.0004440109716935303,0.01723964984155759,91.53731100899833,0.9772411193905308,93.4917932477794,89.58282877021726,0.016744302351097737,-0.00802533990037264,1.3602053953454285,93.21729457165874,-0.0005987428081944968,-0.054351806640625,35.88539433529219,-1.4867145520003504,-0.593050669629081,10.554974147251674,3.143548705664307,3.739964075625458,12.107726065650493
569,2015-04-08,99.80000305175781,100.18000030517578,99.19999694824219,99.97000122070312,90.54106903076172,630400,-0.00199652850777976,33.30251387197295,0.00044010215483847217,0.009819672614893098,91.29277910505023,0.9825150368728688,93.25780917879597,89.32774903130449,0.002104199178869238,-0.0060120850217254265,1.3574897064971856,92.86046449953913,-0.00199652850777976,-0.18112945556640625,35.44413556324477,-1.5628850136291845,-0.6070051695306278,10.469795227050781,3.1653283385312756,3.589773976479553,11.858036092077683
570,2015-04-09,100.30999755859375,100.86000061035156,99.48999786376953,100.73999786376953,91.23843383789062,1609700,0.007702193210155084,33.161009302877694,0.0004363700547561668,0.013657688963473217,90.98484584263393,0.34549933240242625,91.67584450743878,90.29384717782908,0.0011963189064174231,-0.008174655715101927,1.3679453544974236,92.64419374465267,0.007702193210155084,0.6973648071289062,36.65553897858292,-1.5491218292810487,-0.5532790811813215,10.44078881399972,3.458802878004557,3.575739442672035,11.388297808023887
571,2015-04-10,99.7300033569336,100.58000183105469,99.58999633789062,100.0199966430664,90.58635711669922,846300,-0.007146952153409325,33.092279785296554,0.00043456308785251856,0.009926857112606663,90.8541728428432,0.285481619954527,91.42513608275225,90.28320960293415,0.005615212765851648,-0.0014038605668334708,1.358168714500352,92.36981552759221,-0.007146952153409325,-0.6520767211914062,26.614361571919375,-1.5727024138408723,-0.6035161037197697,10.1333863394601,3.143321346222283,3.6618971111198877,11.403752615039881
572,2015-04-13,100.38999938964844,100.98999786376953,99.58999633789062,99.80999755859375,90.3961410522461,1037700,-0.0020998312605514657,32.653388497548605,0.0004231126112586662,0.013945627397057892,90.7855976649693,0.3330140167260284,91.45162569842135,90.11956963151725,0.011754161892120253,-0.00796895165476317,1.3553167893765412,92.10665893087939,-0.0020998312605514657,-0.190216064453125,24.425638597307426,-1.5884286272405177,-0.6181706503498764,10.060072762625557,3.32435471213032,3.6558799632031294,10.572010737765575
573,2015-04-14,100.86000061035156,100.97000122070312,99.56999969482422,99.97000122070312,90.54106903076172,1137300,0.001603254041915969,32.53483166088896,0.0004200457425406278,0.013880641655828226,90.68597412109375,0.27405890850845727,91.23409193811067,90.13785630407683,0.00991473323367566,-0.012790014948650983,1.3574897064971858,91.89791361086371,0.001603254041915969,0.144927978515625,25.37810114598784,-1.5710867776037674,-0.6960184938685142,10.020858764648438,3.328143178211325,3.450901036575279,9.85004085460549
574,2015-04-15,100.05999755859375,100.08000183105469,95.88999938964844,96.13999938964844,87.07231140136719,4129100,-0.03831142780317742,33.53122585028853,0.0004461678996123242,0.04187490049610128,90.15679713657924,1.3868913652750967,92.93057986712944,87.38301440602905,0.03937639953567897,-0.04167497772027647,1.3054823376131623,91.25449998293084,-0.03831142780317742,-3.4687576293945312,27.925156300377083,-1.8163057458730663,-1.169454498357252,10.004944392613002,2.3316591253184513,3.4974886879776768,10.754167257962443
575,2015-04-16,94.83000183105469,96.12999725341797,94.16000366210938,95.12000274658203,86.14852905273438,2293600,-0.010609369772838106,33.548875265386016,0.0004466377109414401,0.020773948679430113,89.503415788923,2.012419356639465,93.52825450220192,85.47857707564407,0.010650579851672923,-0.007065255256864323,1.2916319927615152,90.57370385890465,-0.010609369772838106,-0.9237823486328125,36.53068229811654,-2.0614222673895597,-0.8642370561554915,10.2056029183524,2.3375909762102682,3.506386464315403,11.56112562671845
576,2015-04-17,94.75,95.11000061035156,93.94999694824219,94.5,85.58699035644531,1671200,-0.006518262151003484,33.48554052890458,0.0004449529462352819,0.012242782713555408,88.79569026402065,2.417110050919425,93.6299103658595,83.9614701621818,0.00643800116466029,-0.008443303976335753,1.2832127968300726,89.9088087252434,-0.006518262151003484,-0.5615386962890625,20.65402856336742,-2.274768244151872,-0.8821733787341165,9.961065564836774,2.309412223245443,3.5339583775298964,12.38812453218295
577,2015-04-20,94.98999786376953,96.23999786376953,94.94000244140625,96.08000183105469,87.01795959472656,1129100,0.016719471409400777,34.258126248557836,0.00046572191034211375,0.013685603238223853,88.19276537214007,2.224980418552605,92.64272620924528,83.74280453503486,0.0016843461028844637,-0.0005263230180822036,1.3046674364988502,89.52336217450782,0.016719471409400777,1.43096923828125,22.628265090357417,-2.3018449733859114,-0.8382144827420787,9.923622676304408,2.836498377101541,2.640878534576047,12.553108737717428
578,2015-04-21,98.16999816894531,98.73999786376953,97.08999633789062,97.75,88.53044128417969,2396700,0.017381258955016632,33.126955423410195,0.00043547427604151006,0.01680759454675085,87.89906311035156,1.9783892282000226,91.85584156675161,83.94228465395152,0.01008452564158958,-0.011001343090544447,1.3273441990628145,89.39097272246407,0.017381258955016632,1.512481689453125,36.81672221688014,-2.1761732735031103,-0.6724010143491213,10.130480085100446,2.5284550560065377,2.6647477428932818,12.191613308922669
579,2015-04-22,109.81999969482422,111.19999694824219,106.37999725341797,107.80999755859375,97.6416244506836,4849300,0.10291582233570162,50.05961744557389,0.0009944306741258748,0.04388999916425408,88.9341321672712,4.176654785503904,97.28744173827901,80.58082259626339,0.030868688754951863,-0.03132400702026569,1.4639489188318873,90.49105961956,0.10291582233570162,9.111183166503906,67.12519930044002,-1.3260948141757751,0.21400739144587863,11.062667301722936,7.963659412260518,1.9909148530651295,14.85016237813297
580,2015-04-23,108.83999633789062,108.95999908447266,107.45999908447266,108.69000244140625,98.43862915039062,1357000,0.008162550594491336,50.14735084645431,0.0009979193638561036,0.013781698368890911,90.0623550415039,5.530365871334442,101.12308678417278,79.00162329883503,0.002480674863569542,-0.012679137264336239,1.4758984759496034,91.55073555700409,0.008162550594491336,0.7970046997070312,67.83315281186438,-0.5813880131401135,0.2602105624433877,11.075848715645927,7.95671493502565,2.3459835284114385,16.714697479442094
581,2015-04-24,108.05999755859375,108.19999694824219,106.5999984741211,107.16000366210938,97.78254699707031,1748100,-0.006664885106414609,46.56204908164997,0.0008603271486833256,0.014806575145937062,91.59238869803292,6.02472215064748,103.64183299932787,79.54294439673797,0.009624220892369476,-0.013511004233375036,1.466061782178667,92.38164374901292,-0.006664885106414609,-0.6560821533203125,67.18683791678957,-0.04363980218739982,0.22217681442481885,11.061549050467354,7.956727930880655,2.3459873601513,18.635067025448876
582,2015-04-27,109.56999969482422,110.91000366210938,109.25,109.70999908447266,100.10938262939453,4075600,0.023796021926018485,42.57666296180575,0.0007193540591123814,0.015150165800244945,93.58679635184151,6.229547957344942,106.0458922665314,81.12770043715163,0.010951944701825199,-0.0029205046610886742,1.5009482204922884,93.4120089330638,0.023796021926018485,2.3268356323242188,70.71828153694192,0.5637867360627951,0.3570658365885417,11.207549503871373,8.892574635965621,2.27615351024325,20.93809029865009
583,2015-04-28,109.75,110.04000091552734,108.87000274658203,109.79000091552734,100.18238830566406,1076200,0.0007292590799385934,41.80190575963108,0.0006934124306099515,0.010660575571255694,95.67185320172992,5.50630410383786,106.68446140940564,84.65924499405419,0.002277904328018223,-0.00801819820881976,1.5020428006106001,94.31472618274384,0.0007292590799385934,0.07300567626953125,71.38122597649753,1.0390896135844514,0.36129804970561596,11.241322108677455,8.988034651549272,1.6314060556621934,23.307462198967368
584,2015-04-29,108.79000091552734,109.19000244140625,107.08999633789062,107.63999938964844,98.22052764892578,2160600,-0.019582889666719616,42.47985838746218,0.0007160866542138254,0.01930330072472585,97.27222006661552,3.991531816745291,105.2552837001061,89.28915643312493,0.01424766098642972,-0.015626478199561086,1.4726284621715522,94.8354997115681,-0.019582889666719616,-1.9618606567382812,64.66165895366076,1.2431347260501013,0.2475669971410779,11.147656576974052,9.074141326618959,0.9317002868252414,25.896292802591365
585,2015-04-30,108.0199966430664,108.68000030517578,106.44000244140625,107.04000091552734,97.67302703857422,1989500,-0.005574197405134318,41.77671653398809,0.0006925770017306323,0.02073688144215761,98.57830374581474,1.1101745638090574,100.79865287343286,96.35795461819662,0.015182368455977042,-0.014626867716733752,1.4644197404189885,95.21383668850225,-0.005574197405134318,-0.5475006103515625,64.94690417004054,1.3451570905344568,0.215827831323596,11.227506910051618,9.009161179674221,0.9250283583895713,28.998674732604773
586,2015-05-01,107.5,108.55000305175781,107.41000366210938,108.37000274658203,98.88664245605469,637400,0.012425287249479666,41.71341821827938,0.0006904798648623339,0.010604645485101745,98.75616346086774,1.0320845801423564,100.82033262115245,96.69199430058303,0.0016744214434956395,-0.0008371752361918605,1.4826155763475029,95.70354412417592,0.012425287249479666,1.2136154174804688,67.16671536035437,1.5065723428436257,0.28618234827898553,11.261316571916852,8.95974569308308,1.3428724594821762,31.74651189097661
587,2015-05-04,109.47000122070312,109.47000122070312,107.76000213623047,107.88999938964844,98.44864654541016,676900,-0.00442927274873528,41.82427166123257,0.0006941546428541988,0.01562070946747426,98.75759451729911,1.0315777368437908,100.8207499909867,96.69443904361152,0.014433194605243827,-0.01562070946747426,1.4760486675783364,96.06955778034049,-0.00442927274873528,-0.43799591064453125,65.8008625010824,1.5809285237997557,0.26079128099524457,11.261995043073382,9.383383093667911,0.9396500615863331,34.638233203417315
588,2015-05-05,107.33000183105469,107.33000183105469,105.0199966430664,105.44000244140625,96.21305084228516,1636800,-0.022708242130010547,42.73976520682244,0.0007248760039421862,0.021522455497805723,98.53338078090123,1.3878639470503549,101.30910867500194,95.75765288680051,0.0176092365359635,-0.021522455497805723,1.442530197039288,96.08869018859978,-0.022708242130010547,-2.235595703125,69.21174896115653,1.4428303926893022,0.13119153008944745,11.215025220598493,9.427892244370678,0.9441071988236728,37.88816255927503
589,2015-05-06,107.19000244140625,107.33000183105469,105.55999755859375,105.80000305175781,96.54154205322266,1305500,0.003414206368697048,42.71855600659096,0.0007241567568604158,0.016512773879527456,98.02368927001953,1.3676098158164343,100.7589089016524,95.28846963838666,0.014273707850069553,-0.015206687617191883,1.4474552928250575,96.14907043721617,0.003414206368697048,0.3284912109375,72.40437419102301,1.3443957667067394,0.15023449883944745,11.362115587506976,9.136727802884687,1.181058288306932,41.14730341684914
590,2015-05-07,105.7300033569336,106.56999969482422,105.30999755859375,106.22000122070312,96.9248046875,1104600,0.003969924512559064,42.67540163541784,0.0007226944066445331,0.011917167277265956,97.55832018171039,1.0209249670956282,99.60017011590165,95.51647024751912,0.003310304199457319,-0.00397243719856839,1.4532015810728771,96.25250167058735,0.003969924512559064,0.38326263427734375,74.63041205434479,1.2825275289510074,0.12206660003847543,11.438328879220146,9.11389302260293,1.1781065525110028,44.519828571062554
591,2015-05-08,107.2699966430664,108.30999755859375,107.13999938964844,107.73999786376953,98.31178283691406,951900,0.014309836928595221,42.816978799605394,0.0007274974894943877,0.010907040230814975,97.57135663713727,1.0313198929523373,99.63399642304195,95.50871685123259,0.005313691737316389,-0.001211869651217812,1.4739966587224067,96.52707249276425,0.014309836928595221,1.3869781494140625,74.58182938931348,1.3300816961446174,0.08659010957994534,11.490627833775111,8.77510411477003,1.9703682812631993,47.45622000777938
592,2015-05-11,107.5199966430664,108.87999725341797,107.47000122070312,108.62000274658203,99.1147689819336,459800,0.0081677508214002,42.64770445580044,0.0007217566251386108,0.013113802797033194,97.7773197719029,1.187193008385699,100.15170578867429,95.4029337551315,0.0024181037477060195,-0.00046498720167608267,1.4860358961424278,96.87209869132016,0.0081677508214002,0.8029861450195312,73.77176036685691,1.4162374831936688,-0.9555384093083547,11.408211844308036,8.975584975783994,1.9165286707844724,50.17948708571382
593,2015-05-12,108.3499984741211,108.93000030517578,107.87000274658203,108.62999725341797,99.12389373779297,483600,9.206252461768649e-05,42.61090787272314,0.0007205116943403563,0.009783087895907315,97.81121281215123,1.2268650357556028,100.26494288366243,95.35748274064002,0.0027688330039936904,-0.0044300483091719405,1.4861727043586992,97.17233803084987,9.206252461768649e-05,0.009124755859375,55.631576994606235,1.4683268982072661,-1.0010349539840546,10.490045819963727,8.82031319570694,2.0953165247358876,52.887077050554936
594,2015-05-13,108.88999938964844,109.30999755859375,107.9000015258789,108.58000183105469,99.07828521728516,468900,-0.0004601163129089869,42.635960707194506,0.0007213591846926321,0.012948811099441371,97.90116119384766,1.3021586329197388,100.50547845968714,95.29684392800817,0.006703974025446263,-0.009091724394514458,1.4854888920536238,97.42646432237458,-0.0004601163129089869,-0.0456085205078125,52.57739945218618,1.4887663368445772,-1.008778326845981,10.409169333321708,9.00067443813682,2.098854405314231,55.76185586352581
595,2015-05-14,109.9000015258789,111.05999755859375,109.4000015258789,110.58000183105469,100.90323638916016,729100,0.01841928499138601,39.876520633817705,0.0006310067054997177,0.015104604273585502,98.57118770054409,1.4828965413030841,101.53698078315026,95.60539461793792,0.004367567978841517,-0.004549590473684039,1.5128505353078978,97.89003393127933,0.01841928499138601,1.824951171875,61.49187125036032,1.6333942943670365,-0.6815827201818928,10.567765372140068,9.659952629108165,2.0767638816492315,57.88618061276506
596,2015-05-15,111.08999633789062,111.48999786376953,110.5999984741211,111.05000305175781,101.3321304321289,795100,0.004250547934008919,39.363090123300076,0.0006148622476408902,0.00801151695910963,99.25555746895927,1.4954766445968395,102.24651075815295,96.26460417976558,0.003960705972781143,-0.004410818974907128,1.519280979025215,98.34898013139261,0.004250547934008919,0.42889404296875,55.23442358240621,1.76230638651613,-0.5699946700375927,10.386287144252233,9.596727235795058,2.576821751981715,59.67976317398697
597,2015-05-18,109.95999908447266,111.25,109.61000061035156,111.0199966430664,101.30474090576172,554700,-0.00027029458721916644,39.13077244654274,0.0006076259334377414,0.014914508942370664,99.88126264299665,1.2546512027168573,102.39056504843036,97.37196023756293,0.0020917002441669928,-0.003182961777329777,1.5188703256001195,98.74308156797515,-0.00027029458721916644,-0.0273895263671875,54.82348312212077,1.8410377057658565,-0.5742279808876039,10.385376521519252,9.557600365595286,2.566315777628117,61.427814256280826
598,2015-05-19,110.97000122070312,111.73999786376953,110.58000183105469,111.22000122070312,101.48725891113281,476500,0.001801672890520356,39.06926797441702,0.0006057173412923839,0.010453239794129416,100.33490208217076,1.1633524694476742,102.6616070210661,98.00819714327541,0.004685920855603209,-0.0035144578296686297,1.521606833089969,99.10897188039618,0.001801672890520356,0.18251800537109375,66.57412733422467,1.8963011420080278,-0.5257049241374926,10.48735100882394,9.084317462326519,2.982593998715933,63.665639425209974
599,2015-05-20,111.44999694824219,112.27999877929688,111.1500015258789,111.63999938964844,101.87049865722656,531600,0.0037762350683776535,38.92523166454967,0.0006012593889439921,0.01013905145230954,100.72857775006976,1.1478096639236202,103.024197077917,98.43295842222253,0.005742480100252095,-0.0026917490406267153,1.5273527781733665,99.47717545064023,0.0037762350683776535,0.38323974609375,71.65732541945074,1.9485602681880607,-0.43381502191611243,10.511155809674944,8.049500622969092,3.238651596875313,65.57012161462123
600,2015-05-21,111.33000183105469,111.81999969482422,111.05000305175781,111.52999877929688,101.7701187133789,365900,-0.0009853681406372106,17.282423106700527,0.00011852466207897452,0.006916344475004054,101.10660988943917,0.9499334062448276,103.00647670192882,99.20674307694952,0.002604876589936875,-0.0025150343545469285,1.5258477734062408,99.7829012190054,-0.0009853681406372106,-0.10037994384765625,66.80853789029041,1.9592906961054979,-0.4476414563942399,10.444907597133092,2.868010062436357,3.4253024769834592,63.13466024651656
601,2015-05-22,110.98999786376953,111.37000274658203,110.44999694824219,110.9800033569336,101.26827239990234,253200,-0.0049311754748949665,17.29225319798634,0.00011865953200923348,0.008289087449745427,101.41946520124164,0.3268856901525067,102.07323658154665,100.76569382093662,0.003513824643254138,-0.004865311522846838,1.518323550287597,99.98095070979166,-0.0049311754748949665,-0.5018463134765625,66.31488891321776,1.9053363032722501,-0.516766272621516,10.374659402029854,2.8905161182524974,2.959012437825158,60.597142087926244
602,2015-05-26,110.37999725341797,110.5199966430664,108.4000015258789,108.97000122070312,99.43414306640625,541400,-0.01811158904985788,18.38556475932457,0.00013413848869814167,0.019206334208545683,101.2095947265625,0.8172941133407691,102.84418295324404,99.57500649988096,0.014042357863125285,-0.017937993991730697,1.4908242981000668,99.90804302400694,-0.01811158904985788,-1.8341293334960938,69.5459381281788,1.6950387973459726,-0.8430205829425595,10.401114327566964,2.8972586867894927,2.965914784446881,58.05962392933592
603,2015-05-27,109.61000061035156,112.91000366210938,109.5199966430664,112.52999877929688,102.6825942993164,588500,0.03266937424844807,19.968978444223477,0.0001582381349626435,0.0309278989158478,101.40251813616071,0.9917992618306043,103.38611665982192,99.4189196124995,0.003466881495269441,-0.0008211291559527304,1.5395285950333777,100.2779831940482,0.03266937424844807,3.2484512329101562,77.5142678221301,1.7700948235635678,-0.34571067752984497,10.569607870919365,2.746414393842566,2.961192706462643,55.41783452316791
604,2015-05-28,113.69000244140625,114.13999938964844,112.5,113.80000305175781,103.84147644042969,588100,0.011286062151246279,20.26466863045895,0.0001629590455167883,0.014425185631372146,101.76490892682757,1.3491764328448357,104.46326179251724,99.0665560611379,0.0029905561666765984,-0.010467080797359958,1.5569038104405453,100.75311562689907,0.011286062151246279,1.1588821411132812,78.97550105663919,1.9011738203349609,-0.47121756417410715,10.671675545828682,2.7273853772136465,4.293024094651483,53.18098409456827
605,2015-05-29,113.2699966430664,113.87999725341797,111.5,112.30000305175781,102.47273254394531,542600,-0.013181090479482682,19.52177118614417,0.00015122998025562237,0.021011718230360302,101.90569087437221,1.3666778531727113,104.63904658071763,99.17233516802679,0.013948920707034138,-0.01562635027388564,1.5363821204472772,100.98239788250524,-0.013181090479482682,-1.368743896484375,67.45782981349599,1.8730176942074053,-0.7492158993422934,10.575484684535436,2.7146851729832404,4.273033416684357,50.36785894416679
606,2015-06-01,112.19000244140625,112.3499984741211,110.41000366210938,111.62999725341797,101.86136627197266,856200,-0.005966136130023392,19.541626294949417,0.000151537761210896,0.01729204715032362,101.90438624790737,1.366721404797834,104.63782905750304,99.1709434383117,0.0064176950266059745,-0.01586593048009353,1.5272158555689548,101.09959366776756,-0.005966136130023392,-0.6113662719726562,61.712044078683675,1.780843161224098,-0.9583157402889437,10.526131221226283,2.7218430650294945,4.284300252415828,47.5547337937653
607,2015-06-02,111.37000274658203,111.41000366210938,110.05000305175781,110.05000305175781,100.4196548461914,735800,-0.014153662753077945,19.932671477121396,0.00015766325087890806,0.012211552274504198,101.71146283830915,1.4794947257206572,104.67045228975046,98.75247338686783,0.012211552274504198,-0.011852380912909063,1.5056001573980784,101.00893515822408,-0.014153662753077945,-1.44171142578125,54.923811070008,1.5733238189529146,-1.198773916753985,10.507088797433036,2.7383163753191497,3.86827168135788,44.84863995843466
608,2015-06-03,112.25,112.91999816894531,111.44000244140625,111.72000122070312,101.94348907470703,1029300,0.015174661084522034,20.434232280530168,0.0001656975590851828,0.0131848171718402,101.80792236328125,1.4677485701229795,104.7434195035272,98.8724252230353,0.010690395975431515,-0.007216013885022272,1.5284471295153972,101.13354234708848,0.015174661084522034,1.523834228515625,59.787981113565685,1.514367249146801,-1.124828371788243,10.672391619001116,2.9810965928020723,3.834777621204325,41.55005976852438
609,2015-06-04,112.06999969482422,113.68000030517578,110.37000274658203,110.58999633789062,100.912353515625,1372200,-0.010114776023865457,18.947239208516546,0.00014245947366061358,0.029535090279353478,102.01909528459821,1.1387692612586544,104.29663380711551,99.7415567620809,0.02757208865619247,-0.015169063557342896,1.512987229136029,101.10405050289336,-0.010114776023865457,-1.0311355590820312,50.03293159542695,1.3686626299229658,-1.3044687799477108,10.654877253941127,3.282049432660898,3.7859531795332315,37.99454964928924
610,2015-06-05,109.5999984741211,110.01000213623047,108.75,109.0999984741211,99.55276489257812,997100,-0.013472965159180061,19.71423931726791,0.00015422667930893312,0.011496370016172786,101.57197679792132,1.4156225164509653,104.40322183082326,98.74073176501939,0.008302953237031717,-0.007755460638275434,1.4926028049115947,100.89721242151799,-0.013472965159180061,-1.359588623046875,43.97773135607882,1.1304520821977206,-1.541330997550352,10.548512050083705,3.3118718016649202,3.5773632880886974,34.506328354279034
611,2015-06-08,108.16999816894531,108.5999984741211,107.12999725341797,107.80000305175781,98.36652374267578,803100,-0.011915702704815345,20.228516783434216,0.00016237813145146004,0.013589731400449907,100.78984069824219,1.46435794619953,103.71855659064124,97.86112480584313,0.007395723730288027,-0.009614504327743616,1.4748173936318947,100.55978726433904,-0.011915702704815345,-1.1862411499023438,40.77892089445315,0.8363083182361919,-1.2501384936031736,10.486323765345983,3.3265596836925164,3.59322860326149,31.018107059268843
612,2015-06-09,108.5199966430664,108.68000030517578,107.25,108.25,98.77714538574219,844100,0.004174404334350346,19.671394012273506,0.00015355704062940852,0.013177297727710051,100.26189967564174,1.4220777381939462,103.10605515202964,97.41774419925385,0.003962406178375559,-0.011702881333875799,1.480973877752247,100.32210168052613,0.004174404334350346,0.41062164306640625,41.61483674874159,0.6290793656535385,-1.1915619575213727,10.477625165666852,3.3427517185359323,2.834074369044308,28.394712530957538
613,2015-06-10,108.93000030517578,110.06999969482422,108.3499984741211,108.98999786376953,99.45237731933594,497000,0.006835912608699646,19.60956872009788,0.00015259332753501617,0.015789968015096016,99.91775839669364,1.2517874602775774,102.4213333172488,97.41418347613849,0.009914640852189288,-0.005324537128704376,1.4910976857563283,100.20613843236744,0.006835912608699646,0.67523193359375,42.6510537381899,0.5134161597213023,-1.0952378879317382,10.513347625732422,3.702990570812365,2.824777584468237,25.949218268434038
614,2015-06-11,111.0,111.80000305175781,109.47000122070312,110.0,100.37400817871094,872700,0.0092670571002611,19.857197867647184,0.00015647155045829018,0.020991007486979168,99.91123744419643,1.2488526222144334,102.4089426886253,97.41353219976756,0.016216243709529843,-0.013783772786458334,1.5049157731522993,100.22852106521324,0.0092670571002611,0.921630859375,45.958788212861755,0.4904663528616169,-0.9637641962745492,10.684642246791295,4.435297279962238,2.6137380564353068,24.2459982863604
615,2015-06-12,107.6500015258789,108.63999938964844,106.95999908447266,107.91000366210938,98.46690368652344,583600,-0.018999983429893508,20.996200443128956,0.00017493667978097144,0.015606133593708419,99.41458238874164,0.9649859098410298,101.3445542084237,97.48461056905957,0.006781195700806122,-0.006409683526482574,1.4763223983990201,99.99363874805461,-0.018999983429893508,-1.9071044921875,42.50115694836845,0.31476268312056277,-1.1828823171256524,10.589364188058036,4.302198038181686,2.6363941988657524,22.428217756044596
616,2015-06-15,106.4800033569336,108.54000091552734,106.19000244140625,108.37999725341797,98.8957748413086,841800,0.004355485332924625,19.963599982966848,0.00015815290646028314,0.022069857250507592,99.12649972098214,0.7108783763362038,100.54825647365455,97.70474296830973,0.0015026639468917347,-0.0027235246655207767,1.4827524989519152,99.84725689382181,0.004355485332924625,0.42887115478515625,48.4416276769928,0.20772801765821214,-0.9175132578774728,10.648033687046595,3.5427078547364044,2.6593073115569377,20.029786637836875
617,2015-06-16,108.27999877929688,109.55000305175781,107.7300033569336,109.20999908447266,99.65313720703125,538400,0.007658187287959972,20.108350915879257,0.00016045467323656416,0.016808272214094287,99.14083862304688,0.7218372637540723,100.58451315055503,97.69716409553872,0.003140044062783689,-0.005079381497632971,1.4941076952905796,99.8213742689164,0.007658187287959972,0.7573623657226562,39.75311076003755,0.18191804947431933,-0.8222475149277079,10.446488516671318,3.54161980932355,2.8132674156154525,17.829599093055645
618,2015-06-17,107.97000122070312,108.43000030517578,107.26000213623047,107.81999969482422,98.38477325439453,557600,-0.012727787485522613,20.531905782966373,0.00016728537900024106,0.010836326347294388,99.14344569614956,0.71860025303409,100.58064620221774,97.70624519008138,0.005649723103222449,-0.006575892159353933,1.4750910100644372,99.62982746698016,-0.012727787485522613,-1.2683639526367188,31.678841989262764,0.05844339385524222,-1.0149849743487478,10.255021231515068,3.560111374602991,2.8279560950517455,15.62941154827442
619,2015-06-18,107.1500015258789,110.26000213623047,107.0999984741211,108.93000030517578,99.39764404296875,1387500,0.010294995404982243,20.90169185350072,0.00017336536600741982,0.029491400999617997,99.23208836146763,0.7040071222748352,100.64010260601731,97.82407411691796,0.012412522744887362,-0.0004666640321580933,1.4902770652349813,99.59886967711198,0.010294995404982243,1.0128707885742188,39.422460207405415,0.04183677906723915,-0.9068571876760287,10.386214665004186,4.3687288548443,2.368479411980763,14.635308965360956
620,2015-06-19,108.95999908447266,109.1500015258789,108.37000274658203,108.80999755859375,99.28813934326172,479900,-0.0011016830505529152,20.83213846960265,0.00017221348937170567,0.007158579165296898,99.20862579345703,0.6981543778897789,100.60493454923659,97.81231703767747,0.0031204475967512055,-0.0054147975665200096,1.4886352522515842,99.55743896593195,-0.0011016830505529152,-0.10950469970703125,40.83221616614315,0.019613708483859682,-0.9214773119669482,10.37729263305664,4.389489379471742,2.6994702969474127,13.741098812078192
621,2015-06-22,111.97000122070312,113.0,111.30000305175781,111.91000366210938,102.11687469482422,709000,0.028490163782633804,23.224673418678904,0.00021404184738265476,0.015182610786002743,99.45760672433036,1.2642766214370342,101.98615996720443,96.9290534814563,0.009734717567271813,-0.005983729227837417,1.5310467144008342,99.8986970631176,0.028490163782633804,2.8287353515625,55.502915487954624,0.22763305492085806,-0.5438089330151192,10.67466572352818,6.0441544663921505,2.6538635457863298,15.175500221060114
622,2015-06-23,111.94000244140625,112.12999725341797,110.97000122070312,111.01000213623047,101.29563903808594,479800,-0.008042115068567668,23.33707500815408,0.00021611867854611478,0.010362658633333788,99.86171177455357,1.3443794286492572,102.55047063185208,97.17295291725506,0.0100053161761699,-0.008665367156936247,1.5187338605482703,100.08495599311338,-0.008042115068567668,-0.8212356567382812,47.79919789879965,0.32250539013971036,-0.6534532442252393,10.497007097516741,6.032959533522895,2.6489480816954565,16.975822565521234
623,2015-06-24,110.55000305175781,111.0,109.79000091552734,109.97000122070312,100.34663391113281,404900,-0.009368667160452149,22.6634991472528,0.0002038230926974317,0.01094526504812626,100.06897735595703,1.28098519767326,102.63094775130355,97.50700696061051,0.009317039808806205,-0.006874736456358554,1.504505348503485,100.11984638218264,-0.009368667160452149,-0.949005126953125,48.06741804966384,0.31745617951274596,-0.8580573605198297,10.351853506905693,6.020744768001361,2.643584830124343,18.776144909982353
624,2015-06-25,110.83999633789062,111.08999633789062,109.9000015258789,110.26000213623047,100.61126708984375,395600,0.0026371903909132577,19.458755042587754,0.00015025521738390235,0.010736149867635094,100.20585305350167,1.2803351703050214,102.76652339411172,97.64518271289162,0.007488219316878693,-0.008480646364748948,1.508473015551636,100.18536914320413,0.0026371903909132577,0.2646331787109375,53.908389205025635,0.3309928500638648,-0.8191978489805064,10.46940449305943,5.012951224671799,2.726109021489397,20.004065582054277
625,2015-06-26,110.6500015258789,111.13999938964844,108.19000244140625,108.77999877929688,99.26075744628906,869400,-0.013423045774274112,19.39169452970997,0.00014922135584665997,0.026660613714968997,100.33099365234375,1.1032377936197952,102.53746923958334,98.12451806510416,0.021328518552253286,-0.0222322553144955,1.4882247132146291,100.06208758361545,-0.013423045774274112,-1.3505096435546875,53.26227391978874,0.2300935423196222,-1.0175106430652028,10.575225830078125,5.056860848713255,1.3824547116496322,21.65934250707731
626,2015-06-29,105.81999969482422,106.58000183105469,104.02999877929688,104.55999755859375,95.41004943847656,1043600,-0.03879386080542613,22.944311886822153,0.0002089053364919714,0.024097553006159535,99.76133728027344,2.174695134289593,104.11072754885262,95.41194701169425,0.019089059518866528,-0.01691552561604189,1.4304907308429855,99.44181583093027,-0.03879386080542613,-3.8507080078125,40.18097030698651,-0.15875975687609412,-0.9609752695378816,10.361352103097099,5.120176990112106,1.399764204755931,23.31461943210034
627,2015-06-30,105.70999908447266,105.79000091552734,103.22000122070312,104.12999725341797,95.01769256591797,754300,-0.004112322285417136,22.92609719846469,0.00020857378283867066,0.024311793747822635,99.15127345493862,2.8298644653699876,104.81100238567859,93.49154452419864,0.015703374103549744,-0.023554988982449794,1.4246080919314572,98.85193272892863,-0.004112322285417136,-0.39235687255859375,36.85075871404766,-0.49290679585887176,-0.8386819712236052,10.296144757952009,5.108353181438275,1.3965317883419142,24.969896357123368
628,2015-07-01,107.73999786376953,107.9000015258789,105.26000213623047,105.6500015258789,96.4046859741211,1305400,0.014597212063857556,23.355632223766275,0.0002164625224491385,0.024503429014232497,98.33524649483817,2.650045579252051,103.63533765334228,93.03515533633407,0.020883609101654002,-0.023018338376754578,1.4454033983572683,98.52563316162096,0.014597212063857556,1.386993408203125,38.54667630013265,-0.6384423887567152,-0.6968625866303035,10.334336417061943,5.985982563052956,1.3754673865519011,27.13785199291228
629,2015-07-02,105.31999969482422,105.33000183105469,103.70999908447266,104.5999984741211,95.446533203125,942800,-0.009938860972518504,22.660646550882145,0.00020377178654920887,0.015381720008319024,97.49965994698661,2.477557794537137,102.45477553606088,92.54454435791234,0.006931289014896081,-0.015286750997120287,1.4310377349317895,98.11508650048816,-0.009938860972518504,-0.9581527709960938,40.77991753568455,-0.8216241439697427,-0.7948332298398295,10.381431034633092,5.389962609747291,1.3980819127371769,29.341786598679164
630,2015-07-06,101.08999633789062,103.11000061035156,100.94999694824219,101.91999816894531,93.00108337402344,720300,-0.025621148794344073,23.87529863777416,0.00022620233533448422,0.021367135625266227,96.45029558454242,2.6221342206220135,101.69456402578645,91.20602714329839,0.011771713171585232,-0.001384898552973464,1.394372904194781,97.43321941695953,-0.025621148794344073,-2.4454498291015625,33.97823062104318,-1.1508579938915204,-0.6596607104642342,10.209314618791852,5.1366604480613915,1.4247702635721293,31.696166990781016
631,2015-07-07,99.2699966430664,100.63999938964844,97.30999755859375,100.16000366210938,91.39510345458984,1286700,-0.017268400121478233,24.10471348024432,0.00023057032220820308,0.03354489718608522,95.13370077950614,2.495357611779923,100.12441600306599,90.1429855559463,0.004835254797730349,-0.019744123609875774,1.3702943149665978,96.62813728864357,-0.017268400121478233,-1.6059799194335938,28.544430634927238,-1.523801909837573,-0.3769849065411472,9.993935176304408,5.172019932015417,1.434578025206824,34.20653074454293
632,2015-07-08,98.0999984741211,98.54000091552734,96.77999877929688,97.13999938964844,88.63936614990234,784400,-0.030151914058029416,25.64252984762272,0.0002609283083278657,0.017940898711581117,93.61635916573661,2.780538443188825,99.17743605211426,88.05528227935896,0.014271167662130275,-0.01345565459078408,1.3289773185475187,95.56296780347807,-0.030151914058029416,-2.7557373046875,26.496558434485138,-2.0184600687465917,-0.5018885337076221,9.877366202218193,5.2188703132070575,1.4475730500159993,36.716894498304846
633,2015-07-09,101.75,102.12000274658203,99.19999694824219,99.62000274658203,90.90233612060547,1683600,0.02553007844027344,27.58036594101947,0.00030185578787323265,0.02869784568392967,92.97240012032645,2.817628368389749,98.60765685710595,87.33714338354696,0.02457002457002457,-0.025061455054130835,1.3629062137353811,94.94155024576173,0.02553007844027344,2.262969970703125,30.676647157576596,-2.202488542379939,-0.3623712833750708,9.992038181849889,6.820709691832111,1.3697730498169762,39.49388619684641
634,2015-07-10,103.9800033569336,104.13999938964844,101.63999938964844,102.69999694824219,93.71282196044922,2272000,0.03091764150169829,29.913831759514892,0.0003550941787843497,0.024043084432477036,92.78599003383091,2.7004919306499926,98.1869738951309,87.38500617253092,0.013848840112681414,-0.0225043651831073,1.4050440594520885,94.77771980772006,0.03091764150169829,2.81048583984375,38.70613777507972,-2.0973725097988165,-0.18909843329313242,10.240988595145089,6.112893311374747,2.491645300833718,40.85730663942087
635,2015-07-13,103.79000091552734,103.88999938964844,102.94999694824219,103.30000305175781,94.26030731201172,859000,0.005842160550810771,29.764969029302645,0.000351568802109264,0.009056772647793882,92.47965022495815,2.315803769176875,97.1112577633119,87.8480426866044,0.005684520018174116,-0.008093303399898985,1.4132525524283706,94.70873147495895,0.005842160550810771,0.5474853515625,32.46435232045381,-1.9474409176542196,-0.1641492975737529,9.988511221749443,5.362794560531288,3.1322112655362244,40.87713181398906
636,2015-07-14,103.26000213623047,103.8499984741211,102.44999694824219,103.06999969482422,94.0504379272461,1238200,-0.0022264873810663444,29.177478185689566,0.00033782747352237703,0.013558023406118957,92.28020804268974,2.064147188511919,96.40850241971357,88.1519136656659,0.0075537358431179,-0.007844326663093083,1.410105963454129,94.62095900193057,-0.0022264873810663444,-0.209869384765625,33.375196902912805,-1.8245218044435632,-0.19008083120018446,9.958266122000557,5.329665104190571,3.112861567314482,40.984264050076085
637,2015-07-15,106.08999633789062,108.16999816894531,105.75,106.68000030517578,97.34452819824219,2298700,0.03502472017774427,31.83525650184422,0.0004021760144992914,0.022810804528994002,92.90070016043526,2.8283336028000834,98.55736736603544,87.24403295483509,0.014044659394878029,-0.0032047916827874696,1.4594945302450784,94.98410156143879,0.03502472017774427,3.2940902709960938,43.78070591924458,-1.4446489527666415,0.03931263196036115,10.27363749912807,7.209637881230875,3.0551657998229698,42.23327429376373
638,2015-07-16,104.1500015258789,104.23999786376953,99.2699966430664,100.36000061035156,91.57760620117188,4115500,-0.05924238479358568,37.57654533623424,0.0005603161743674868,0.04771964616311784,92.92677198137555,2.8129410415028038,98.55265406438116,87.30088989836995,0.03725393371649522,-0.04685554307553159,1.373030593680166,94.52990218006987,-0.05924238479358568,-5.7669219970703125,34.75985372260324,-1.5906038983385855,-0.3622835903206577,9.998788016183036,7.335939448205663,2.3909397748086048,44.1083793652507
639,2015-07-17,101.0,101.08999633789062,99.41000366210938,100.55000305175781,91.75096130371094,2782500,0.0018929857388743088,37.47744972964456,0.0005573647770785853,0.016633590849319306,93.37128557477679,2.202020264089145,97.77532610295508,88.9672450465985,0.005346468179532797,-0.01574253799891708,1.3756297210130406,94.15937672988868,0.0018929857388743088,0.1733551025390625,36.80665947884158,-1.6730006264520796,-0.4415309697168617,9.926192147391182,7.310877259628539,2.4478015708431555,45.93561962969422
640,2015-07-20,102.05000305175781,102.37999725341797,100.76000213623047,101.0,92.16159057617188,1112300,0.004475476514100851,37.26998267313108,0.0005512109557363057,0.01587452296660755,93.55117906842914,2.0097461846272635,97.57067143768366,89.53168669917461,0.013522755631061182,-0.012640870915732162,1.3817863195215336,93.89300524272645,0.004475476514100851,0.4106292724609375,43.50839949211522,-1.6857341822825447,-0.4054792318358106,10.162605830601283,6.498497873833949,3.092747090371262,46.21273226036825
641,2015-07-21,101.0,101.95999908447266,100.41999816894531,100.9000015258789,92.07034301757812,1525300,-0.0009900822894146621,37.2708426019665,0.0005512363921668891,0.015247533817102414,93.31653921944755,2.082299783636346,97.48113878672024,89.15193965217486,0.010495025332611386,-0.005742592386680075,1.3804182373588199,93.64998361270668,-0.0009900822894146621,-0.09124755859375,44.0383800455368,-1.6837789764844615,-0.4134904314392696,10.12106704711914,6.497100075244278,2.498886837276189,47.19388715145659
642,2015-07-22,100.05999755859375,101.08999633789062,99.56999969482422,100.83999633789062,92.01557922363281,1894400,-0.0005948038440006798,35.460684252943786,0.0004989921141614979,0.015190852290160383,92.99586377825055,2.0855776123035983,97.16701900285774,88.82470855364336,0.0024985009604223053,-0.004897040532932207,1.3795971592849101,93.43206302749684,-0.0005948038440006798,-0.0547637939453125,40.6164091526095,-1.6674273774248007,-0.4182984908668306,9.845163072858538,4.804127734851687,2.5548806609179215,46.79325854510745
643,2015-07-23,101.18000030517578,102.30000305175781,100.97000122070312,101.93000030517578,93.01020050048828,897100,0.010809270400158555,35.836624363495474,0.0005096284308612209,0.01314490835187962,92.84725843157086,2.0343425606361665,96.9159435528432,88.77857331029853,0.0036568763141534015,-0.002075499939111128,1.3945095980229114,93.37581469056236,0.010809270400158555,0.9946212768554688,44.79940746125877,-1.5562712663049751,-0.330974405690899,9.942242213657924,4.797911600256716,3.2192766605689633,45.874824732034
644,2015-07-24,100.87999725341797,101.05999755859375,97.44999694824219,98.52999877929688,89.9077377319336,1994700,-0.03335615611900977,37.241297830744045,0.0005503628032215003,0.03578509822202885,91.78485979352679,0.9439110525405704,93.67268189860793,89.89703768844565,0.025079290723425896,-0.03400079697226169,1.3479941181618016,92.91340442941187,-0.03335615611900977,-3.1024627685546875,43.57710543532845,-1.6989377674342023,-0.6033592112049622,9.969837188720703,4.8360735433363295,3.2448823538192486,44.95639091896056
645,2015-07-27,99.48999786376953,99.94000244140625,98.33000183105469,98.62999725341797,89.99897003173828,844600,0.001014732459142742,37.20386031617164,0.0005492568342957185,0.01618253738990041,91.55934034075055,1.1644915539484142,93.88832344864738,89.23035723285372,0.013167204906186206,-0.011659423636768114,1.349361971548234,92.52481317638873,0.001014732459142742,0.0912322998046875,46.906537866232284,-1.784074611725572,-0.5953493512669886,10.140790666852679,4.852661924748217,3.6274410149767378,44.237287669271595
646,2015-07-28,97.73999786376953,99.80999755859375,97.22000122070312,99.08000183105469,90.40960693359375,1558700,0.0045626844586184045,37.21426783526549,0.0005495641787757441,0.026498837676470734,91.36771828787667,1.2358788176406152,93.8394759231579,88.89596065259543,0.0074687512123392304,-0.005320203135170721,1.3555186844448677,92.2427856773494,0.0045626844586184045,0.41063690185546875,54.37728292993789,-1.797688573210678,-0.6219539895125408,10.331228528703962,4.845316375619106,3.6400428608332085,42.19643499359037
647,2015-07-29,98.94000244140625,99.33000183105469,98.12000274658203,99.0199966430664,90.35486602783203,568000,-0.0006054766480947382,35.02469867813722,0.00048679742757710585,0.01222962456655725,91.10961478097099,1.2311033845005381,93.57182154997206,88.64740801196992,0.0031332644060916713,-0.008287847934002578,1.3546979495353801,91.99106305741375,-0.0006054766480947382,-0.05474090576171875,48.48030869060628,-1.7922350987858522,-0.6269531603817625,10.005496978759766,4.8080523886495845,4.044341362041418,39.89001162238539
648,2015-07-30,97.87000274658203,99.41000366210938,97.68000030517578,99.08999633789062,90.41871643066406,1170500,0.0007066625809877269,35.034002935226326,0.0004870560958989867,0.017676543459523013,90.87366812569755,1.1731964368675072,93.22006099943256,88.52727525196254,0.003269718148954745,-0.0019413756623490599,1.3556552638848576,91.7814168405138,0.0007066625809877269,0.06385040283203125,39.21090811136605,-1.762444622599915,-0.621122071740018,9.706745147705078,4.8775168908359365,4.070241978892886,37.60239401091725
649,2015-07-31,100.2699966430664,100.51000213623047,98.91000366210938,99.16999816894531,90.49173736572266,714400,0.0008075865035597207,34.52666866549753,0.0004730519242607337,0.015956901642438945,90.65597643171039,1.062114377965171,92.78020518764073,88.53174767578004,0.013363957436392479,-0.013563309329691433,1.3567500727794506,91.60945957720831,0.0008075865035597207,0.07302093505859375,37.26097927317892,-1.7131946350694989,-0.6144534913373252,9.700610024588448,3.9102977973159847,4.728624499181831,35.07106185074466
650,2015-08-03,99.33999633789062,99.37999725341797,97.30999755859375,98.13999938964844,89.55184173583984,817900,-0.01038653535940215,34.53870796065992,0.00047338188396498106,0.020837525378835473,90.16192517961774,0.35039446676428326,90.86271411314631,89.46113624608917,0.012482362688557567,-0.020434858608129276,1.3426581401746553,91.33511053169252,-0.01038653535940215,-0.9398956298828125,35.508471660366794,-1.7300623060825444,-0.7002887326004468,9.65050779070173,3.911007953111354,4.729483272673334,32.721777783051984
651,2015-08-04,98.18000030517578,98.37000274658203,96.4000015258789,96.79000091552734,88.31999206542969,786500,-0.013755715645065836,33.78739639030678,0.0004530111725538553,0.020065198763288983,89.93510437011719,0.7857724729270308,91.50664931597125,88.36355942426313,0.016092909209039736,-0.018129952880057573,1.32418891658988,90.93309473619081,-0.013755715645065836,-1.2318496704101562,16.474541529866315,-1.821829118264148,-1.0306139329936435,9.271836417061943,3.888999462023383,4.702868959507714,30.47897785834919
652,2015-08-05,98.47000122070312,99.20999908447266,98.36000061035156,98.62999725341797,89.99897003173828,1052100,0.019010168898846436,34.089758407271084,0.00046115540804210687,0.008632055078540847,89.93510437011719,0.7857724729270308,91.50664931597125,88.36355942426313,0.0058901373399469735,-0.0011170976844512832,1.3493619715482341,90.80854477559714,0.019010168898846436,1.6789779663085938,41.577268985999495,-1.7390290436779452,-1.0704073691328255,9.55716051374163,3.828343316003296,5.569813026795018,28.66748043095382
653,2015-08-06,98.02999877929688,98.11000061035156,96.23999786376953,96.36000061035156,87.92764282226562,1421400,-0.02301501015780738,33.39031837792543,0.0004424259370552477,0.019075821379862756,89.58053806849888,1.0511389555234119,91.68281597954571,87.47826015745206,0.01785167828003264,-0.01825972597997601,1.3183063920664926,90.42442451515294,-0.02301501015780738,-2.0713272094726562,33.03650977195609,-1.8195732749580458,-1.3538038872638802,9.457063402448382,3.810681011474032,5.5441163413804455,26.855983003558453
654,2015-08-07,96.05000305175781,96.98999786376953,95.66999816894531,96.97000122070312,88.48423767089844,501400,0.0063301463654370504,32.16832407909189,0.0004106353468482073,0.013742838655746003,89.3133054460798,1.0592258552587819,91.43175715659736,87.19485373556223,0.0002081899264035504,-0.003956323485046943,1.3266514644827647,90.16573293591901,0.0063301463654370504,0.5565948486328125,33.89276681976399,-1.8175411232215168,-1.083824314620809,9.345157623291016,2.1464134625991687,5.663610391029499,25.831331289274097
655,2015-08-10,97.3499984741211,99.75,97.3499984741211,99.41999816894531,90.7198486328125,777400,0.025265640759985164,31.51275040055756,0.0003940688245269207,0.024653328849480235,89.35632433210101,1.116186393791771,91.58869711968455,87.12395154451747,0.0033898493705925748,0.0,1.3601701637980945,90.23961502883814,0.025265640759985164,2.2356109619140625,45.020148743980975,-1.6168969262014912,-0.7466283394399131,9.449968610491071,3.526725464965643,4.516774207925494,24.413395892816084
656,2015-08-11,100.06999969482422,100.08000183105469,98.5999984741211,99.19000244140625,90.50995635986328,637800,-0.0023136312076396104,31.404551321326394,0.0003913673982911995,0.014789680837883942,89.35892704554966,1.1192921181007793,91.59751128175122,87.1203428093481,0.008893768285825924,-0.01468972944125187,1.357023231659431,90.27566053964149,-0.0023136312076396104,-0.20989227294921875,44.51092141531974,-1.4580144240854338,-0.7782862758455619,9.474290030343193,3.5409755110661996,4.505352876949218,23.733763774369425
657,2015-08-12,96.37000274658203,97.4000015258789,94.95999908447266,97.08000183105469,88.58463287353516,1103800,-0.02127195243220681,32.12627782621801,0.00040956259006640734,0.025319107314156323,89.22075435093471,1.1507651516984254,91.52228465433156,86.91922404753787,0.0033205321749933043,-0.014631146849888243,1.328156698026172,90.05019018416066,-0.02127195243220681,-1.925323486328125,34.89094625766565,-1.4705053410054774,-1.0451422632291858,9.231834411621094,3.588891094159844,4.5663181701197,23.05413165592277
658,2015-08-13,96.12999725341797,96.36000061035156,94.63999938964844,94.72000122070312,86.43115234375,895800,-0.024309865717448975,29.853938394416673,0.0003536736657371529,0.01789245053413303,88.95092010498047,1.549537330283569,92.04999476554761,85.85184544441333,0.01706022507547847,-0.015499822181848167,1.2958693870454254,89.56765180543924,-0.024309865717448975,-2.1534805297851562,37.308428665249195,-1.6353213969113796,-1.39844006898945,9.212232317243304,1.4702824765569247,4.716295064318859,23.625353102564127
659,2015-08-14,92.25,93.13999938964844,91.0999984741211,92.69000244140625,84.57878875732422,2399900,-0.02143166596991153,23.46273412878956,0.00021845233841201033,0.022113831062627032,88.17660849434989,2.1689709621282915,92.51455041860648,83.83866657009331,0.004878015699102303,-0.012466141201939363,1.2680967472016338,88.90247006569058,-0.02143166596991153,-1.8523635864257812,32.46754528753924,-1.893581539949551,-0.693008201798623,8.974845341273717,1.4717043688323739,4.720856135832409,23.70297833599701
660,2015-08-17,91.7300033569336,93.30000305175781,91.4800033569336,93.16999816894531,85.01679229736328,2569500,0.005178645219143574,23.588234521430294,0.0002207955586658712,0.01984083318674217,87.76077270507812,2.4812170694614806,92.72320684400108,82.79833856615517,0.001417255838382931,-0.0027253896309936553,1.274663770358941,88.38437969658028,0.005178645219143574,0.4380035400390625,32.586895909178025,-2.0394023777119656,-0.6464616162959264,8.897001538957868,1.4777630689801673,4.86517101670115,23.873030313574525
661,2015-08-18,94.01000213623047,94.02999877929688,92.62000274658203,92.8499984741211,84.72479248046875,2575200,-0.003434613433463851,23.40897655700312,0.0002174524537485401,0.014998361883575003,87.22370910644531,2.696087970848905,92.61588504814313,81.8315331647475,0.012551859146496301,-0.014785654271491037,1.2702857930501164,87.89643473443208,-0.003434613433463851,-0.29199981689453125,32.095136744633834,-2.1537018527742475,-0.6774924030394328,8.903630937848773,1.490293127080133,4.796226050697791,24.686301708769232
662,2015-08-19,91.12000274658203,91.75,90.11000061035156,90.91999816894531,82.96367645263672,1624600,-0.02078631267510056,24.093962401598016,0.000230364692146674,0.017998236832910488,86.11568450927734,2.6122850516843488,91.34025461264604,80.89111440590865,0.009108887247984872,-0.01108430757008899,1.2438812353690385,87.2387336301927,-0.02078631267510056,-1.7611160278320312,28.60139899956333,-2.3591970009518093,-0.6871464528089005,8.758635929652623,1.5123007052392692,4.8670532710355925,25.074075246188777
663,2015-08-20,89.5199966430664,89.58999633789062,87.0,87.44000244140625,79.78822326660156,1952200,-0.03827522262526539,26.657371081851984,0.0002819902511887134,0.02893204239291298,84.5840083530971,2.7461827110966155,90.07637377529034,79.09164293090387,0.02401691216608081,-0.028150097604606954,1.1962714041658984,86.24533224838055,-0.03827522262526539,-3.1754531860351562,23.921712961155748,-2.746624542131329,-0.55135900029281,8.511138371058873,1.5318230062042444,4.929882097631088,26.122794931614802
664,2015-08-21,88.4800033569336,89.41999816894531,85.79000091552734,85.91000366210938,78.39209747314453,2453900,-0.017497893000976705,26.122030331874672,0.00027077796375372216,0.04102618801645321,83.127931867327,2.964871260870434,89.05767438906787,77.19818934558614,0.03966991832805895,-0.030402377253023152,1.1753391751356754,85.19823427834908,-0.017497893000976705,-1.3961257934570312,23.401465789753146,-3.130235932081874,-0.5176978984196102,8.564246586390905,1.537234402797577,4.189506277864683,27.39056543453178
665,2015-08-24,84.44000244140625,85.30000305175781,82.06999969482422,85.30000305175781,77.83548736572266,4016800,-0.007100334413332354,24.43724695825861,0.00023697580908687261,0.03825205191313116,81.89997972760882,3.1434166031524127,88.18681293391364,75.613146521304,0.0,-0.028067298413765436,1.166993873943122,84.2165346899989,-0.007100334413332354,-0.556610107421875,24.17975911818209,-3.4395159079105895,-0.23512003480460747,8.427799769810267,1.5467948608738542,4.215561900258336,28.658335937448754
666,2015-08-25,91.1500015258789,91.2699966430664,86.36000061035156,87.01000213623047,79.39583587646484,2027500,0.020046749414063925,26.034292610498326,0.00026896206020993933,0.05386720735622609,81.15955788748605,3.015060937639228,87.1896797627645,75.12943601220759,0.0467360881571292,-0.05255074970204348,1.1903883077018076,83.57377484819436,0.020046749414063925,1.5603485107421875,23.734138698740168,-3.5181602709318867,-0.1484821488710319,8.609549931117467,4.711027786987737,3.6682972068345525,28.56290277803456
667,2015-08-26,89.2699966430664,89.30000305175781,86.25,88.4000015258789,80.66419982910156,2111500,0.01597519490329713,26.893895394123373,0.0002870165116944643,0.03416604868882009,80.53775896344867,2.490121809128855,85.51800258170638,75.55751534519095,0.010081791864263605,-0.03382991773979157,1.20940499292795,83.18583151231532,0.01597519490329713,1.2683639526367188,31.26171101236683,-3.438503199915644,-0.07805661848838032,8.737631116594587,4.708682619359863,3.666471114472574,28.479090101704774
668,2015-08-27,91.16999816894531,91.93000030517578,90.47000122070312,91.91000366210938,83.8670425415039,2061700,0.03970587595473596,31.07668219961999,0.000383238165292134,0.016014029985688506,80.41522325788226,2.260236500246642,84.93569625837554,75.89475025738898,0.0002193335907427668,-0.007677930923559273,1.2574254775561855,83.27665964954046,0.03970587595473596,3.2028427124023438,39.519491769341364,-3.0814111677891702,0.09978026838012427,8.895020076206752,4.650387694738388,5.373552412064629,28.41181420810031
669,2015-08-28,92.48999786376953,93.12999725341797,91.43000030517578,91.9800033569336,83.93092346191406,1150100,0.00076169277554472,31.077595299393018,0.0003832606863463708,0.018380332873897877,80.55340140206474,2.462515518203224,85.47843243847119,75.62837036565828,0.012433710920593005,-0.011460672322157936,1.2583832494582259,83.36389482452361,0.00076169277554472,0.06388092041015625,32.90443182429472,-2.7614264974831286,0.10332723744358972,8.751962389264788,5.235837437952999,5.367664247374517,28.04139267686407
670,2015-08-31,91.36000061035156,92.08000183105469,90.72000122070312,91.0199966430664,83.05491638183594,1173300,-0.01043723867134183,31.13180498941674,0.00038459892138852076,0.014886171204747861,81.02007184709821,2.5990865879350964,86.2182450229684,75.82189867122801,0.011602508547577408,-0.007005247212924408,1.2452492031436118,83.32269769883193,-0.01043723867134183,-0.876007080078125,31.83639676427933,-2.5491379160531977,0.06424765618856795,8.665457044328962,5.290011251918606,4.767941575213328,27.8374907847639
671,2015-09-01,89.76000213623047,90.58000183105469,88.55999755859375,89.16000366210938,81.3576889038086,1096100,-0.020435003151704212,31.587184871622675,0.0003959326381405031,0.022504503391111094,81.4437277657645,2.3267592682520952,86.0972463022687,76.79020922926031,0.015819943573420977,-0.013369034637671341,1.2198025317527148,83.06069652616216,-0.020435003151704212,-1.6972274780273438,32.1942275650087,-2.489156314421635,-0.04984679813712514,8.710817064557757,5.328708588244976,4.802819882637268,27.63358889266372
672,2015-09-02,91.04000091552734,91.04000091552734,89.20999908447266,90.62999725341797,82.69906616210938,1415200,0.016487406124413573,32.18670780548102,0.00041110482514103674,0.020101074392043106,82.1385247366769,1.7156207838419268,85.56976630436075,78.70728316899304,0.00450355511847811,-0.020101074392043106,1.2399139114853097,83.01247914428846,0.016487406124413573,1.3413772583007812,40.4215690728206,-2.3067912747099797,0.052597534735755645,8.847027369907924,5.304111972110973,5.127849432375287,27.262973848697275
673,2015-09-03,93.38999938964844,93.94000244140625,92.25,92.68000030517578,84.56967163085938,1240200,0.02261942674277817,32.51927769021719,0.0004196442148783558,0.018096182165663166,82.87764413016183,1.4273622955230618,85.73236872120795,80.0229195391157,0.013491831507283747,-0.012206867941952226,1.2679600533735031,83.22010480916458,0.02261942674277817,1.87060546875,49.9766227069223,-1.9884023740132761,0.2090026862360226,9.170748029436384,5.294188064761249,5.694059641822355,26.553887003841563
674,2015-09-04,90.44999694824219,91.8499984741211,90.27999877929688,91.37000274658203,83.37430572509766,775100,-0.014134687798947665,31.96305353792514,0.0004054114251858208,0.01735765337529655,83.26480211530414,1.0426150347289391,85.35003218476201,81.17957204584626,0.005306752280088283,-0.0018794712513101556,1.2500378338775318,83.24066493128899,-0.014134687798947665,-1.1953659057617188,45.94594391014053,-1.8116493488670642,0.10905569649806937,9.067827497209821,5.317739842081337,5.719390291790027,25.84480015898586
675,2015-09-08,93.72000122070312,94.47000122070312,92.91000366210938,93.87999725341797,85.66462707519531,993400,0.027470349889920698,33.48781308946067,0.00044501334345819555,0.01664530023767371,83.52159990583148,1.3818542635704048,86.28530843297229,80.75789137869067,0.0062953900939004895,-0.008642739522444844,1.2843768105497861,83.56385988380984,0.027470349889920698,2.2903213500976562,52.11145208995808,-1.4698183599399783,0.2898892691963849,9.216576712472099,5.260458673047174,7.051039678441841,24.392875344084455
676,2015-09-09,93.91999816894531,94.5,90.80999755859375,91.06999969482422,83.10055541992188,1031200,-0.029931510155559615,33.42322688210424,0.0004432984504811964,0.03928878314891568,83.40297589983258,1.3764906063635451,86.15595711255968,80.64999468710549,0.036520446891468446,-0.033113295048805544,1.24593347300125,83.50208595529145,-0.029931510155559615,-2.5640716552734375,50.296806742596864,-1.3897933199198746,0.0829087449554236,9.345874241420201,3.8639760797288876,7.143006589276897,25.22534088243438
677,2015-09-10,91.7699966430664,92.94999694824219,90.70999908447266,92.20999908447266,84.14080047607422,846900,0.012517907382156412,33.90655304831241,0.0004562120395309615,0.02440882582225497,83.55810219900948,1.3918302598141703,86.34176271863782,80.77444167938114,0.008063614371129445,-0.011550589488594441,1.261529952820608,83.58724789139582,0.012517907382156412,1.0402450561523438,60.401222109550105,-1.2282750268786486,0.16659700164188496,9.576097215924944,3.853856488432656,6.455226055014536,25.856219668310267
678,2015-09-11,91.61000061035156,91.87999725341797,90.95999908447266,91.68000030517578,83.65718078613281,568800,-0.005747742916694998,33.28778953407319,0.0004397130682796636,0.010042551717234203,83.88660103934151,1.0029760974918016,85.89255323432512,81.8806488443579,0.002183134449401899,-0.007095311882417548,1.2542790029700848,83.59657227736075,-0.005747742916694998,-0.48361968994140625,63.15554696444768,-1.1263112679741027,0.127689545642867,9.44091306413923,3.836419358734766,6.559227991526938,26.53271988626348
679,2015-09-14,91.48999786376953,91.62999725341797,90.47000122070312,90.93000030517578,82.97281646728516,588500,-0.008180580703492923,32.414465156531705,0.0004169434727714314,0.012678938242430625,83.9257082257952,0.9530498297656929,85.8318078853266,82.01960856626381,0.007651076233322217,-0.011148722995766183,1.2440182723615913,83.51340483601734,-0.008180580703492923,-0.6843643188476562,62.754904887536505,-1.088182841071216,-0.39723436760179925,9.516978127615792,3.8323873824502237,6.552334414669516,25.281442857358
680,2015-09-15,92.4800033569336,93.66999816894531,92.16000366210938,93.33000183105469,85.16277313232422,809000,0.02639366431417356,32.98328040851338,0.0004317050740105643,0.01632779468019696,84.01043701171875,1.042050207831797,86.09453742738235,81.92633659605515,0.003676430855850895,-0.003460204186943589,1.2768524730430013,83.73332060885826,0.02639366431417356,2.1899566650390625,63.884023428660434,-0.8712118000920981,-0.13178507486979166,9.321454729352679,4.815993930221405,6.416126587332199,23.461319557487485
681,2015-09-16,93.6500015258789,93.91000366210938,92.70999908447266,93.70999908447266,85.50952911376953,702200,0.004071684947442034,32.96586030132435,0.000431249184685092,0.0128137165839246,84.31546892438617,1.1333221560415343,86.58211323646924,82.0488246123031,0.0021356601642067265,-0.010037399104008483,1.2820514140375947,83.9701484095131,0.004071684947442034,0.3467559814453125,62.20692497210091,-0.6636304583539356,-0.5135466651596264,9.238816397530693,4.815340971215798,6.503845779185278,21.628593817607584
682,2015-09-17,92.16999816894531,94.38999938964844,91.91000366210938,92.79000091552734,84.67002868652344,629100,-0.009817624257164925,33.13509451805835,0.0004356882891748651,0.02690675682767501,84.17338344029018,0.9891647631330476,86.15171296655627,82.19505391402409,0.017359211304185298,-0.0028208149289465543,1.2694647149762066,84.06346577978115,-0.009817624257164925,-0.8395004272460938,52.29643768401677,-0.5604014587855062,-0.6548766453283464,9.068435668945312,5.068993033694561,5.913835815964254,19.490724453194773
683,2015-09-18,89.87000274658203,91.19000244140625,89.4800033569336,90.01000213623047,82.13331604003906,1448100,-0.029959983312113025,34.00726770118935,0.00045892629226204596,0.0190274733750099,84.0352063860212,1.2074730031308607,86.45015239228292,81.62026037975949,0.01313007977203672,-0.004339594722703734,1.231431573300203,83.80611248114887,-0.029959983312113025,-2.536712646484375,45.49610236687069,-0.6754965396547448,-1.0819324708952847,8.872508457728795,5.082384123079721,5.92945878160937,17.352855088781965
684,2015-09-21,90.61000061035156,91.05999755859375,88.66999816894531,89.4000015258789,81.57670593261719,1378600,-0.006776910202317077,31.205861667760544,0.00038643087397912946,0.0263767726911967,83.66890716552734,1.5188699118495887,86.70664698922653,80.63116734182816,0.018320229792882274,-0.021410467148640745,1.2230862721076494,83.50885827467798,-0.006776910202317077,-0.556610107421875,46.23610920085506,-0.802374727940304,-1.1756378376712118,8.928051539829799,5.021979126127273,5.858986158730219,15.214985724369152
685,2015-09-22,88.4000015258789,88.47000122070312,85.88999938964844,86.68000030517578,79.09471130371094,1712700,-0.03042528624478158,32.47923816216698,0.0004186114728550647,0.029185540571505506,83.01712581089565,2.3018540566717682,87.62083392423918,78.41341769755212,0.020248878785407317,-0.028393688833768527,1.1858735221767114,82.92030534521571,-0.03042528624478158,-2.48199462890625,44.45932602504514,-1.0906307179008365,-0.7892320097826376,8.882923671177455,5.094053735909833,5.943073354337012,13.375870749189687
686,2015-09-23,85.69000244140625,85.81999969482422,83.70999908447266,83.87999725341797,76.53975677490234,1660300,-0.03230246987055785,34.35367680853973,0.00046832345645460326,0.024623649786850624,82.09811728341239,3.362377685128548,88.82287265366949,75.37336191315529,0.02263977577469203,-0.023106585371934087,1.1475668784563058,82.0695655358406,-0.03230246987055785,-2.5549545288085938,35.76545630031953,-1.5078575018728628,-0.6645265710081618,8.671707698277064,5.098933725564136,5.948766685814747,11.536755774010224
687,2015-09-24,82.87999725341797,84.93000030517578,82.0999984741211,84.19999694824219,76.83173370361328,2316700,0.0038147093878233562,33.57730159086756,0.00044739491354130043,0.034145776120160024,80.90796879359654,3.5651322726123786,88.0382333388213,73.77770424837178,0.00880795585334661,-0.009411182494515682,1.1519445126007082,81.37118795821029,0.0038147093878233562,0.2919769287109375,30.709602223643216,-1.7942694152088023,-0.4248600098566843,8.468086787632533,2.020649125808069,6.110457525932271,13.339337285590329
688,2015-09-25,87.01000213623047,87.0999984741211,84.75,85.3499984741211,77.881103515625,1236500,0.013658025940944896,33.43595935254042,0.0004436362610415615,0.027008371640328554,79.81819370814732,3.0532850232733426,85.924763754694,73.71162366160064,0.020112630238303487,-0.025974049887873947,1.1676778006363377,80.90584336586558,0.013658025940944896,1.0493698120117188,36.20523101670957,-1.9145082863490046,-0.3402334225275073,8.681510925292969,2.0166925633079535,7.523625983843285,15.495463644031155
689,2015-09-28,83.26000213623047,83.8499984741211,82.43000030517578,83.08000183105469,75.80976104736328,1638200,-0.026596213648233058,30.94647113341919,0.0003800333633379154,0.01705498597780365,78.5524411882673,2.4915731391913596,83.53558746665001,73.56929490988458,0.009248097805793153,-0.009968794256053874,1.1366219923783147,80.22636572339862,-0.026596213648233058,-2.0713424682617188,24.976821008593177,-2.152130068484311,-0.5072771494124444,8.315310886928014,2.0758245096956895,5.4082281573632915,17.27224223573458
690,2015-09-29,82.9000015258789,85.52999877929688,82.62000274658203,85.20999908447266,77.75335693359375,1351400,0.025637805203160724,32.64442464341607,0.00042288034138875813,0.03510248467011704,77.9267327444894,1.9288560423797896,81.78444482924898,74.06902065972982,0.0038600686240557475,-0.003377548542136851,1.1657624856085385,79.8966312180913,0.025637805203160724,1.9435958862304688,35.980811897871476,-2.158730595546473,-0.3536730038022814,8.37851551600865,2.3356202669360946,5.39457282149259,19.09739705297388
691,2015-09-30,86.97000122070312,88.06999969482422,86.62999725341797,87.9800033569336,80.28096008300781,2466400,0.03250796170219106,34.80175902880425,0.0004806200124995863,0.016557461437214042,77.7416261945452,1.5439745700032417,80.82957533455169,74.65367705453872,0.0010347974776065826,-0.003909439605759355,1.203659047844552,79.94787506674683,0.03250796170219106,2.5276031494140625,40.61247854525212,-1.937668870122863,-0.1480096220997905,8.411887032645089,2.307997344800235,7.518731138877721,21.37527867437258
692,2015-10-01,86.23999786376953,86.5999984741211,84.44999694824219,85.97000122070312,78.44683837890625,1323200,-0.022846285124208054,34.97762816631359,0.00048548986989717976,0.024930445027088154,77.6490729195731,1.466837129578977,80.58274717873105,74.71539866041515,0.007305163138027375,-0.020756040814784677,1.1761599100451625,79.74773684170142,-0.022846285124208054,-1.8341217041015625,38.10905134978713,-1.888702367965763,-0.29724652750834174,8.310447147914342,2.3232857526156625,7.568535974296917,23.653160295771286
693,2015-10-02,85.88999938964844,88.70999908447266,85.44999694824219,88.41000366210938,80.67333221435547,950800,0.028382199734998004,35.97687590108884,0.000513625237937439,0.0379555496495133,78.23958369663784,1.7504431875343338,81.74047007170651,74.73869732156916,0.0034927864069753045,-0.005122859989905642,1.2095419155323617,79.8711495580553,0.028382199734998004,2.2264938354492188,45.09725522550824,-1.6512025817616518,-0.11608349499495615,8.47404316493443,3.4711101992151154,7.188595221991722,25.233376584887736
694,2015-10-05,88.69000244140625,90.05999755859375,88.52999877929688,89.38999938964844,81.56757354736328,951000,0.011084720420767358,35.23965573755138,0.0004927910065480706,0.017251085096177336,78.91613224574498,2.01137421453143,82.93888067480783,74.89338381668212,0.0075543821231480075,-0.0018040777731975224,1.2229493495032373,80.09733942329636,0.011084720420767358,0.8942413330078125,41.8863569996033,-1.3749746362989868,-0.04332179715992861,8.38043485369001,3.506710403278279,7.284447360668674,26.727120560577386
695,2015-10-06,89.97000122070312,90.80000305175781,89.29000091552734,90.05000305175781,82.16980743408203,732200,0.007383251217704334,35.05426542939253,0.00048761965269615234,0.016783395751282928,79.52880423409599,2.278936388871937,84.08667701183987,74.9709314563521,0.008336111924242327,-0.007558078203285668,1.2319786917771478,80.37366849140112,0.007383251217704334,0.60223388671875,42.54884044580588,-1.094846054032459,0.005680142779545278,8.415091923304967,3.4692519885150914,7.622509333313849,28.336903461344182
696,2015-10-07,91.0,91.61000061035156,88.8499984741211,90.05999755859375,82.17893981933594,873800,0.00011114039985105073,33.55678089877366,0.0004468482318604365,0.030329693804730426,80.43868691580636,1.7586944647088187,83.95607584522399,76.92129798638872,0.017033000568767172,-0.023626390394273694,1.23211561438156,80.61437133512577,0.00011114039985105073,0.00913238525390625,44.22834888410597,-0.8621667060936034,0.008300875655337566,8.455072130475726,3.948250319080341,6.23989491150326,28.71544027797646
697,2015-10-08,91.2699966430664,91.44999694824219,89.87999725341797,91.37999725341797,83.38341522216797,974000,0.014656740589255257,32.37471383217699,0.00041592146655371084,0.01720170650344259,81.24298095703125,1.606769153345341,84.45651926372193,78.02944265034057,0.0007669518724534377,-0.015229532604064502,1.2501744133175212,80.9835771867314,0.014656740589255257,1.2044754028320312,53.08694726569492,-0.5739593021424412,0.13495441217172954,8.651578085763115,3.922248502739701,6.792322255882972,28.572401456687597
698,2015-10-09,90.70999908447266,91.0999984741211,90.27999877929688,90.87000274658203,82.91806030273438,542600,-0.0055809050060338095,32.12445465276518,0.0004095161058482404,0.009039793882707498,81.61970955984933,1.6521288410173502,84.92396724188403,78.31545187781462,0.002535505786135899,-0.004740384847489066,1.2431973086758221,81.24150826886513,-0.0055809050060338095,-0.46535491943359375,53.327284894345354,-0.3787372635356121,0.08602120345448638,8.565142495291573,3.9688806537013925,7.096048934467361,28.71660225561493
699,2015-10-12,90.2300033569336,90.36000061035156,89.62000274658203,89.86000061035156,81.99644470214844,742300,-0.011114775203630134,32.288274262011875,0.0004137034344519435,0.00820123945737022,82.12679617745536,0.8805337601161652,83.88786369768769,80.36572865722303,0.005541394008621393,-0.006760507454915083,1.2293794500561324,81.34216645996958,-0.011114775203630134,-0.9216156005859375,57.801821716016775,-0.2949886229241798,-0.010888932566917637,8.604331425258092,3.975467960901514,6.968238369609654,28.77160894713461
700,2015-10-13,88.58999633789062,88.87000274658203,87.12000274658203,87.30999755859375,79.6695785522461,1047500,-0.028377646840112014,33.60455658128833,0.00044812151707341577,0.01975392338120587,81.98340279715401,1.185570717083494,84.354544231321,79.61226136298703,0.017609270261602382,-0.016593223299184924,1.1944925541899483,81.11915473893978,-0.028377646840112014,-2.3268661499023438,58.51957105582106,-0.4116308495265315,-0.25556460314722484,8.61492211478097,4.000019030728153,7.011271720265097,28.826615638654282
701,2015-10-14,85.01000213623047,87.75,84.61000061035156,87.2699966430664,79.63307189941406,3118200,-0.0004582257556200453,32.024376767505345,0.0004069685346615616,0.03693682285310988,81.70704541887555,1.4860459342060663,84.67913728728769,78.73495355046342,0.0056464338886190995,-0.004705346616012251,1.193945206936722,80.92101036033635,-0.0004582257556200453,-0.03650665283203125,57.73296923761878,-0.5012384711699411,-0.30467628679541336,8.592791966029576,2.896526643264302,7.115882163965477,30.154959470793056
702,2015-10-15,87.83000183105469,89.29000091552734,87.1500015258789,88.5,80.75545501708984,2230100,0.014094434522047283,32.48800258324355,0.00041883742533684097,0.024365243595973404,81.50499507359096,1.5086196962382368,84.52223446606743,78.48775568111449,0.008994658989612105,-0.007742232619826141,1.2107731894788039,80.89893631457015,0.014094434522047283,1.1223831176757812,57.90266358067032,-0.47619691781477513,-0.1824123346860687,8.549125126429967,2.8815800412525396,8.20797525730472,31.73179498490291
703,2015-10-16,88.22000122070312,89.06999969482422,87.75,88.6500015258789,80.89232635498047,892700,0.001694886591397049,32.40685228815251,0.00041674764889925987,0.014962589849913156,81.32119315011161,1.4911002501615676,84.30339365043474,78.33899264978848,0.00476080438827685,-0.0053276038789356415,1.2128253127228745,80.89805498662486,0.001694886591397049,0.136871337890625,65.63722351271011,-0.44023221039350346,-0.19217761981504441,8.716671534946986,2.6177101454258813,8.575848734437605,33.90017025585637
704,2015-10-19,88.61000061035156,88.98999786376953,88.02999877929688,88.77999877929688,81.01094055175781,502800,0.0014663219877844025,30.77448718370672,0.00037582105611909866,0.010833981242073342,80.98226819719586,1.181784362065668,83.3458369213272,78.61869947306452,0.002369925324750803,-0.0065455572402617805,1.2146037051462615,80.91310639530926,0.0014663219877844025,0.11861419677734375,61.290266284205714,-0.3975757406151814,-0.4803148935081984,8.60077394757952,2.5944170361946672,8.657458860229514,36.09980469184892
705,2015-10-20,88.08000183105469,90.47000122070312,87.54000091552734,89.0199966430664,81.22994995117188,1108000,0.0027034545941870824,30.70504941024767,0.0003741270076530754,0.03326521621554668,80.74110957554409,0.8452453766359137,82.43160032881592,79.05061882227226,0.01646235862276612,-0.006130800457555777,1.2178873311130558,80.95535220275761,0.0027034545941870824,0.2190093994140625,53.915646721063766,-0.3421538165835756,-0.44972700420682044,8.539518083844866,3.418879027699459,8.63154145617876,37.79336197971719
706,2015-10-21,90.87000274658203,91.23999786376953,89.95999908447266,90.01000213623047,82.13331604003906,943900,0.011121096214022241,28.83819286991283,0.0003300164158739249,0.014086043145244878,80.76066262381417,0.8799938246151318,82.52065027304444,79.0006749745839,0.013535772976361304,-0.01001434614948995,1.2314315733002028,81.11241404772848,0.011121096214022241,0.9033660888671875,66.47637220696109,-0.22276950073370472,-0.3538120814732143,8.80316162109375,3.359991871103015,9.82023458698099,39.761088625876184
707,2015-10-22,92.02999877929688,92.91000366210938,91.88999938964844,92.31999969482422,84.24117279052734,1644800,0.025663845709830158,27.100673553251454,0.00029144702660313584,0.011083388960018092,81.41374751499721,1.448227780880699,84.31020307675861,78.51729195323581,0.0064109961437691975,-0.0015212364609954972,1.2630348431995926,81.52958188010166,0.025663845709830158,2.1078567504882812,66.11705200120764,0.04145202027861217,-0.044437070387113496,8.839842115129743,3.28641157859662,10.648401080792185,41.91057620390923
708,2015-10-23,94.23999786376953,94.41000366210938,93.23999786376953,93.63999938964844,85.44564056396484,1585100,0.014297851436998688,27.29939154416089,0.00029573681693706455,0.012415172165338634,82.24411446707589,1.8638210400741142,85.97175654722412,78.51647238692766,0.008170673704535013,-0.010611205673471784,1.2810935277474134,82.05172303795008,0.014297851436998688,1.2044677734375,67.040825084013,0.3440736950749823,0.08526935646855678,8.895711081368583,4.058189193098293,10.547004671145576,41.63104462245814
709,2015-10-26,92.5,92.9000015258789,92.11000061035156,92.29000091552734,84.21379852294922,614500,-0.014416675126842415,27.93023420310221,0.0003095626915238651,0.008540550438133445,82.73816353934151,1.86180602900431,86.46177559735014,79.01455148133289,0.006594601192989865,-0.004216209617820946,1.2626244185507784,82.33999976928331,-0.014416675126842415,-1.231842041015625,58.510699128313306,0.478982779520166,-0.04042877183913504,8.76870618547712,4.12026137242211,9.267865510391642,40.713248554380264
710,2015-10-27,92.52999877929688,92.75,91.2699966430664,91.55000305175781,83.5385513305664,544700,-0.008018248840762077,26.05475948970351,0.00026938511589932326,0.01599484898366536,83.11619567871094,1.6847886986315284,86.485773075974,79.74661828144788,0.012968734076225676,-0.01361722849727723,1.2525003817704157,82.49980664412107,-0.008018248840762077,-0.6752471923828125,55.363580491780674,0.5253564140433298,-0.10933152511549186,8.704135349818639,4.063554039825714,9.140311483000534,40.42383416583822
711,2015-10-28,93.55000305175781,94.08999633789062,92.26000213623047,93.33999633789062,85.17191314697266,618600,0.019552192256039325,25.520176165136082,0.0002584442029760236,0.019561669074961836,83.7106203351702,1.5465859286681505,86.8037921925065,80.6174484778339,0.008017102891862572,-0.013789426760506178,1.2769895100355535,82.85608751116794,0.019552192256039325,1.63336181640625,56.82457594947027,0.6859987351176073,0.05733799608565472,8.795591626848493,3.864063421455652,9.09976285728328,40.462667596151164
712,2015-10-29,92.26000213623047,92.56999969482422,91.68000030517578,92.05999755859375,84.00391387939453,517600,-0.013713432332588593,24.105805225362264,0.0002305912085567866,0.009646643930641479,84.10690089634487,1.094272648490673,86.29544619332621,81.91835559936352,0.005527879085428625,-0.006286601101507248,1.2594776008002555,83.00913102693148,-0.013713432332588593,-1.167999267578125,53.93254018471679,0.7108667233306107,-0.06184556553258607,8.77284186226981,3.9252049380362948,7.069708713833271,39.299500575255216
713,2015-10-30,92.36000061035156,93.36000061035156,92.08999633789062,92.79000091552734,84.67002868652344,464800,0.007929568711348978,22.359620066820334,0.00019839389267164846,0.013750587527806895,84.4692884172712,0.6692531273963088,85.80779467206382,83.13078216247858,0.0061714994700891555,-0.0029233896781793206,1.2694647149762062,83.23058404821042,0.007929568711348978,0.6661148071289062,59.86525472779563,0.7753865081307936,0.006125311987643499,8.909566606794085,4.282986681945589,6.955187888416124,37.9067274323197
714,2015-11-02,94.27999877929688,94.58999633789062,93.54000091552734,94.11000061035156,85.87452697753906,528100,0.014225792877371912,20.882500942975586,0.00017304716096562534,0.011136990198963088,84.70262472970145,0.8395372058846331,86.38169914147072,83.02355031793219,0.005091172398747058,-0.007848937986325353,1.2875238570765897,83.5831097721209,0.014225792877371912,1.204498291015625,74.96330528103152,0.9131852173500619,0.1267061030595567,9.127167293003627,3.1633592924866583,7.742754679457856,38.24554018267996
715,2015-11-03,94.01000213623047,95.44999694824219,93.66000366210938,95.11000061035156,86.7870101928711,538200,0.010625772827496327,20.860879036327233,0.00017268899768582404,0.0190404557542603,84.89424896240234,1.1375769295295084,87.16940282146136,82.61909510334333,0.0036165974913811216,-0.003722991874991225,1.3012047930918673,84.0102964948876,0.010625772827496327,0.9124832153320312,76.88618572001214,1.0835311837181365,-0.04373391966335048,9.233956473214286,3.6192504301960047,6.090806504084643,37.790581217186535
716,2015-11-04,95.37000274658203,95.80999755859375,94.77999877929688,95.56999969482422,87.2067642211914,429800,0.004836599709881373,20.812674377816226,0.0001718918312527808,0.01080002883122271,85.32181549072266,1.376560308170789,88.07493610706423,82.56869487438108,0.0025164921553714912,-0.006186473212682186,1.3074981998166317,84.4364921917281,0.004836599709881373,0.4197540283203125,75.59741406137427,1.238129841294537,-0.040294658960390785,9.188674926757812,3.6233013863551182,6.290007792396722,37.28847358054622
717,2015-11-05,96.3499984741211,96.62000274658203,94.5999984741211,95.20999908447266,86.87825775146484,792400,-0.003766983818976888,20.92167103080218,0.00017369695187345502,0.020965275604062368,85.79891640799386,1.2260107491023156,88.25093790619849,83.34689490978923,0.014634184581622921,-0.01816294787456626,1.302572875254581,84.76206093302635,-0.003766983818976888,-0.3285064697265625,73.3951169475555,1.3189387595737116,-0.07287918839391194,9.267153058733259,3.6238274702718134,6.2909139887352,37.49832911611403
718,2015-11-06,95.47000122070312,96.4000015258789,94.76000213623047,96.33000183105469,87.90026092529297,736200,0.011763624182609567,20.737129567108873,0.0001706462470964526,0.01717816454047343,86.18868037632534,1.4128999832184115,89.01448034276216,83.36288040988852,0.0007332114164573717,-0.0074368814852250106,1.3178958530295373,85.1804875986619,0.011763624182609567,1.022003173828125,75.14991123695083,1.448747267709507,0.03967620452822959,9.368872506277901,3.618978443257207,5.818117001048673,37.33244754235834
719,2015-11-09,96.58000183105469,96.62999725341797,95.16999816894531,95.72000122070312,87.34364318847656,480300,-0.006332378663693405,20.776065387795374,0.00017128765595156683,0.015116991683501944,86.66578456333706,1.075875905945424,88.8175363752279,84.51403275144621,0.009422199373185768,-0.014599333561577934,1.309550437448843,85.46890834397053,-0.006332378663693405,-0.5566177368164062,71.78153608628526,1.4895365954464097,-0.3922573634543895,9.316777910505023,3.5995125360120763,5.792128372807637,37.09837519653182
720,2015-11-10,93.98999786376953,94.01000213623047,93.1500015258789,93.5199966430664,85.3361587524414,2305700,-0.022983749735550396,22.123585435044838,0.00019422739384989193,0.009149916266601686,86.76094600132534,0.8819039225984392,88.52475384652222,84.99713815612846,0.00521337912864179,-0.008937082210685097,1.279452057928438,85.45120839843331,-0.022983749735550396,-2.0074844360351562,60.57865163726018,1.3443780613634289,-1.1070591818898692,9.077942984444755,3.614395059229828,5.816076472481158,36.907875526035625
721,2015-11-11,94.37000274658203,94.83000183105469,93.41000366210938,93.94999694824219,85.728515625,1442600,0.004597779866056806,19.171396691997586,0.00014585017901664108,0.015047134975279453,86.7400872366769,0.9077128172828631,88.55551287124263,84.92466160211117,0.009325048820604942,-0.010172714385212056,1.2853346968399664,85.48818269530886,0.004597779866056806,0.39235687255859375,55.540385768567276,1.2466284411735984,-1.0338582811659307,8.98631123134068,3.995718958498109,5.735953023102494,36.457171463620625
722,2015-11-12,93.58999633789062,93.8499984741211,92.52999877929688,92.7699966430664,84.65179443359375,788300,-0.012559662132914151,19.934582747807024,0.00015769348782903372,0.014104068238859485,86.435056413923,1.200771543615409,88.83659950115381,84.03351332669217,0.011539714427977176,-0.011325970724123235,1.2691913273199447,85.37666426041352,-0.012559662132914151,-1.07672119140625,47.01449155601311,1.0699451002155485,-1.2347390775835319,8.840072086879186,3.9948565441989263,5.734715006125339,35.30197653155157
723,2015-11-13,91.51000213623047,92.30000305175781,90.68000030517578,91.4000015258789,83.40167999267578,1588300,-0.014767725235861784,20.410347258285682,0.00016531042666817836,0.017703012881262328,85.89147295270648,1.5910464333137408,89.07356581933396,82.709380086079,0.00983500715625685,-0.009070066787006168,1.250448258526345,85.11333302471516,-0.014767725235861784,-1.2501144409179688,46.94996435521915,0.8196006457710183,-1.2232477387488812,8.8539183480399,4.037486791455921,4.446541788244448,33.244392414390816
724,2015-11-16,90.5999984741211,92.4800033569336,90.41000366210938,92.29000091552734,84.21379852294922,3582100,0.009737436108538278,20.603534152696692,0.0001684546109449756,0.022847679135618217,85.51083592006138,1.6337700734098264,88.77837606688104,82.24329577324173,0.0020971572252346353,-0.0020970730155805543,1.2626244185507782,84.99339509114637,0.009737436108538278,0.8121185302734375,52.51018755076759,0.6789060340682482,-0.9961754860677545,8.892641339983259,4.116408996767273,4.111112819989289,30.71277783887155
725,2015-11-17,92.20999908447266,92.75,91.81999969482422,91.9800033569336,83.93092346191406,2380300,-0.0033590108271635,20.68686663864867,0.00016982002036715672,0.010085677414700083,84.94378771100726,1.3260966365402624,87.59598098408779,82.29159443792673,0.008350467961300163,-0.004229469618486418,1.2583832494582252,84.85173220724873,-0.0033590108271635,-0.28287506103515625,44.87179406340149,0.5383728600981073,-1.0416538385584109,8.748695373535156,4.106879941438738,4.698094640586135,28.466579416922514
726,2015-11-18,92.37000274658203,93.25,92.0999984741211,93.1500015258789,84.99855041503906,2181100,0.012720305092430717,21.032050419122204,0.0001755345812827373,0.01244994577984312,84.60877445765904,0.8174400302408895,86.24365451814081,82.97389439717726,0.0010825860251995499,-0.0029230731236600345,1.2743902683145383,84.87130796828744,0.012720305092430717,1.067626953125,54.14456922790314,0.5073000407400485,-0.8700094570245085,8.885908944266182,3.592213969222123,4.701568831307852,27.043657538487672
727,2015-11-19,92.93000030517578,93.9000015258789,92.51000213623047,93.27999877929688,85.1171646118164,3388500,0.0013954849370743094,20.78327886742976,0.00017140661923863173,0.014957488271642895,84.5774895804269,0.7886455319074468,86.1547806442418,83.000198516612,0.006671717901065151,-0.004519511111224225,1.2761686607379252,84.9040888540913,0.0013954849370743094,0.11861419677734375,51.952256052103685,0.48663614337064587,-0.8509396308203325,8.85343497140067,3.9587719527266474,3.4433301446517635,25.041219220145265
728,2015-11-20,92.81999969482422,92.9800033569336,91.1500015258789,91.44000244140625,83.43818664550781,1829900,-0.01972549219614761,20.149638836780444,0.00016111426398916282,0.019715598330870616,84.25029972621373,0.701848567156184,85.65399686052609,82.84660259190136,0.016591261803389303,-0.01799179244167175,1.2509956057795713,84.70863522628017,-0.01972549219614761,-1.6789779663085938,39.78581088256254,0.3309652048899778,-1.1208720578657054,8.706497192382812,4.021031861985314,2.455794003151312,23.676224313266705
729,2015-11-23,90.12999725341797,91.16000366210938,89.95999908447266,90.2699966430664,82.37055969238281,476800,-0.012795423726798871,19.846573923195006,0.00015630416527335057,0.013314153047876759,83.92440904889789,0.9647400277724357,85.85388910444276,81.99492899335301,0.009874703718680268,-0.001886144170928239,1.2349885869232582,84.39689182176052,-0.012795423726798871,-1.067626953125,31.722104938766662,0.12006228868131075,-1.1378472976837288,8.574093409946986,3.254410943060547,2.488662773314347,22.19552354872308
730,2015-11-24,88.66000366210938,90.61000061035156,88.62999725341797,90.33000183105469,82.42530822753906,1024700,0.0006646614440974918,19.30630853075052,0.00014791013852560707,0.02233254314402637,83.78492736816406,1.112220868253828,86.00936910467172,81.5604856316564,0.0031581182915801985,-0.0003384435760431859,1.2358094362208865,84.13401400919766,0.0006646614440974918,0.05474853515625,29.59501618489658,-0.04217586552876185,-0.7755861282348633,8.518125806535993,3.240496030711372,2.4780219768804597,20.99954242394554
731,2015-11-25,90.55000305175781,91.47000122070312,90.45999908447266,90.97000122070312,83.00931549072266,424800,0.007085290619373907,19.31862627543311,0.00014809893697216434,0.011154081747000692,83.61285836356026,1.1278741566386423,85.86860667683754,81.35711005028298,0.005521810967959914,-0.0009939697874301622,1.244565505226676,83.98405420673433,0.007085290619373907,0.5840072631835938,33.841560560292635,-0.122217419877785,-0.7025852203369141,8.491801125662667,3.2315467455264306,3.46508294098479,19.334701708166108
732,2015-11-27,92.30000305175781,92.55000305175781,92.05999755859375,92.48999786376953,84.39628601074219,200300,0.01670861290471115,18.973737871885433,0.0001428582257265949,0.005308835070019324,83.67933872767857,1.1629170706435459,86.00517286896566,81.35350458639148,0.0006501103575764018,-0.0026002761129864525,1.2653604684880648,84.03901844726872,0.01670861290471115,1.3869705200195312,35.798757836188486,-0.07289372530777882,-0.5292139053344727,8.49315425327846,2.517592939108502,4.357992405426781,18.68613866795645
733,2015-11-30,92.77999877929688,92.88999938964844,92.16000366210938,92.72000122070312,84.60617065429688,368500,0.002486894311059862,18.35786963607929,0.0001337346736409847,0.007868029070312461,83.62328447614398,1.0962785586922228,85.81584159352842,81.43072735875954,0.001832271730782198,-0.0066824221313295275,1.2685072862385878,84.11463874153914,0.002486894311059862,0.2098846435546875,38.58447285198877,-0.0166761728077347,-0.6490038110028093,8.476295471191406,2.6871914298404582,4.332071979505996,18.440147402164932
734,2015-12-01,93.12999725341797,93.51000213623047,92.7300033569336,93.23999786376953,85.08065795898438,495900,0.005608187925515207,18.25529408659371,0.00013224435007461226,0.008375376380334299,83.61806924002511,1.088043296274328,85.79415583257376,81.44198264747645,0.002899219160569964,-0.004295005994641483,1.275621313484699,84.24344130386517,0.005608187925515207,0.4744873046875,48.77834174912832,0.06540979915804712,-0.5724736570737355,8.636114937918526,2.601291667272157,4.34273400829972,18.502070653112874
735,2015-12-02,93.3499984741211,93.44000244140625,92.0199966430664,92.31999969482422,84.24117279052734,485800,-0.009866933197222427,17.84162439052931,0.00012631887337013093,0.015211631725237833,83.73278154645648,1.1080626623011534,85.94890687105878,81.51665622185418,0.011997887143967371,-0.014247475659288807,1.2630348431995924,84.24313883542013,-0.009866933197222427,-0.8394851684570312,43.17999108619038,0.06200928171406872,-0.8327933405718422,8.555079323904854,2.623573549001876,3.5840772148232816,17.239387406386854
736,2015-12-03,92.9800033569336,93.08000183105469,90.3499984741211,90.97000122070312,83.00931549072266,854400,-0.014622983738222683,17.938325935838463,0.00012769187991284694,0.02936118797988853,83.82403237479073,0.9980217883306941,85.82007595145213,81.82798879812934,0.022693058014330757,-0.02828570432199687,1.2445655052266762,84.07862905612713,-0.014622983738222683,-1.2318572998046875,42.574282014684286,-0.03962941862347691,-1.0665421643141513,8.60631833757673,2.1602845235353803,3.5986270290547324,17.21664332738625
737,2015-12-04,91.37000274658203,92.26000213623047,91.06999969482422,92.0,83.94916534423828,899900,0.011322221463453186,18.387392278977053,0.00013416515667499378,0.013023994808304474,84.04172624860492,0.7856822513969265,85.61309075139877,82.47036174581106,0.002845596239627944,-0.003283386699570117,1.2586567515026272,84.06136722787528,0.011322221463453186,0.939849853515625,52.546649537585786,-0.0438354842072215,-0.8882026782482808,8.72078105381557,2.1575771247433426,3.373959766670608,16.982819202898764
738,2015-12-07,92.25,92.2699966430664,91.13999938964844,91.31999969482422,83.32865905761719,880900,-0.007391452721139946,18.480191258654045,0.0001355228051414417,0.01224929271997798,84.08734675816127,0.7224730480079807,85.53229285417724,82.6424006621453,0.010298069899644309,-0.012032526941480352,1.249353449631752,83.9636728051742,-0.007391452721139946,-0.6205062866210938,45.80801347020332,-0.09613036205364267,-1.0059457111834962,8.666674477713448,1.7221034068103762,3.4331298300211097,17.282337062398362
739,2015-12-08,90.12999725341797,90.83000183105469,89.63999938964844,90.5199966430664,82.59869384765625,631500,-0.008760073883538722,17.924681627247786,0.0001274977029516642,0.013203178494062608,83.83054787772042,0.8935722505565321,85.61769237883348,82.04340337660736,0.0034395339779789576,-0.005436568053938881,1.238409021106324,83.78167561083848,-0.008760073883538722,-0.7299652099609375,43.94694660828233,-0.19423747270451486,-1.1444589214621788,8.592755998883929,1.7415875647689645,3.382371425717446,17.697511819190098
740,2015-12-09,89.97000122070312,91.0199966430664,89.29000091552734,89.87000274658203,82.00557708740234,1041200,-0.007180703866187521,17.947561618003096,0.00012782340001270533,0.019228584017635546,83.4590345110212,1.0451156733670726,85.54926585775534,81.36880316428706,0.012781970444385726,-0.007558078203285668,1.2295163726605443,83.54486247438032,-0.007180703866187521,-0.5931167602539062,35.78848298182656,-0.3162026431469087,-1.2570047050307636,8.528629302978516,1.8511812671858914,3.1582302748685573,17.828245420594563
741,2015-12-10,89.69999694824219,90.26000213623047,88.93000030517578,89.1500015258789,81.34857940673828,472500,-0.008011621940832492,16.534221755321862,0.00010848432105323744,0.014827222701268452,82.9258804321289,1.031841869477343,84.98956417108359,80.86219669317423,0.012374589165170698,-0.00858413232177368,1.2196659523127242,83.25202473202805,-0.008011621940832492,-0.6569976806640625,32.97605130523972,-0.460566023083274,-1.4920923280886509,8.482413155691964,1.8348356488463158,3.130343634258818,17.958979021999028
742,2015-12-11,87.9000015258789,88.27999877929688,87.1500015258789,87.27999877929688,79.64222717285156,486700,-0.020975808629122517,17.546940047021543,0.00012218059722768563,0.012855486163845888,82.26888820103237,1.4386972729227756,85.14628274687792,79.39149365518682,0.011376564080099441,-0.00853242306007458,1.1940824727055561,82.77071839080452,-0.020975808629122517,-1.7063522338867188,32.89469703428871,-0.7045418861573438,-1.1804675522841397,8.415883200509208,1.3988360662143338,3.1755874106217177,18.95701807879913
743,2015-12-14,87.33999633789062,87.44000244140625,85.68000030517578,86.45999908447266,78.89395141601562,649100,-0.009395464986330926,17.373156364970455,0.00011977244527052102,0.020151158804971564,81.68097904750279,1.8637598459658204,85.40849873943444,77.95345935557114,0.0112205564234543,-0.01900613810759561,1.1828635126424596,82.25381612749933,-0.009395464986330926,-0.7482757568359375,33.86949928424677,-0.9473536126306925,-0.866672707820566,8.42130878993443,1.4013948245333467,3.1813962118822343,19.955057135599233
744,2015-12-15,88.41000366210938,89.45999908447266,88.25,88.83999633789062,81.06568908691406,505800,0.02752730256146818,19.8538248779261,0.00015641839773149085,0.013686223666465425,81.26905386788505,1.5752111373975952,84.41947614268024,78.11863159308986,0.007012812135508949,-0.0018097913752032693,1.2154245544438895,82.09539918875464,0.02752730256146818,2.1717376708984375,44.72749908874445,-0.9535506369739721,-0.5893116397445566,8.58749498639788,1.3786632711513043,4.558489553251144,22.275849010248262
745,2015-12-16,88.54000091552734,89.56999969482422,87.7300033569336,89.36000061035156,81.54020690917969,627400,0.0058534976709674336,19.62660473786544,0.00015285857680015933,0.020781526077078942,81.01356070382255,1.3078196805078524,83.62920006483826,78.39792134280684,0.0023717989869122364,-0.00914837983079013,1.2225390392425635,82.02137355147798,0.0058534976709674336,0.474517822265625,44.25411413651622,-0.9096859079798634,-0.528709122337264,8.54889624459403,1.3440383373210603,4.573082326587067,24.871412464709493
746,2015-12-17,89.70999908447266,89.77999877929688,87.93000030517578,87.93000030517578,80.23533630371094,662900,-0.0160027875195623,20.25907563422415,0.0001628691053782596,0.02062198743731008,80.67593819754464,1.1223054646852122,82.92054912691506,78.43132726817421,0.02062198743731008,-0.019841698778982196,1.2029750067631948,81.78323525177571,-0.0160027875195623,-1.30487060546875,33.62076421857881,-0.9690444061218244,-0.6953592245496905,8.455975123814174,1.4635727612695673,3.793007217368053,26.661892756168093
747,2015-12-18,87.29000091552734,87.94000244140625,86.98999786376953,87.41999816894531,79.76995086669922,500600,-0.0058002553295236625,19.559849757387546,0.0001518205248141163,0.010883315015153468,80.35656302315849,0.9913195993645055,82.3392022218875,78.37392382442947,0.005957203196322088,-0.003436854721173995,1.1959974445689328,81.51479733376551,-0.0058002553295236625,-0.46538543701171875,31.33800805839539,-1.0416318750701947,-0.7547954095025402,8.399614606584821,1.1950417842296563,3.827525234953235,28.52081499567053
748,2015-12-21,89.4800033569336,89.87000274658203,88.44999694824219,89.2300033569336,81.42157745361328,1048100,0.020704871558389737,21.176827929173875,0.00017795954013565004,0.01586953224258916,80.3669913155692,1.0037998867066094,82.37459108898241,78.35939154215598,0.007152429209188731,-0.01151102335772983,1.2207604180428948,81.50236801641188,0.020704871558389737,1.6516265869140625,37.056248829375114,-0.9548782626113024,-0.5487656803186255,8.485058920724052,1.9037149405124327,3.801838056929554,29.773412318725395
749,2015-12-22,89.83999633789062,90.63999938964844,89.27999877929688,90.4000015258789,82.48918914794922,1691100,0.013112147022012355,20.77014588478828,0.00017119006352197904,0.015138030563097576,80.77370016915458,1.2156096694943392,83.20491950814326,78.3424808301659,0.0026713921811271327,-0.006233276729972074,1.2367672081229266,81.63394416728353,0.013112147022012355,1.0676116943359375,43.90091280735005,-0.7908614993120153,-0.4311906080110688,8.546421595982142,1.8893743193242885,4.234430396319035,30.44614374269299
750,2015-12-23,91.04000091552734,91.61000061035156,90.88999938964844,91.31999969482422,83.32865905761719,418400,0.010176726409109493,20.57510693971299,0.00016799008951612113,0.007908624928191593,81.40722983224052,1.2282156379714846,83.86366110818349,78.95079855629754,0.0031854230295584565,-0.001647644160483776,1.2493534496317518,81.85990615266135,0.010176726409109493,0.8394699096679688,51.14293874818211,-0.5863794099238362,-0.35680463645162336,8.566563197544642,1.8747992499019257,5.0895395394869,32.009315222459996
751,2015-12-24,90.9000015258789,91.83000183105469,90.9000015258789,91.44000244140625,83.43818664550781,94600,0.0013144047813717918,20.576473573738983,0.00016801240663919773,0.010231026287837999,81.74615805489677,1.4291670672104804,84.60449218931772,78.88782392047581,0.004290422256345134,0.0,1.250995605779571,82.07034355170755,0.0013144047813717918,0.109527587890625,48.0556308755656,-0.41075301481733106,-0.3401843559120315,8.513038635253906,1.9932321350457618,5.08220003122932,33.45332647621761
752,2015-12-28,91.66999816894531,91.76000213623047,90.8499984741211,91.56999969482422,83.55680084228516,348700,0.0014215816707676687,20.4468146758548,0.00016590167872569477,0.009926951895780155,82.03424290248326,1.5763973858786677,85.1870376742406,78.88144813072591,0.0020726785775219574,-0.008945126117631002,1.2527739982029582,82.2685378571179,0.0014215816707676687,0.11861419677734375,50.9025974692378,-0.25901094010700376,-0.3452355993663262,8.513108934674944,2.0011974793212124,4.090852037410348,34.92065837650728
753,2015-12-29,91.51000213623047,92.20999908447266,91.44999694824219,91.91999816894531,83.87618255615234,632500,0.003822330566126242,19.62174251850069,0.00015278284899299102,0.008305126417755488,82.55436379568917,1.4817314669577575,85.51782672960468,79.59090086177366,0.003169062493252059,-0.0006557227252486765,1.2575625145487375,82.48289048365584,0.003822330566126242,0.3193817138671875,55.22384055217476,-0.11169526405556951,-0.27623554153522606,8.595384325299944,2.0110641588720344,3.55547818954551,34.96720201619151
754,2015-12-30,92.12000274658203,92.25,91.31999969482422,91.33999633789062,83.34693908691406,281600,-0.006309818271521439,19.705178723805933,0.00015408494783219587,0.010095530584537325,83.06536211286273,0.8387047665985261,84.74277164605978,81.38795257966568,0.009878458912042741,-0.008684357662890923,1.2496275236168575,82.59809696409027,-0.006309818271521439,-0.5292434692382812,55.513830756773,-0.03722297108778605,-0.3551082688937842,8.591992514474052,1.8456330294933816,3.55784797913831,35.3602235374395
755,2015-12-31,89.98999786376953,90.1500015258789,88.7699966430664,88.7699966430664,81.0018310546875,433800,-0.028136702534223734,21.720991368567393,0.0001872228039814995,0.015335091849892105,83.00539834158761,0.9790741339059257,84.96354660939946,81.04725007377576,0.015335091849892105,-0.013557075782466534,1.2144671257062714,82.38526150950324,-0.028136702534223734,-2.3451080322265625,48.748356579438,-0.16552568462581974,-0.7120501473042224,8.488323756626674,1.5187011541981146,3.5998891445228933,36.10218143179249
756,2016-01-04,87.29000091552734,87.41999816894531,85.91000366210938,87.30000305175781,79.66046905517578,2275300,-0.016559650344275756,22.136554978813855,0.00019445518505160632,0.01729859652879596,82.6012954711914,1.6088558589136106,85.81900718901863,79.38358375336418,0.0013746719661925791,-0.015809339431138575,1.194355974749958,82.02195584892624,-0.016559650344275756,-1.3413619995117188,50.06762899148231,-0.37116465747706684,-0.9162148446889773,8.45166288103376,1.5354665819274904,3.639629472051735,37.30153841467218
757,2016-01-05,86.18000030517578,87.08999633789062,85.66000366210938,86.41999816894531,78.85746002197266,813100,-0.010080395492611638,21.879250477604664,0.00018996095296101726,0.016593092025034117,81.96255275181362,2.088133269279307,86.13881929037223,77.78628621325501,0.007774404346400007,-0.006033843597412663,1.1823163941655146,81.6000230719991,-0.010080395492611638,-0.803009033203125,49.86526054604551,-0.5921057168328332,-1.0322530228164175,8.425359453473773,1.5478721361583725,3.669035270476326,38.04836956268879
758,2016-01-06,83.9000015258789,85.22000122070312,83.73999786376953,84.61000061035156,77.20586395263672,2323900,-0.020944068815756167,22.191554351258297,0.00019542265258922642,0.017640087366113905,81.07222093854632,2.6160262830487966,86.30427350464392,75.84016837244873,0.007270567333224758,-0.0019070757949869877,1.1575538782441153,81.01413518941746,-0.020944068815756167,-1.6515960693359375,35.17883017300325,-0.8902112963112074,-0.7678181281899333,8.125108991350446,1.5739322863192808,3.311091100469506,38.694605412828466
759,2016-01-07,82.44000244140625,84.1500015258789,82.23999786376953,82.48999786376953,75.27139282226562,811200,-0.025056012993492693,23.356193923376573,0.0002164729343596715,0.023168408606815592,79.88859122140067,3.1286625328568074,86.14591628711429,73.63126615568706,0.020135900205597555,-0.0024260622478616597,1.128550193230163,80.24843620713055,-0.025056012993492693,-1.9344711303710938,28.355452059702117,-1.2679417260026469,-0.6961641912424326,8.013668060302734,1.5866657203600192,3.296742859446069,38.78165385936852
760,2016-01-08,81.7699966430664,82.12000274658203,80.12999725341797,80.27999877929688,73.25477600097656,899400,-0.02679127814269089,24.552994305541723,0.00023922600371744594,0.024336621925651048,78.37124742780414,3.4332071953446124,85.23766181849336,71.5048330371149,0.02250218959060184,-0.02005624870950144,1.0983148911053462,79.31594817964336,-0.02679127814269089,-2.0166168212890625,27.027086743866064,-1.710304609926368,-0.5672623510238305,7.914297921316964,1.5927753115371004,3.3094372479544485,38.92433508130556
761,2016-01-11,82.9800033569336,83.26000213623047,81.5999984741211,82.30999755859375,75.10713195800781,1117900,0.0252864872183427,26.763754079700426,0.00028424544938042884,0.020004863761802553,77.19413212367466,2.796402722430926,82.78693756853652,71.60132667881281,0.011448596519698005,-0.016630571547177342,1.126087416560997,78.75477268342529,0.0252864872183427,1.85235595703125,35.93841815630877,-1.8896282789931718,-0.4144277357384805,8.078623635428292,1.4669867668822916,4.137952253402365,39.95109298317747
762,2016-01-12,83.3499984741211,83.94999694824219,81.66999816894531,82.6500015258789,75.41738891601562,875800,0.0041308588135315905,26.867065054273866,0.0002864441208851521,0.02735451494944874,76.39635467529297,2.2775100582586916,80.95137479181035,71.84133455877559,0.015596825988748038,-0.02015597283660894,1.1307391246905052,78.309788181104,0.0041308588135315905,0.3102569580078125,30.29944071089946,-1.983839962905364,-0.3888289826280237,7.988824571881976,1.8638485372768374,4.12376988796112,40.505920384556006
763,2016-01-13,82.70999908447266,83.0999984741211,79.87000274658203,80.01000213623047,73.0083999633789,945700,-0.03194208904950757,28.01195733327263,0.0003113768863655102,0.03905205855751771,75.44605909075055,2.0665863540242615,79.57923179879907,71.31288638270203,0.03735940481313241,-0.03433679566348568,1.094620954877879,77.60293641874065,-0.03194208904950757,-2.4089889526367188,21.408962190786383,-2.227214731845706,-0.5542491361465139,7.879123687744141,1.855729107351958,4.105805627474295,40.45364672245772
764,2016-01-14,82.29000091552734,83.48999786376953,81.06999969482422,82.9000015258789,75.64551544189453,1442700,0.03612071323078436,31.164224497463394,0.00038540035259059414,0.029408167967205377,74.98720986502511,1.4464325765288428,77.88007501808279,72.09434471196742,0.007169720881353135,-0.014825631390568162,1.1341594444854302,77.34194695516118,0.03612071323078436,2.637115478515625,29.096498456697233,-2.182143418833661,-0.3412349145328905,7.976322719029018,1.8272893330531166,4.728114961301181,40.711261672610085
765,2016-01-15,78.62000274658203,79.44999694824219,77.16999816894531,77.47000122070312,70.690673828125,1550300,-0.06550079783084417,36.3565777018725,0.0005245241040445604,0.02900023784845259,74.0564684186663,1.826966596427878,77.71040161152206,70.40253522581054,0.025184376219385747,-0.018443201818633324,1.0598710960042474,76.45511053822302,-0.06550079783084417,-4.954841613769531,22.55407571914793,-2.517221425762159,-0.42966336565538416,7.640832628522601,1.9006752941666945,3.39152016864681,39.50233456605996
766,2016-01-19,79.79000091552734,80.86000061035156,79.30999755859375,80.31999969482422,73.29127502441406,1487400,0.03678846240187328,39.127556159711986,0.000607526051996593,0.01942603125670823,73.77359444754464,1.759554749842471,77.29270394722958,70.2544849478597,0.00676777678069005,-0.00601583345564524,1.098862123970432,76.0332658030485,0.03678846240187328,2.6006011962890625,30.032004639678448,-2.5436052796259503,-0.2572097263638047,7.772797720772879,1.8173662100246808,4.616938149949988,38.975615089424956
767,2016-01-20,81.58999633789062,86.2699966430664,80.97000122070312,85.26000213623047,77.79898071289062,4539200,0.06150398784814426,45.083435639151034,0.0008065540353291559,0.06495888785696573,74.42276654924665,2.2934976414310015,79.00976183210865,69.83577126638464,0.012378901239966022,-0.007598910957415652,1.1664465266898953,76.26869445769411,0.06150398784814426,4.5077056884765625,39.83516799037101,-2.1757003776792203,0.04170971270374984,8.081763676234655,4.743508891989181,4.491745201577278,36.99520919355432
768,2016-01-21,86.75,88.08000183105469,85.58000183105469,87.36000061035156,79.71521759033203,1254100,0.02463061674950584,45.907128347002924,0.0008362954099476979,0.02881844380403458,75.08106449672154,3.0569313939397267,81.194927284601,68.96720170884208,0.008299725887067724,-0.01348701059302954,1.1951768240475864,76.72823087537917,0.02463061674950584,1.9162368774414062,44.194867909912446,-1.7097992890341231,0.196087732136612,8.217992510114398,4.674596805453129,7.025997477423247,35.4563193545562
769,2016-01-22,91.22000122070312,91.72000122070312,90.06999969482422,90.36000061035156,82.45268249511719,1700700,0.03434055613889653,46.900570310470144,0.0008728823394632353,0.018088155051508868,76.0861064365932,4.147807653376953,84.3817217433471,67.7904911298393,0.01490901767323041,-0.01260690101391825,1.2362198608697006,77.49149109134424,0.03434055613889653,2.7374649047851562,52.29038727714112,-1.1069189076451806,0.36307101155787486,8.589544023786273,3.548190712893848,9.45627171844489,36.03551871380072
770,2016-01-25,90.27999877929688,90.62999725341797,89.41999816894531,89.72000122070312,81.86869049072266,881600,-0.007082753243705775,46.76583121352954,0.000867874194084259,0.0134027370495505,77.35186222621373,4.396530585806164,86.14492339782605,68.5588010546014,0.01007970807509055,-0.00952592625143875,1.227464020640192,78.07511767792803,-0.007082753243705775,-0.5839920043945312,53.57141094398889,-0.6685485247691219,0.32293411245777615,8.715197426932198,3.5689199138459067,9.045760232297013,36.27943774866264
771,2016-01-26,89.61000061035156,90.45999908447266,89.16000366210938,90.19000244140625,82.29755401611328,674500,0.005238431478749694,46.66231991592337,0.0008640365475936421,0.014507258269264071,78.30215345110211,4.676247804939293,87.6546490609807,68.94965784122353,0.0030130190963888553,-0.005021726873978001,1.2338940068049464,78.63810918968606,0.005238431478749694,0.428863525390625,55.6319077990869,-0.2832658236268628,0.3524092626598109,8.798181806291852,3.5795558967858505,8.16657133974686,35.94092721949593
772,2016-01-27,89.8499984741211,91.1500015258789,89.41000366210938,89.70999908447266,81.85957336425781,907200,-0.005321915785853282,46.69213869924117,0.0008651411969480851,0.019365585902271235,79.89771052769252,3.36906908245467,86.63584869260187,73.15957236278318,0.01602673862950598,-0.004896992982570251,1.2273273268120615,79.06763774629563,-0.005321915785853282,-0.43798065185546875,57.934039244924506,-0.013116684434066883,0.3223075059593162,8.976032257080078,3.836502487754078,8.150465195013348,35.57574232100965
773,2016-01-28,89.94999694824219,90.31999969482422,88.93000030517578,89.80999755859375,81.95082092285156,1846200,0.0011146840234277366,46.690670615986875,0.0008650867946708649,0.015453023199636706,81.1347885131836,1.7301973651646145,84.59518324351282,77.67439378285437,0.005669840506208436,-0.01133959619424244,1.2286954089747752,79.45206216983642,0.0011146840234277366,0.09124755859375,62.15136611020709,0.2059671094587543,0.32857881451294063,9.084338596888951,3.8335177249787904,8.144124209912203,35.65609636699319
774,2016-01-29,89.13999938964844,91.93000030517578,89.04000091552734,91.83999633789062,83.80316162109375,1172600,0.02260307678901685,47.35881297977038,0.000890022685259074,0.03242090430150984,81.9925286429269,1.2113403035379524,84.4152092500028,79.569848035851,0.0010096922582614259,-0.0011218137178123683,1.2564677056541445,80.03220876333741,0.02260307678901685,1.8523406982421875,69.30525015317438,0.5230318229444322,0.4494012528539152,9.307950701032366,4.702178207872928,7.749682514442262,35.50036799488534
775,2016-02-01,91.0199966430664,92.73999786376953,90.81999969482422,92.23999786376953,84.16817474365234,528400,0.0043556008567906535,47.31300532504834,0.0008883017749555763,0.021094245657627932,82.62866537911552,0.959050978944096,84.54676733700371,80.71056342122732,0.005493298378824851,-0.002197285823097452,1.2619403774694213,80.58367089404607,0.0043556008567906535,0.36501312255859375,67.53796659536192,0.7946017270709973,0.44946542786595983,9.231637137276786,4.665258732572028,8.714040297265308,35.43247654871543
776,2016-02-02,90.29000091552734,90.37999725341797,88.41999816894531,88.51000213623047,80.76457977294922,740200,-0.040438027568844404,48.44234921140485,0.000931214760761784,0.021707819964542623,82.38750784737724,1.1941118852616934,84.77573161790062,79.99928407685385,0.020710987908140705,-0.02071107240691636,1.210909997695075,80.60779207789982,-0.040438027568844404,-3.403594970703125,59.24288393667015,0.7268030306232305,0.23086587504550932,9.043705531529017,4.680628407578629,8.742748665876956,34.93734033474065
777,2016-02-03,90.33000183105469,91.22000122070312,88.80999755859375,90.9800033569336,83.01842498779297,889300,0.02790635723209256,48.93829905821263,0.0009503798074250215,0.026679991290344866,82.551755632673,1.1899203622386927,84.93159635715038,80.1719149081956,0.002656900906726452,-0.01682723615243383,1.244702084666666,80.92920979921891,0.02790635723209256,2.25384521484375,67.39612712845116,0.8451956584579818,0.37562151146295725,9.241763523646764,5.035415526503093,8.550396293590246,34.23319940231092
778,2016-02-04,90.5,92.18000030517578,90.41999816894531,91.47000122070312,83.46556091308594,666800,0.0053859841999979174,48.73329107107139,0.0009424339915149866,0.019447537416911256,82.71861376081195,1.229565844447279,85.1777454497065,80.25948207191739,0.007845293751079075,-0.0008839981332009668,1.2514060304283852,81.26738994773451,0.0053859841999979174,0.44713592529296875,64.70991591004267,0.9639905186543416,0.40433929785068634,9.147476196289062,4.9883309536128735,9.339623659558919,33.74319248131641
779,2016-02-05,89.91999816894531,89.91999816894531,88.05000305175781,88.36000061035156,80.62771606445312,893000,-0.034000189031113126,49.74625685630847,0.0009820198695292923,0.02079620946693168,82.54263414655414,1.4426892710186994,85.42801268859154,79.65725560451673,0.01734872765080315,-0.02079620946693168,1.208857988839145,81.18210009663034,-0.034000189031113126,-2.8378448486328125,70.30963085305976,0.8196969822374456,0.09811753357530008,9.336758749825615,4.985857406878249,9.334992452082798,33.49597064975546
780,2016-02-08,84.95999908447266,86.88999938964844,84.62999725341797,86.36000061035156,78.80271911621094,1281100,-0.022634858548929992,49.583851028868395,0.000975618366211513,0.026600778726273647,82.09290531703404,2.029328435632612,86.15156218829927,78.03424844576881,0.0062382154544271635,-0.0038842023847784958,1.181495659256027,80.86484929924109,-0.022634858548929992,-1.8249969482421875,61.63328038422245,0.551721412452892,-0.18413617014656608,9.057684217180524,5.0042693749358245,9.369465075108149,33.27459672316714
781,2016-02-09,84.80999755859375,86.36000061035156,84.69000244140625,84.97000122070312,77.53436279296875,1202400,-0.016095337032364765,48.91753956731451,0.0009495736814761036,0.01969105314254419,81.1973626273019,2.481612370758534,86.16058736881897,76.23413788578483,0.016389569975970242,-0.0014148699521491846,1.1624790884180254,80.42078443173811,-0.016095337032364765,-1.2683563232421875,49.35297804706971,0.23430219766274263,-0.8749240353191081,8.670438494001116,4.985136033020391,9.366015647606877,33.06070257877858
782,2016-02-10,84.41000366210938,84.7300033569336,81.6500015258789,81.73999786376953,74.5870132446289,2413100,-0.03801346193054833,50.20778612940396,0.0010003261063555426,0.036488587814589364,79.82862527029855,3.128026545480064,86.08467836125867,73.57257217933842,0.035422406864629004,-0.032697571573135714,1.1182892338453883,79.64294827345688,-0.03801346193054833,-2.9473495483398438,38.062853631594464,-0.252174384136282,-0.6368792257503502,8.450054168701172,5.061864751343973,8.704875152051754,32.05158930999147
783,2016-02-11,82.44000244140625,82.44000244140625,80.87999725341797,81.80999755859375,74.65087890625,1099900,0.0008562571263126539,50.18785894125622,0.000999532216312473,0.01892291535407275,78.95523943219867,3.6354900458168533,86.22621952383237,71.68425934056496,0.0076419803997491665,-0.01892291535407275,1.1192467769711472,78.97733902449596,0.0008562571263126539,0.06386566162109375,29.257613399778336,-0.6253485263949727,-0.5252207442326026,8.153497423444476,4.70940904767666,8.752336863529187,31.68442133849456
784,2016-02-12,80.9800033569336,82.08999633789062,80.23999786376953,82.04000091552734,74.86075592041016,1143300,0.002811447329692296,48.82714274868311,0.000946067408333443,0.02284512716018176,77.78985813685826,3.4168516371999265,84.62356141125811,70.9561548624584,0.0006173798504665114,-0.009138126234724372,1.1223934803335294,78.42846127728453,0.002811447329692296,0.20987701416015625,30.990082617261876,-0.893852625024806,-0.43033935546875,8.10076904296875,4.715733666200928,8.764091032958369,31.31725336699764
785,2016-02-16,83.05999755859375,84.2300033569336,82.72000122070312,83.9800033569336,76.6310043334961,758300,0.0236472153042111,47.89985140684541,0.0009104745098404244,0.018179655437206756,76.81349291120257,2.3275726777130132,81.4686382666286,72.15834755577654,0.0030098724698810675,-0.004093382469109494,1.1489349606190191,78.18880035144608,0.0236472153042111,1.7702484130859375,35.67149655564636,-0.9528163317390579,-0.288719482421875,8.156336103166852,4.7448439590380564,9.528534410540573,30.80600908806178
786,2016-02-17,85.01000213623047,86.41999816894531,84.94999694824219,86.27999877929688,78.72972869873047,812100,0.02738740518264371,42.094202073716936,0.0007031435905646488,0.017292097209307376,76.54235185895648,1.87592672472991,80.2942053084163,72.79049840949666,0.001646857853550989,-0.0007058603279661323,1.180401307913997,78.260924131084,0.02738740518264371,2.098724365234375,42.69902881519726,-0.8207350547957617,-0.120821533203125,8.22323226928711,4.592327306535325,10.420014614591775,31.31308894717227
787,2016-02-18,86.5199966430664,86.75,85.83000183105469,85.91999816894531,78.40122985839844,672500,-0.0041724878995719195,40.62067733261123,0.0006547775503809981,0.010633358814618491,76.48499625069755,1.7998956487291808,80.08478754815592,72.88520495323918,0.009593179186989749,-0.007974975020610037,1.1754760977400869,78.27963156139259,-0.0041724878995719195,-0.32849884033203125,41.81053541705978,-0.7341045025185764,-0.1471014404296875,8.191792624337333,4.645955009025831,9.85703232662117,30.952182595934726
788,2016-02-19,87.12000274658203,88.55000305175781,86.75,88.01000213623047,80.3083267211914,1254600,0.02432483350372694,35.67491330839583,0.0005050394601434751,0.020661191402779562,76.88127681187221,2.304168824916379,81.48961446170497,72.27293916203945,0.0061983574208338684,-0.004247047003181454,1.204069358105225,78.55012424936577,0.02432483350372694,1.9070968627929688,41.95718763969465,-0.5057326163518923,0.00546630859375,8.203906467982701,2.726257241983293,10.010976657235245,33.54581132499405
789,2016-02-22,87.83000183105469,88.47000122070312,87.66000366210938,87.91999816894531,80.2262191772461,810800,-0.0010224038689085058,34.69559555691028,0.0004776922027970999,0.009222333390722455,77.68687765938895,2.3536216375107775,82.39412093441051,72.9796343843674,0.006262131848929826,-0.0019355364385886308,1.2028383129350642,78.77360357308315,-0.0010224038689085058,-0.0821075439453125,40.80852529381125,-0.32759532879981634,-0.001153993610223642,8.148537772042411,2.7585211752948,8.063358774755926,34.92310351652419
790,2016-02-23,87.41999816894531,89.2699966430664,87.29000091552734,88.58000183105469,80.82846069335938,1526600,0.007506791698393966,32.58188546847662,0.00042126161138132044,0.02264923094270239,78.56938934326172,2.177065161343686,82.92351966594909,74.21525902057435,0.007892871499245002,-0.0014870425090462698,1.2118677695971154,79.04758452245332,0.007506791698393966,0.6022415161132812,50.17133427925625,-0.13625373950297615,0.04928498402555911,8.35082026890346,3.2591294559970696,5.649537776590257,34.037446742818645
791,2016-02-24,87.87000274658203,89.37999725341797,87.72000122070312,89.20999908447266,81.4032974243164,807300,0.007111810939191443,32.60501377629591,0.0004218598902192244,0.01889149858686461,79.50403812953404,1.6633185188767805,82.8306751672876,76.17740109178048,0.0019346553275477745,-0.00170708457027721,1.2204863440577898,79.36167957603507,0.007111810939191443,0.5748367309570312,45.2393138790266,0.06106643280882906,0.09742875399361023,8.214828491210938,3.252219135508684,5.881192162485338,33.34067188103002
792,2016-02-25,89.41999816894531,89.97000122070312,88.95999908447266,89.91999816894531,82.05120849609375,315800,0.007959273054997995,32.67436801606773,0.0004236564782735832,0.01129503642263809,80.27835300990513,1.3314515835974494,82.94125617710003,77.61544984271023,0.0005591931646357164,-0.005144252895236688,1.2302005281300419,79.7202834320429,0.007959273054997995,0.6479110717773438,45.87987628649686,0.26665130934522097,0.18614696890454321,8.172337668282646,3.2526725836588692,6.5846782231799255,33.09398923424693
793,2016-02-26,91.0999984741211,91.20999908447266,90.63999938964844,90.81999969482422,82.87245178222656,279300,0.010008911522271013,32.787557022177246,0.0004265967839216365,0.0062568573476556024,80.87017059326172,1.4442965263634104,83.75876364598854,77.9815775405349,0.004281003251160593,-0.0050493863027157885,1.2425134963707465,80.14057254540073,0.010008911522271013,0.8212432861328125,57.409662767188784,0.4901956051339482,0.2399684252987078,8.365505763462611,2.8567117668571993,7.523618624141072,33.52114932989032
794,2016-02-29,91.33000183105469,92.19000244140625,91.0199966430664,91.0199966430664,83.05491638183594,359700,0.0022017521587132105,32.79107314201001,0.00042668828484311496,0.012810749752355856,81.53498295375279,1.1618643224135816,83.85871159857996,79.21125430892562,0.012810749752355856,-0.003394341199748789,1.245249203143611,80.5291517235921,0.0022017521587132105,0.182464599609375,65.74325576350316,0.6743064533118002,0.2355579447504359,8.583739144461495,3.3946258511260936,7.487315438573599,33.59834683519307
795,2016-03-01,92.95999908447266,93.94000244140625,92.62999725341797,93.79000091552734,85.58253479003906,593300,0.03043309798281757,33.549203284904394,0.00044664644486184103,0.014092138563791087,82.28844124930245,1.7796847452474611,85.84781073979737,78.72907175880754,0.001613613676379235,-0.0035499336736741485,1.283145994155906,81.2029361324517,0.03043309798281757,2.527618408203125,77.25591398738501,1.0125018176005511,0.38996606869682743,8.821439470563616,3.455815144026661,7.44932498118716,34.176734805206465
796,2016-03-02,92.54000091552734,93.3499984741211,92.08999633789062,93.33999633789062,85.17191314697266,458300,-0.004797960753017971,33.59106568427154,0.00044776178325597014,0.013615756686458518,82.99496895926339,1.806056811139361,86.60708258154212,79.38285533698466,0.00010808446219488297,-0.004862811467307995,1.2769895100355537,81.73213306772116,-0.004797960753017971,-0.41062164306640625,93.28368266835719,1.2331750708858635,0.35999369600604114,8.862283979143415,3.478598734410579,6.494888356988541,34.175855859422875
797,2016-03-03,92.81999969482422,94.70999908447266,92.76000213623047,94.69999694824219,86.41290283203125,562000,0.014570409882858293,30.333324012635117,0.0003651232324029785,0.021008370552180924,83.79274640764508,1.9193930951707574,87.63153259798659,79.95396021730357,0.00010775841697213973,-0.0006463861106551539,1.2955957706128822,82.35623570296251,0.014570409882858293,1.2409896850585938,93.87348089190826,1.491010271887447,0.42660016914371524,8.982648032052177,4.167207461422299,6.37533050405843,33.73220601685566
798,2016-03-04,94.83999633789062,95.5199966430664,94.68000030517578,95.3499984741211,87.00601959228516,1181800,0.006863752296422776,29.039428155597896,0.0003346382490492585,0.008856984081883904,84.59313528878349,1.925085310256014,88.44330590929552,80.74296466827145,0.00179247338158526,-0.0016870101106374873,1.304488419058662,82.97620688820552,0.006863752296422776,0.5931167602539062,94.04377196787931,1.7233404954629492,0.33484530502985893,9.101789202008929,3.7301717958698375,7.49380092778703,34.09694985433714
799,2016-03-07,94.33999633789062,96.2300033569336,94.30999755859375,96.04000091552734,87.63562774658203,1015400,0.0072363746468031565,29.07048546436454,0.0003353544147356468,0.02035198084450947,85.39090946742466,1.851845195393004,89.09459985821067,81.68721907663866,0.0020140179010155164,-0.0003179858009473583,1.3139281859813865,83.59746300265573,0.0072363746468031565,0.629608154296875,93.50657968556017,1.9359515433880858,0.23808770146358488,9.091413225446429,4.124617862171406,6.593811886766857,33.74779025066745
800,2016-03-08,94.61000061035156,94.9800033569336,93.72000122070312,93.79000091552734,85.58253479003906,619200,-0.023427605978700194,27.591661941025446,0.000302103098677711,0.013317853589492612,85.77806418282645,1.484410854106171,88.7468858910388,82.80924247461411,0.012577977314546684,-0.00940703291308361,1.2831459941559062,83.8621392409735,-0.023427605978700194,-2.0530929565429688,77.1905500827331,1.9166855297774106,-0.02379490429879639,8.916797637939453,4.104259343199346,6.561265782162572,33.398630646997745
801,2016-03-09,94.08999633789062,94.45999908447266,93.87000274658203,94.11000061035156,85.87452697753906,169000,0.003411819808987193,25.97165219888089,0.0002676693325157279,0.006270553309109119,86.18086569649833,0.8830705154496067,87.94700672739755,84.41472466559911,0.0037198266313477066,-0.002338118821033485,1.28752385707659,84.13045760584892,0.003411819808987193,0.2919921875,79.73868670578635,1.903041328603507,-0.09234944224156039,8.978025708879743,4.045580021950225,6.549463938770277,33.077837474906254
802,2016-03-10,96.43000030517578,97.81999969482422,95.12000274658203,95.94000244140625,87.54438781738281,1123000,0.019445357064738378,25.378666576271414,0.00025558599888474414,0.027999553455329274,86.46113041469029,0.9686963513069727,88.39852311730424,84.52373771207634,0.019495978922205413,-0.013584958565259252,1.3125602182068135,84.58564830072011,0.019445357064738378,1.66986083984375,79.34877526353542,2.0038726188553113,0.02415830307175544,9.106361389160156,5.744674143174171,6.363985775828112,31.8677560263153
803,2016-03-11,97.29000091552734,97.7699966430664,96.80000305175781,97.75,89.19598388671875,656100,0.01886581322358616,20.06409374209608,0.00015974914987762647,0.009970126242991782,87.03599766322544,1.233847073332565,89.50369180989057,84.56830351656032,0.000205536467039079,-0.005036466843031228,1.3373227341282128,85.2003597121866,0.01886581322358616,1.6515960693359375,82.27185562929687,2.191786591177916,0.18100505148573962,9.253785269601005,5.653223457644958,7.145334920989571,31.162805043011915
804,2016-03-14,97.47000122070312,97.87999725341797,96.61000061035156,96.98999786376953,88.50249481201172,378800,-0.00777489125057218,20.698185824323637,0.00017000591127707597,0.013029615544897033,87.33451080322266,1.3084894380995205,89.9514896794217,84.71753192702361,0.009131008294882396,-0.008823233811234364,1.326925195303448,85.64064439216328,-0.00777489125057218,-0.6934890747070312,77.42991110410566,2.258713947110124,0.0770171158324266,9.228087833949498,5.686190229318748,7.114273045718078,30.263937327395823
805,2016-03-15,96.5199966430664,96.91999816894531,96.29000091552734,96.58999633789062,88.13748931884766,299700,-0.004124239592786294,21.062714463774903,0.0001760468018184571,0.006527116404155254,87.49614933558873,1.3308422503926922,90.15783383637411,84.83446483480334,0.0034189996118114603,-0.002382881636326543,1.3214526378763118,85.97355704905453,-0.004124239592786294,-0.3650054931640625,74.43712312914246,2.2562923325355513,-0.09220963390873121,9.218514033726283,5.657236403998645,7.078047486822221,29.365069611779727
806,2016-03-16,96.0,97.43000030517578,95.70999908447266,97.27999877929688,88.76713562011719,520700,0.0071439101128887295,20.26776946885335,0.0001630089203343585,0.01791667938232422,87.65779331752232,1.4165625673109945,90.49091845214431,84.82466818290033,0.0015625158945719402,-0.0030208428700764975,1.33089297673974,86.34603419186288,0.0071439101128887295,0.6296463012695312,74.40319228918227,2.278910517998227,-0.2586829174223177,9.270357404436384,5.925030460300595,5.789655760171644,27.824156494329237
807,2016-03-17,96.72000122070312,97.97000122070312,96.55999755859375,97.76000213623047,89.20512390136719,302000,0.004934126556977114,18.88130436080082,0.00014146970411317285,0.014578201450720833,88.17530604771206,1.1727954525470528,90.52089695280615,85.82971514261796,0.0021712063877404653,-0.0016542975608971134,1.3374597711207659,86.72724615313012,0.004934126556977114,0.43798828125,73.66984113947947,2.305600064451909,-0.2611325965941088,9.27350561959403,5.943167167282672,5.086679895477467,26.345388386314273
808,2016-03-18,97.77999877929688,98.66999816894531,97.6500015258789,97.9800033569336,89.40587615966797,312800,0.002250456582771454,18.572434451826673,0.00013687909582039604,0.010431546899163716,88.6797845023019,0.6698163845121011,90.0194172713261,87.3401517332777,0.00705660483356247,-0.0013294871654824902,1.3404696662668767,87.0843968206685,0.002250456582771454,0.20075225830078125,73.70578763941975,2.3162504583247596,-0.40792088621538075,9.284028734479632,5.8986653784205245,5.157441387193063,24.95363327801588
809,2016-03-21,97.45999908447266,97.97000122070312,97.2300033569336,97.81999969482422,89.25985717773438,567400,-0.0016332145962399958,17.553958530543767,0.00012227835717938483,0.007592836760937625,88.9248515537807,0.46884211848257995,89.86253579074585,87.98716731681554,0.0015391086321362845,-0.0023598987246010086,1.3382803916421127,87.37445820161062,-0.0016332145962399958,-0.14601898193359375,66.69419048793361,2.2865505295145,-0.43011221468043515,9.118245806012835,5.006784455283801,5.200154389720005,22.320403568831587
810,2016-03-22,97.02999877929688,98.54000091552734,96.9800033569336,98.23999786376953,89.64311981201172,757100,0.004293784982359883,17.416279264763233,0.00012036777120167509,0.01607747684447672,88.98872811453683,0.5373876062487972,90.06350332703443,87.91395290203923,0.0030918587605076177,-0.0005152573739282442,1.3440266798899323,87.67694641633076,0.004293784982359883,0.38326263427734375,70.34878876009367,2.267797456064031,-0.5273916102422431,9.226294381277901,5.273854465176591,4.697104058155895,20.261581932723747
811,2016-03-23,98.5999984741211,98.6500015258789,97.66999816894531,97.70999908447266,89.15950012207031,892300,-0.005394944876478958,17.78508284829682,0.00012551951266697673,0.009939182272815237,89.08258601597377,0.4939277529045858,90.07044152178294,88.09473051016461,0.00953349346808526,-0.009432051922595846,1.336775730039409,87.8746202437627,-0.005394944876478958,-0.48361968994140625,63.42547634071283,2.188681683011353,-0.9213139212645999,9.188351222446986,4.859115486944016,5.056588608118408,19.07868331698801
812,2016-03-24,96.16000366210938,96.93000030517578,95.9800033569336,96.93000030517578,88.44775390625,292900,-0.007982842151939451,18.29305400423401,0.00013279199396897676,0.00987933560797608,89.12690952845982,0.3999666183654375,89.9268427651907,88.32697629172894,0.0,-0.0018718833020043664,1.3261044603939607,87.95103806542768,-0.007982842151939451,-0.7117462158203125,56.96646221201792,2.0449766734258787,-1.0651011242189499,9.092880249023438,4.878918890255108,4.852818898623348,17.720781605773446
813,2016-03-28,97.37000274658203,97.6500015258789,96.69000244140625,97.47000122070312,88.94051361083984,182600,0.005571195229130854,18.246954454508188,0.0001321235503432126,0.009859289898257243,89.15167781284877,0.37878130727380516,89.90924042739638,88.39411519830117,0.0018486217530901711,-0.00698367347226609,1.3334924472370366,88.08296813814931,0.005571195229130854,0.49275970458984375,56.38971452993752,1.9483911674395529,-0.96555364777761,9.091327667236328,5.237253395393809,4.191875560767118,16.63581590048846
814,2016-03-29,98.33999633789062,100.18000030517578,98.16999816894531,100.02999877929688,91.2764663696289,409000,0.02626421485499897,19.73944377241162,0.00015462128589055528,0.020439314735422768,89.4475838797433,0.890673789527797,91.2289314587989,87.66623630068771,0.0015253358904296637,-0.0017286778043107554,1.3685155793787886,88.50876790234659,0.02626421485499897,2.3359527587890625,77.13026263078646,2.036858684334419,-0.4110201870713754,9.369549887520927,6.482911252902622,3.282611976813954,16.055447810556398
815,2016-03-30,101.16999816894531,101.87999725341797,100.56999969482422,101.1500015258789,92.29844665527344,460400,0.011196536481878683,19.842615096937642,0.0001562418150338163,0.012948478623140481,89.86080823625836,1.3958388902603034,92.65248601677897,87.06913045573776,0.00721553564051698,-0.00593059686646576,1.3838382139893226,89.01405840273684,0.011196536481878683,1.0219802856445312,78.61771043633719,2.164484269538974,-0.4173902935062062,9.492840358189174,5.9393852467311135,4.4877580594837,14.927433411870506
816,2016-03-31,101.4800033569336,101.91999816894531,100.33999633789062,100.38999938964844,91.60496520996094,637900,-0.007513468215804231,18.010702474145262,0.00012872436651277058,0.015569587887156237,90.1958236694336,1.5047420175505872,93.20530770453477,87.18633963433241,0.01507684990820744,-0.011233809433699414,1.3734407895526985,89.35951264370006,-0.007513468215804231,-0.6934814453125,69.81291516706449,2.184488880320586,-0.6610361481011896,9.32684598650251,5.098272621986552,4.516930009549117,13.471511593356773
817,2016-04-01,99.4000015258789,100.62999725341797,99.30000305175781,100.56999969482422,91.76923370361328,367600,0.0017932269640170695,17.780334968765914,0.00012545250460377756,0.013380223151343622,90.49955422537667,1.586918558278205,93.67339134193308,87.32571710882026,0.0006035971596854509,-0.001006020850966074,1.3759036806100053,89.68080878502182,0.0017932269640170695,0.16426849365234375,64.68754654076383,2.1883715876309253,-0.634583890795214,9.241090502057757,5.065500626906521,4.487894918837922,12.319273411142873
818,2016-04-04,102.13999938964844,102.5999984741211,101.55999755859375,101.62999725341797,92.7364501953125,861500,0.010539659673121315,17.52043420432515,0.00012181175186828813,0.010182112020188093,91.0105470929827,1.6578110904122538,94.32616927380721,87.6949249121582,0.009496781148418839,-0.005678498477781162,1.3904052371466298,90.08822763972725,0.010539659673121315,0.9672164916992188,73.43422869521521,2.243631758364259,-0.4315746230148624,9.394429888044085,4.3416489833629015,5.606048625498522,11.927158394607554
819,2016-04-05,99.58000183105469,100.12000274658203,99.27999877929688,99.5199966430664,90.81109619140625,1059400,-0.020761566782546148,19.355018288851973,0.00014865743371499755,0.008435468486034868,91.3481674194336,1.2358522713300035,93.8198719620936,88.87646287677359,0.006025367468194895,-0.0030126837340974477,1.361538245960808,90.18461011328445,-0.020761566782546148,-1.92535400390625,62.618439085024086,2.107768817648676,-0.7110164480459226,9.32057625906808,4.379982807074386,4.671973323020444,10.48399927674834
820,2016-04-06,99.37000274658203,101.16999816894531,99.29000091552734,101.0999984741211,92.25284576416016,753000,0.015876359092891867,19.867906988698934,0.0001566403682982506,0.018919162739810168,91.82135772705078,0.660589079802992,93.14253588665676,90.5001795674448,0.0007044348685662735,-0.0008050903576878413,1.383154516072388,90.46037486673454,0.015876359092891867,1.4417495727539062,65.2799581546019,2.092314698189213,-0.563015157382309,9.396747044154576,4.527827059178598,4.644967773480494,9.447815667194234
821,2016-04-07,100.75,100.94999694824219,99.94999694824219,100.08999633789062,91.33123016357422,452200,-0.009990104835811864,18.12534014218433,0.0001303682362182057,0.009925558312655087,91.82918112618583,0.6533449308747012,93.13587098793523,90.52249126443643,0.0085359862069634,-0.007940476940524193,1.3693366574526982,90.57648890631317,-0.009990104835811864,-0.9216156005859375,58.940899643676886,1.9828435344840472,-0.7022321181611993,9.360624585832868,4.496844185813524,4.947030299119657,8.57781868676005
822,2016-04-08,100.87999725341797,101.36000061035156,100.37999725341797,100.6500015258789,91.84222412109375,424200,0.005594953189662855,18.144891330390635,0.00013064963547289077,0.009714545832825047,91.76400647844586,0.620669454724521,93.0053453878949,90.52266756899682,0.00703805614396565,-0.004956383957306851,1.3769980319520354,90.74525360161725,0.005594953189662855,0.5109939575195312,59.98501639379118,1.915242071958943,-0.6250426416625178,9.400902884347099,4.4708076667543,5.059199459035457,7.746461553953321
823,2016-04-11,100.8499984741211,101.55999755859375,100.13999938964844,100.25,91.47721862792969,188400,-0.0039742667020215006,17.30810303442428,0.00011887715501993917,0.014080299359743621,91.74575696672711,0.6279603577648325,93.00167768225678,90.48983625119745,0.012989564486011428,-0.007040149679871811,1.3715254745248993,90.84284893845891,-0.0039742667020215006,-0.3650054931640625,58.92729010728696,1.811334595346878,-0.6801794637753314,9.483306339808873,2.914281419328568,5.116520696236057,8.8087372680149
824,2016-04-12,100.66999816894531,101.2300033569336,99.69999694824219,100.8499984741211,92.02470397949219,295100,0.0059849365751851735,16.28573226791905,0.00010524804583426166,0.015198236182777469,91.78225272042411,0.6369120771392651,93.05607687470264,90.50842856614558,0.0037747580185188076,-0.009635454836060094,1.3797339675011815,91.00042961059668,0.0059849365751851735,0.5474853515625,59.46332676290494,1.752957659147583,-0.5974776880382069,9.517066410609655,2.921306542158806,4.272344985219832,9.147906256657777
825,2016-04-13,101.58999633789062,102.19999694824219,101.27999877929688,102.05000305175781,93.11970520019531,363100,0.011898992046170065,16.294227159955966,0.00010535787251597072,0.009055991752232944,91.83700343540737,0.7406354020996158,93.3182742396066,90.35573263120814,0.0014764632531877638,-0.003051457523068424,1.3961514110063087,91.28299968920983,0.011898992046170065,1.095001220703125,65.00690395294671,1.7745945425899947,-0.4320695266544965,9.600524357386998,2.843605481625681,5.03955710067927,9.943131648155575
826,2016-04-14,100.79000091552734,100.80000305175781,99.7699966430664,100.37000274658203,91.58673858642578,547800,-0.016462322453382416,17.443809457871733,0.00012074860650894241,0.010219331276270751,91.94780949183873,0.607652002850332,93.16311349753938,90.73250548613807,0.004266299248634464,-0.010120093890224375,1.373167516284578,91.32349820883863,-0.016462322453382416,-1.5329666137695312,61.19799704204982,1.649035282164803,-0.8634970018137574,9.594081333705358,2.8542521643814345,5.058425599149658,10.738357039653375
827,2016-04-15,99.87000274658203,100.5199966430664,99.30999755859375,99.55000305175781,90.83848571777344,540400,-0.008169882236239379,17.667530234662454,0.0001238657240447268,0.012115740975225591,91.74575805664062,0.7149853577083248,93.17572877205727,90.31578734122398,0.009712561976892416,-0.005607341269522965,1.3619488993859037,91.25882987669661,-0.008169882236239379,-0.7482528686523438,56.64960057650846,1.4721805298347448,-1.6549688365949136,9.574867793491908,2.5999788904587553,5.067671840031136,12.215860385366836
828,2016-04-18,98.86000061035156,100.02999877929688,98.79000091552734,99.2300033569336,90.54647827148438,342600,-0.0032145785344364075,17.673579241091232,0.00012395055682187716,0.012542968400909477,91.63365064348493,0.8411982024456813,93.31604704837629,89.95125423859356,0.008092205314830984,-0.0007080689297192774,1.3575708076889386,91.16384966266831,-0.0032145785344364075,-0.2920074462890625,47.014944464445826,1.2935480867971307,-2.1636556237284332,9.42858396257673,2.600129079218731,4.635457964333374,13.18558633100201
829,2016-04-19,100.23999786376953,100.73999786376953,99.3499984741211,99.75,91.02096557617188,833800,0.005240262390601824,17.735377103263342,0.00012481888928371317,0.013866714078919939,91.51632799421039,0.8642158644983904,93.24475972320717,89.7878962652136,0.009876275786787037,-0.008878685241573777,1.3646848349350498,91.14479845113546,0.005240262390601824,0.4744873046875,44.53127755721122,1.1767034439159971,-2.039118193614533,9.399297441755023,2.950460415983365,4.065754704721121,13.62328866833524
830,2016-04-20,99.01000213623047,99.55999755859375,95.12999725341797,96.43000030517578,87.99150085449219,2104400,-0.03328315298022677,21.331942913462015,0.00018057610653301662,0.0447429573739472,91.01836831229073,1.5899865969741875,94.1983415062391,87.83839511834236,0.03161293996450301,-0.03918800928287931,1.319263820804111,90.72435877158303,-0.03328315298022677,-3.0294647216796875,37.10938180424672,0.8300820684886219,-0.9556218517262651,9.321974618094307,2.9508357918860773,4.066271975291579,14.290024789886425
831,2016-04-21,97.23999786376953,97.23999786376953,95.51000213623047,95.81999969482422,87.43488311767578,626600,-0.006325812509288431,21.342494660698936,0.0001807547929928421,0.01779098895048041,90.36267961774554,1.9994793191898836,94.3616382561253,86.36372097936578,0.01460302550535521,-0.01779098895048041,1.3109184052234166,90.28576201772873,-0.006325812509288431,-0.5566177368164062,34.958755931912606,0.5046504355902073,-1.0301355928048797,9.337936401367188,2.662263342644764,4.259624443315341,15.113484548635045
832,2016-04-22,95.7300033569336,96.47000122070312,95.31999969482422,95.87000274658203,87.48052215576172,275500,0.0005219774586364689,21.290846161060887,0.00017988100406903204,0.01201296861539923,89.5570820399693,1.832586271701067,93.22225458337144,85.89190949656717,0.006267611543728591,-0.004282917034700793,1.311602675081055,89.91173003613314,0.0005219774586364689,0.0456390380859375,30.514317587447337,0.24757235090925178,-1.0819625781959017,9.209675925118583,2.6618821975538105,3.9091693582303364,15.922533448662962
833,2016-04-25,96.30000305175781,96.5199966430664,95.93000030517578,96.12999725341797,87.7177505493164,367000,0.0027117852947000642,21.15934371377517,0.00017766580412606202,0.006126649212809713,89.0043694632394,1.6968318983707003,92.3980332599808,85.61070566649799,0.0040498377703978555,-0.0038421883162679444,1.3151594599278291,89.61919943789091,0.0027117852947000642,0.2372283935546875,36.89095382665516,0.062260762101928435,-1.0484083485219802,9.327956063406807,2.6448650600975014,4.191487327880561,16.98707186221598
834,2016-04-26,96.44999694824219,96.9800033569336,96.29000091552734,96.41000366210938,87.97328186035156,348200,0.0029131083439206673,21.08616881652024,0.00017643909339634523,0.007153991324401233,88.59505462646484,1.5166750755312832,91.62840477752741,85.56170447540228,0.005909794845614115,-0.0016588495363115685,1.3189906619241312,89.39974376088567,0.0029131083439206673,0.25553131103515625,29.836769172702603,-0.06325164035230557,-1.0122653043826395,9.24962397984096,2.513124134113004,4.190220637305124,17.65050596319347
835,2016-04-27,97.7300033569336,99.41999816894531,97.69000244140625,99.23999786376953,90.55561828613281,600200,0.02935364432442622,21.59997836395891,0.0001851424862394812,0.017701787251768526,88.5963603428432,1.5186377335970906,91.63363581003738,85.55908487564902,0.0018418121251707793,-0.00040930025737593337,1.3577078446814916,89.55386036425196,0.02935364432442622,2.58233642578125,46.84017458127907,0.04513159556897506,-0.64701261170265,9.446021488734655,2.4652223368369515,4.185851967055136,17.321865220060126
836,2016-04-28,98.30000305175781,99.58000183105469,97.75,98.01000213623047,89.4332504272461,902200,-0.012394237708590494,21.5652901394083,0.00018454830904637322,0.01861649821202079,88.36954389299665,1.1760894210525175,90.72172273510168,86.01736505089161,0.015971512167680894,-0.005595147860455506,1.3408800909156913,89.53777903931784,-0.012394237708590494,-1.1223678588867188,40.651581641927955,0.039999297697875136,-0.8057633765306002,9.374279567173549,2.5661085659887775,3.0022461149547186,17.031903885151255
837,2016-04-29,98.33999633789062,98.55000305175781,96.05000305175781,96.5999984741211,88.1466293334961,786700,-0.014386384120038898,21.938483648276417,0.00019099089872448073,0.02542200623447394,88.39170510428292,1.169220144993075,90.73014539426907,86.05326481429677,0.019829211411973354,-0.02328648943878873,1.3215896748688654,89.35229241187494,-0.014386384120038898,-1.28662109375,37.93789833116064,-0.06711400637716736,-0.987746565962971,9.331349509102958,2.5523567292287535,3.009951646959615,17.135743470469727
838,2016-05-02,96.69999694824219,97.56999969482422,96.54000091552734,97.45999908447266,88.9313735961914,461300,0.00890271435934653,22.219180370641713,0.00019590951442186884,0.010651487195477087,88.60548945835659,1.0998683255676998,90.80522610949198,86.40575280722119,0.00113754512743614,-0.001654560886909647,1.3333554102444845,89.29616990311713,0.00890271435934653,0.7847442626953125,38.98642837778885,-0.0876691723021139,-0.8767502015260948,9.30781991141183,2.547197881413443,3.252497855143254,17.42692941003546
839,2016-05-03,95.12999725341797,95.19000244140625,94.12999725341797,94.41999816894531,87.18165588378906,604700,-0.01967492057805431,22.63458312356371,0.00020330331475298203,0.011142701761722124,88.5627942766462,1.1552238215956103,90.87324191983743,86.25234663345498,0.00809423204764438,-0.010511931345231595,1.3071217484456052,89.01423470054006,-0.01967492057805431,-1.7497177124023438,29.799781364489064,-0.24235318907540204,-1.041729434681802,9.028058188302177,2.6076950706362956,2.1557660874364797,17.2734500055777
840,2016-05-04,93.5999984741211,93.83999633789062,93.22000122070312,93.77999877929688,86.5907211303711,1430900,-0.006778200613735463,21.740195010055633,0.00018755399963303466,0.006623879565114723,88.40179007393974,1.354053764813145,91.10989760356603,85.69368254431345,0.0006409995680751893,-0.004059799782187304,1.2982618150080643,88.69109955785086,-0.006778200613735463,-0.5909347534179688,31.840523122316995,-0.40792260489321563,-0.8815535970277814,8.95506123134068,2.617555921440503,2.1639179944582594,17.57162574085007
841,2016-05-05,92.77999877929688,93.91999816894531,92.69999694824219,92.9000015258789,85.7781753540039,464400,-0.009383751119751205,20.83996385570411,0.00017234289424883066,0.013149398973427866,88.08820343017578,1.683852151840618,91.45590773385702,84.72049912649454,0.010993712615719612,-0.0008622745430833016,1.2860792492477522,88.30270966400461,-0.009383751119751205,-0.8125457763671875,31.692398397524187,-0.5978120085074892,-0.8609229858258391,8.840491158621651,2.145671916262037,2.1986506214256196,17.56888516674908
842,2016-05-06,92.37999725341797,92.7300033569336,91.81999969482422,92.33000183105469,85.25186920166016,336300,-0.006135665047335204,20.728323222591342,0.0001705013427064361,0.009850656951342416,87.33052498953683,1.5785155402116886,90.4875560699602,84.17349390911345,0.004329958191940805,-0.006061891916467129,1.2781882977500396,87.89593093569202,-0.006135665047335204,-0.52630615234375,31.164064734981878,-0.7817576216855997,-0.7363376503854898,8.680513654436384,2.165697334044949,1.8662444190176917,17.695554249270245
843,2016-05-09,93.26000213623047,93.62000274658203,92.54000091552734,92.98999786376953,85.86126708984375,456800,0.007148205592326429,20.818088705492922,0.0001719812767260998,0.011580546925970088,86.82024165562221,1.3456602349443578,89.51156212551092,84.1289211857335,0.006755359944043473,-0.007720364617313391,1.2873250504880627,87.62464242291226,0.007148205592326429,0.6093978881835938,31.818543530626286,-0.8683526993724939,-0.7678777016258668,8.550128936767578,2.6652832629097345,1.650966919287685,18.52059459305176
844,2016-05-10,92.5199966430664,93.51000213623047,92.45999908447266,93.3499984741211,86.19368743896484,367700,0.0038715984563011396,20.954463408987543,0.00017424187966611014,0.01134893093228945,86.54124995640346,1.2215577585080972,88.98436547341966,84.09813443938727,0.001729395459520544,-0.0006484820662630916,1.29230905616629,87.4338484250526,0.0038715984563011396,0.33242034912109375,42.1782567334049,-0.899784225842609,-0.7250400395627257,8.486536298479352,2.586249313664559,1.6696048830867383,18.240405474753604
845,2016-05-11,91.80999755859375,93.25,91.7699966430664,92.58000183105469,85.48270416259766,897100,-0.008248669914147078,20.786654763206997,0.0001714623080336332,0.016120285331551673,86.04858289446149,0.6660833895343538,87.3807496735302,84.71641611539278,0.007297660241388365,-0.0004356923711038648,1.2816492253349112,87.17369585672527,-0.008248669914147078,-0.7109832763671875,41.61922904086689,-0.9708727290169605,-0.8050305126734807,8.329951695033483,2.6248677705147614,1.6945357989863397,18.371712776527268
846,2016-05-12,92.80999755859375,92.94000244140625,90.43000030517578,91.52999877929688,84.51319122314453,1099600,-0.011341626928518811,20.178241334556027,0.0001615719933950734,0.027044523243800633,85.66737365722656,0.6730938887226671,87.0135614346719,84.32118587978123,0.015192368270661758,-0.02564375946584208,1.2671132379679375,86.81896190558118,-0.011341626928518811,-0.969512939453125,38.19738295522135,-1.0928448365997667,-0.6466456934784947,8.217250279017858,2.6649794694551177,0.8321042173138605,19.541013200344565
847,2016-05-13,91.6500015258789,92.37999725341797,91.1500015258789,91.30000305175781,84.30083465576172,770000,-0.002512703216023593,19.712120540908142,0.00015419353024575093,0.013420575090680743,85.34024701799665,0.7052313707713437,86.75070975953933,83.92978427645396,0.01178389725782167,-0.005455537279601863,1.2639293584598295,86.48321160560525,-0.002512703216023593,-0.2123565673828125,36.38220627584529,-1.1928930819718175,-0.6698540576281842,8.133488246372767,2.6621878796368263,1.2356157667278236,19.957354023170375
848,2016-05-16,94.16000366210938,96.38999938964844,93.77999877929688,95.83000183105469,88.48355865478516,1553600,0.04961663803334071,26.95566212372828,0.00028833639703515826,0.027718781954570424,85.72673034667969,1.3920697416055448,88.51086982989078,82.9425908634686,0.005947297544754629,-0.004035735641813877,1.3266412839382433,86.7499245454959,0.04961663803334071,4.1827239990234375,51.548830671400026,-0.9240196437289967,-0.21272582795593128,8.335410526820592,4.828785173055597,1.2140960254090347,21.27326565885127
849,2016-05-17,95.18000030517578,95.55000305175781,94.16999816894531,94.30000305175781,87.07085418701172,710300,-0.015965728427413728,27.438433339802682,0.00029875699370745823,0.014498895549356884,85.98658534458706,1.456917547684137,88.90042043995533,83.07275024921879,0.01313301109468505,-0.010611495408616278,1.30546048947829,86.79271516436468,-0.015965728427413728,-1.4127044677734375,38.61436536033052,-0.8155280511534073,-0.36711973311298424,8.022533961704799,4.8860863521112154,1.4462825145378284,22.52048191646889
850,2016-05-18,94.18000030517578,95.55000305175781,94.08000183105469,94.5199966430664,87.27395629882812,349400,0.002332607319783353,27.363864742444104,0.00029713535462014886,0.015608422339560548,86.18839808872768,1.5325454352953811,89.25348895931845,83.12330721813692,0.010936572577551807,-0.0010617803546088777,1.308505616171735,86.8568806489598,0.002332607319783353,0.20310211181640625,42.49414829827262,-0.705031870829302,-0.3886752387708411,7.983588627406529,4.53301166107808,1.4602619039948033,24.20495905310398
851,2016-05-19,93.5,93.87000274658203,92.80000305175781,93.30999755859375,86.15673828125,573700,-0.012801276176282683,25.237533934838268,0.0002527512377429018,0.01144384700346758,86.18311963762555,1.5325878114771319,89.24829526057981,83.1179440146713,0.005989360299339906,-0.007486598376921791,1.2917550744009036,86.76352833326516,-0.012801276176282683,-1.117218017578125,43.00057161412558,-0.699549042965316,-0.5984961329438139,7.8035381862095425,4.583219385649759,1.476435793002812,25.889436189739076
852,2016-05-20,95.1500015258789,95.58000183105469,94.94999694824219,95.4800033569336,88.16038513183594,571700,0.023255834547093013,26.48358147339243,0.00027832543161024386,0.0066211757510182614,86.56564549037388,1.6576925328158172,89.88103055600551,83.25026042474225,0.0010509560958219864,-0.002101992374454366,1.321795916686539,86.94977590640794,0.023255834547093013,2.0036468505859375,47.502235641840535,-0.5274462348431967,-0.3808079734865698,7.803530556815011,4.578657854793086,2.4829471259343805,26.20374970145677
853,2016-05-23,95.31999969482422,96.23999786376953,95.20999908447266,95.69999694824219,88.36351776123047,387200,0.002304125930152834,26.49075849043671,0.00027847630372962066,0.010805694320127058,87.11569213867188,1.4938531931574106,90.1033985249867,84.12798575235705,0.005665137612843123,-0.0011540139603833362,1.3248415009325465,87.13827482038428,0.002304125930152834,0.20313262939453125,54.25528583475946,-0.3703927567919152,-0.34672531231238535,7.933600834437779,4.981622429220632,2.496531884708511,26.882311112659654
854,2016-05-24,95.52999877929688,97.66000366210938,95.52999877929688,97.5199966430664,90.04399108886719,785500,0.01901772779324573,27.245316269156227,0.00029456637246283674,0.022296712132630233,87.93614305768695,1.2469374680438639,90.43001799377467,85.44226812159923,0.0014655817107925146,0.0,1.3500369759664768,87.525703656182,0.01901772779324573,1.6804733276367188,61.528943154951875,-0.10906930760359046,-0.05338990831012683,8.122039794921875,5.786202468797169,2.144090204124329,27.991981563073626
855,2016-05-25,98.3499984741211,99.2300033569336,98.1500015258789,98.91999816894531,91.33668518066406,1000800,0.014356250496727396,27.612065799354657,0.00030255007051900433,0.010981208416987106,88.34373256138393,1.7995479416044642,91.94282844459286,84.744636678175,0.003152060933380219,-0.0020335226369608216,1.3694184449732958,88.03383452611294,0.014356250496727396,1.292694091796875,67.98093919011302,0.20003513777393778,0.10303233648392539,8.254663739885602,5.5255983701755,3.6436875045522745,27.77794685449632
856,2016-05-26,99.19000244140625,99.7699966430664,98.41000366210938,99.41000366210938,91.78910064697266,748900,0.004953272230251438,25.79240763177939,0.00026398741723963144,0.013710988481529775,89.01776776994977,2.1015991695746323,93.22096610909904,84.8145694308005,0.0036293272718658028,-0.007863683436822554,1.3762015473283762,88.5345366755609,0.004953272230251438,0.45241546630859375,71.2485344093893,0.47602150525077036,0.145514012278919,8.360483986990792,4.51663534847915,3.7075949994395936,27.014486228137457
857,2016-05-27,99.37999725341797,100.48999786376953,99.37999725341797,100.08000183105469,92.40773010253906,765500,0.006739683156344434,25.410909767542545,0.00025623584730721766,0.011169255796224993,89.75116402762276,2.279846123883426,94.31085627538961,85.19147177985592,0.004125538780901333,0.0,1.3854767097166405,89.05096246582465,0.006739683156344434,0.6186294555664062,71.26577848802108,0.7361747525185365,0.19659346693119287,8.38425282069615,4.43185112458978,4.280229439912699,26.724387665143475
858,2016-05-31,100.05000305175781,100.23999786376953,99.33999633789062,99.9800033569336,92.3154067993164,509600,-0.0009990863656126336,24.759257173239817,0.00024326222848040745,0.008995517225654835,90.63097381591797,1.7992210255391266,94.22941586699622,87.03253176483972,0.002598645666221892,-0.007096518662771926,1.3840924988260888,89.48622171029022,-0.0009990863656126336,-0.09232330322265625,70.20113877598702,0.9242442439667542,0.18741619798207773,8.397362300327845,4.465297654235786,4.312531702969199,26.41551397367049
859,2016-06-01,98.91000366210938,100.06999969482422,98.87999725341797,99.8499984741211,92.19537353515625,1335700,-0.0013002516949429666,24.669415045547595,0.00024150001535297203,0.012031163657333059,91.20740073067802,1.4967097197782544,94.20082017023452,88.21398129112151,0.0022242565216626666,-0.0003033708177174111,1.3822928302085322,89.8474419536057,-0.0013002516949429666,-0.12003326416015625,73.05021914714689,1.051484135066218,0.1754844590864139,8.447239467075892,4.5095121726638405,4.064489907743383,26.08357996051092
860,2016-06-02,99.70999908447266,100.22000122070312,99.29000091552734,100.13999938964844,92.4631576538086,614600,0.002904528810767637,23.396363986560264,0.00021721819356810066,0.009327051586751098,91.79306357247489,0.8688199149725323,93.53070340241996,90.05542374252983,0.0008023451187369009,-0.004212197099605798,1.3863077395587904,90.19620404696609,0.002904528810767637,0.26778411865234375,78.6811100994298,1.1605524793236413,0.14059492963637016,8.487762996128627,4.462748470871804,4.263096827485435,25.740753368143476
861,2016-06-03,100.8499984741211,101.06999969482422,100.16000366210938,100.8499984741211,93.11871337890625,279900,0.007089912801292453,23.165136403391173,0.00021294585102687243,0.009023262731613782,92.23230961390904,0.5592586655394585,93.35082694498796,91.11379228283012,0.0021814697474643895,-0.006841792984149393,1.396136540548019,90.58587195789144,0.007089912801292453,0.6555557250976562,80.8264907190626,1.2850742601106049,0.03853814468179323,8.54062271118164,4.412264764322163,4.7199615286028695,25.449417335623842
862,2016-06-06,101.06999969482422,101.29000091552734,100.0,100.06999969482422,92.39852142333984,389000,-0.007734127002334112,23.055726111779954,0.0002109390898973855,0.012763440382135517,92.38400050571987,0.39602901481374525,93.17605853534735,91.59194247609238,0.012070854104945655,-0.010586719086326595,1.3853386432308212,90.82755855328456,-0.007734127002334112,-0.7201919555664062,68.05810496562519,1.3105381288288953,-0.04728877849678424,8.260774339948382,4.4716836681508125,4.69700077184706,25.508368331948038
863,2016-06-07,101.16999816894531,101.37999725341797,100.66000366210938,101.19000244140625,93.43263244628906,444400,0.011191856828652647,22.910406966075147,0.00020828839180602544,0.007116670992780543,92.61879076276507,0.46563070751167257,93.55005217778842,91.68752934774173,0.0018779758372086113,-0.005040965860099058,1.4008431549850604,91.1749017390185,0.011191856828652647,1.0341110229492188,80.40621797933903,1.398046732888119,0.07373307949425438,8.397562299455915,4.419856310024669,5.0194511284651915,25.457182195696358
864,2016-06-08,100.8499984741211,101.2300033569336,100.33999633789062,101.0999984741211,93.34955596923828,527300,-0.0008891591179188696,22.96116331965511,0.00020921230991741065,0.008825057337718767,92.75333731515067,0.5265648893301551,93.80646709381098,91.70020753649037,0.0012890915694546122,-0.005057036628129839,1.3995975825210312,91.46485563638113,-0.0008891591179188696,-0.08307647705078125,79.37545602835363,1.4440482651596795,0.06405049986795269,8.348863874162946,3.9244209680101143,5.035864465086565,24.928809096137506
865,2016-06-09,99.45999908447266,100.56999969482422,99.4000015258789,100.55000305175781,92.84171295166016,624600,-0.00544022960050794,23.197571101961653,0.00021354258136133567,0.011763504722653556,92.82852390834263,0.4899114623940599,93.80834683313076,91.84870098355451,0.00020105211391991713,-0.0006032330499298849,1.3919834503238009,91.64843661175166,-0.00544022960050794,-0.507843017578125,84.34564327941541,1.4231212675011307,-0.32788241003425517,8.393463679722377,3.9340740705362616,5.048251443034527,24.4938411060897
866,2016-06-10,97.63999938964844,98.23999786376953,96.79000091552734,97.37999725341797,89.91473388671875,1514900,-0.03152655171781882,25.940600432679577,0.000267029663019022,0.014850439956023932,92.50271824428013,1.2101189353264086,94.92295611493294,90.08248037362732,0.008807871934939173,-0.008705433013462396,1.3480990120868197,91.41727624841394,-0.03152655171781882,-2.9269790649414062,58.232326414645804,1.1570163579727364,-0.8582280014937296,8.105965205601283,3.9718958254091654,5.096784776467471,24.058873116041898
867,2016-06-13,95.63999938964844,97.18000030517578,95.62999725341797,96.33000183105469,88.94522857666016,1055100,-0.010782496573698896,25.903608348314073,0.00026626862121541516,0.016206640125988714,92.00015694754464,1.810732803861585,95.6216225552678,88.37869133982147,0.008887478874378716,-0.00010458109885299024,1.3335631391079867,91.0876698921801,-0.010782496573698896,-0.9695053100585938,52.54653472753822,0.8580047789589571,-1.1256020376357478,8.04779761178153,3.97632336403698,5.102466247600502,22.15375753661142
868,2016-06-14,93.5,94.69999694824219,93.33000183105469,94.5999984741211,87.34784698486328,1624300,-0.017959160006206787,26.821316959624713,0.0002854694616859729,0.014652354194518716,91.17574746268136,2.4258257092338384,96.02739888114904,86.32409604421368,0.0010695023970170455,-0.0018181622347092246,1.309613465314367,90.58902683787119,-0.017959160006206787,-1.597381591796875,38.1106917612671,0.4865321638166904,-0.7431252481924011,7.794817788260324,4.025678455522756,4.742661480913311,20.800308449563236
869,2016-06-15,94.70999908447266,95.2300033569336,94.12999725341797,94.18000030517578,86.96002960205078,740100,-0.00443991919892095,20.470275800518614,0.0001662826156148006,0.011614466414834617,90.39882005964007,2.8094949078639067,96.01780987536789,84.77983024391226,0.011086506830406637,-0.006123976735945049,1.3037988873465522,90.1051605397618,-0.00443991919892095,-0.3878173828125,29.02624310907244,0.15901084034619828,-0.7913013479868338,7.701685224260602,1.711350373524043,5.344960926333375,20.403982904633008
870,2016-06-16,93.79000091552734,95.62000274658203,93.20999908447266,95.56999969482422,88.24349975585938,501300,0.01475931137192621,20.35886221448279,0.00016447748836043437,0.025695741961661377,89.65751538957868,2.548013263355079,94.75354191628884,84.56148886286852,0.0005331384078228991,-0.006184047610545078,1.323042061091271,89.85693910190814,0.01475931137192621,1.2834701538085938,34.26234027119777,0.002978808981154657,-0.6078947909059838,7.7178753444126675,1.927847672702774,5.061350356745306,19.952199284624157
871,2016-06-17,94.61000061035156,94.95999908447266,93.2699966430664,94.6500015258789,87.39400482177734,702400,-0.00962671399516457,20.65850465223668,0.00016935468828035085,0.017862830890007855,88.80672236851284,2.0566803607284045,92.92008308996965,84.69336164705602,0.003276583411836827,-0.014163449515278223,1.3103055135655723,89.52854786455737,-0.00962671399516457,-0.8494949340820312,28.1927888358165,-0.18706843322854638,-0.7118721623221753,7.576132638113839,1.9483452558620014,5.151355236252083,19.659091972532533
872,2016-06-20,97.33000183105469,97.62000274658203,96.70999908447266,96.8499984741211,89.42535400390625,949900,0.023243575875386835,21.56558115669732,0.00018455328993099125,0.009349672711287506,88.31867109026227,1.1411837698959546,90.60103863005418,86.03630355047036,0.007911273584454566,-0.006370109266598303,1.3407616991900715,89.51478868313723,0.023243575875386835,2.0313491821289062,39.24398843999571,-0.17178906221757018,-0.46323695578685503,7.747113364083426,1.9065983772373691,7.071538893594514,19.957092027504633
873,2016-06-21,98.16000366210938,98.80999755859375,97.81999969482422,98.48999786376953,90.93962860107422,691700,0.016933392258104085,20.875499592994647,0.0001729311441496505,0.010085552433120773,88.46508462088448,1.4133733730362914,91.29183136695707,85.6383378748119,0.0032599804694968797,-0.003463772968627147,1.363465342967099,89.70476733886215,0.016933392258104085,1.5142745971679688,45.76586773819293,-0.03706350097085931,-0.2778911863197548,7.8635455540248325,2.6096221294075495,5.803765886124318,20.351733485929557
874,2016-06-22,99.19999694824219,99.55000305175781,98.69000244140625,98.75,91.17970275878906,501700,0.0026399289441567664,20.877328367262688,0.0001729614443470281,0.008669361258148725,88.78429521833148,1.7517177915484008,92.28773080142828,85.28085963523468,0.008064547140815094,-0.005141073815778727,1.3670647945903525,89.90142539485241,0.0026399289441567664,0.24007415771484375,45.66433317714881,0.08806430462099968,-0.24850633790848087,7.905384608677456,2.213016649332125,6.2976922533236115,21.054743235683553
875,2016-06-23,100.54000091552734,101.41000366210938,99.31999969482422,101.38999938964844,93.61730194091797,888700,0.02673401106140294,21.838497015845036,0.0001892539491710604,0.020787785441151483,89.679931640625,2.383642505841439,94.44721665230787,84.91264662894213,0.00019896829400016498,-0.012134485872226689,1.4036119199305854,90.39687560099449,0.02673401106140294,2.4375991821289062,51.503297081462954,0.37954768473179,0.049671052325521894,8.021345955984932,2.4584718854265755,6.26326841118562,20.945109933085092
876,2016-06-24,94.08000183105469,96.5999984741211,93.95999908447266,95.01000213623047,87.72642517089844,2063600,-0.0629250859391064,30.852933953298727,0.00037773949743119555,0.028061217456067322,89.78941672188895,2.2518481713403045,94.29311306456957,85.28572037920834,0.01690047094966984,-0.0012755393733678668,1.3152895192437992,90.04081554364835,-0.0629250859391064,-5.890876770019531,39.261451095825414,0.1336650329682243,-0.6687281527292283,7.650732312883649,2.551105667114542,4.9078549721538405,21.472354863146712
877,2016-06-27,92.4000015258789,92.9000015258789,91.1500015258789,92.5,85.4088363647461,2285900,-0.026418365978523428,31.892484605882803,0.00040362324378431384,0.018939393626631804,89.38446480887276,2.7711803669541077,94.92682554278097,83.84210407496455,0.004329020771356545,-0.013528138304737003,1.2805417193567004,89.42321831979471,-0.026418365978523428,-2.3175888061523438,32.58523044335429,-0.24538019762754004,-0.5595676379890229,7.378739493233817,2.2680160581265074,5.006992832429495,22.796728288144795
878,2016-06-28,93.5999984741211,94.56999969482422,93.05000305175781,94.4000015258789,87.16316223144531,707900,0.02054033214089479,32.781909269099266,0.0004264498314791492,0.016239280639375877,89.3514872959682,2.8000382533966612,94.95156380276153,83.75141078917487,0.001816219783297478,-0.005876019565484782,1.3068444715925596,89.12187750801479,0.02054033214089479,1.7543258666992188,37.481284368599674,-0.3996103781282443,-0.3885807470112634,7.476153237479074,2.261565701580229,5.567418345458082,24.72460722937127
879,2016-06-29,95.86000061035156,96.58999633789062,95.62999725341797,96.11000061035156,88.7420883178711,556100,0.01811460307317958,33.55693605617716,0.00044685236407871495,0.010014595017319347,89.25387791224888,2.80892930385528,94.87173651995944,83.63601930453832,0.005007257714196483,-0.0023993673635420002,1.3305174404738378,89.07123894932897,0.01811460307317958,1.5789260864257812,42.04872340627027,-0.3899378074879536,-0.23468934762741495,7.633752550397601,2.239499772862962,7.091759395422873,27.117925832221918
880,2016-06-30,97.37000274658203,99.20999908447266,96.91999816894531,99.20999908447266,91.60445404052734,669800,0.032254883527231826,35.5560955047534,0.0005016809236282318,0.023518546276386228,89.3488529750279,2.8856199194294967,95.12009281388688,83.5776131361689,0.0,-0.004621593560060932,1.373433125547272,89.40900096148876,0.032254883527231826,2.86236572265625,53.28546934704199,-0.14957898016487547,0.044293608189774084,7.995868682861328,3.7798871441488946,6.975941960530255,28.285747827218387
881,2016-07-01,98.37000274658203,98.66999816894531,98.0999984741211,98.44000244140625,90.89346313476562,957500,-0.007761532047854014,35.63579449459491,0.0005039324798654764,0.005794446263182848,89.30796160016742,2.8572398919105657,95.02244138398855,83.59348181634628,0.002338067714926987,-0.0027447826056944892,1.3627731803277525,89.606929251259,-0.007761532047854014,-0.7109909057617188,53.826590170527886,-0.016276279101674618,-0.02500373661788862,7.981602805001395,3.801833825075332,7.482591963759506,29.730032938149986
882,2016-07-05,96.6500015258789,97.12000274658203,95.0199966430664,95.33999633789062,88.0311279296875,1007800,-0.03149110074983286,37.06806912590325,0.0005452546621915639,0.02172794692562244,88.5099367414202,2.144174399116201,92.79828553965261,84.2215879431878,0.0184170344603129,-0.016865026974428463,1.3198579528068812,89.3968224083828,-0.03149110074983286,-2.862335205078125,51.27852333759418,-0.13998578859853694,-0.30398371801287777,8.015300750732422,3.857419460929834,7.05760350015692,30.965734195920792
883,2016-07-06,93.41999816894531,94.97000122070312,92.83999633789062,94.88999938964844,87.61559295654297,1257500,-0.004720318629524156,37.0281940463984,0.0005440822041022752,0.022800309618509033,88.49410356794085,2.1513216372609185,92.7967468424627,84.19146029341901,0.0008563672941847874,-0.006208540381319466,1.3136278027239212,89.1593251481375,-0.004720318629524156,-0.41553497314453125,51.225388411875166,-0.26846200285862665,-0.34448419429223254,7.9479233877999445,3.750678671795028,7.111436846289963,32.3220540492753
884,2016-07-07,94.0999984741211,95.23999786376953,94.08000183105469,94.61000061035156,87.35709381103516,827900,-0.0029503783149196217,36.703252297551565,0.0005345748925467156,0.01232726941046508,88.77242606026786,1.7795496773868453,92.33152541504155,85.21332670549417,0.0066949762341518785,-0.00021250418055963758,1.309752103740889,88.91902763652385,-0.0029503783149196217,-0.2584991455078125,48.27709953979073,-0.3866816238965498,-0.3696790375364646,7.873954227992466,3.7824483607244357,7.533691246276105,33.598120085753784
885,2016-07-08,96.0999984741211,97.26000213623047,95.94999694824219,97.22000122070312,89.76698303222656,588200,0.02758664598440408,38.19869137514447,0.0005790238185609271,0.013631687916634614,89.14440046037946,1.6548736681426843,92.45414779666483,85.83465312409409,0.0004162426239592049,-0.0015608899923062994,1.3458837713541174,89.03208835595088,0.02758664598440408,2.4098892211914062,54.34856222340099,-0.28265533072413973,-0.13479709607160625,8.101554870605469,4.977848461072378,7.43596730078738,33.95037573179778
886,2016-07-11,99.12000274658203,99.94999694824219,99.0,99.76000213623047,92.1122817993164,493000,0.0261265187696893,39.344995095638694,0.000614297078998346,0.009584311157365724,89.6258566720145,1.9771825552630364,93.58022178254058,85.67149156148844,0.001916816048698812,-0.0012106814291444248,1.381047028968221,89.44278081506629,0.0261265187696893,2.3452987670898438,54.8678733709644,-0.010842745471080661,0.09378948080716895,8.098484584263392,4.888623684655241,9.148018166890058,34.804695607005065
887,2016-07-12,100.87000274658203,101.83000183105469,100.0,100.87999725341797,93.14640808105469,1280100,0.011226801264041075,37.796353377310226,0.000566890606596234,0.01814218083895806,89.84613582066127,2.294750512754705,94.43563684617068,85.25663479515187,0.009418107978280089,-0.008624989817515506,1.3965517694987417,89.93659778386474,0.011226801264041075,1.0341262817382812,54.06878162042298,0.284733801010816,0.1869294473903971,8.122275761195592,5.872605101834623,8.915034680218104,35.19374469912024
888,2016-07-13,101.08999633789062,101.80999755859375,100.86000061035156,101.11000061035156,93.35877990722656,547200,0.002279978697483198,37.51141763401879,0.0005583755765530854,0.009397536676792904,90.19832393101284,2.644768364628237,95.4878606602693,84.90878720175637,0.00692449276486732,-0.0022751581350374957,1.3997358777831312,90.39288873364632,0.002279978697483198,0.212371826171875,54.02181345463435,0.5300073799603808,0.20681444927274298,8.126076834542411,5.824582741142569,9.345059138023075,35.708186202904756
889,2016-07-14,103.7300033569336,103.8499984741211,102.5999984741211,102.97000122070312,95.0761947631836,1023800,0.01839585797568999,37.11541951066929,0.0005466485577194324,0.012050515372093128,91.2047620500837,2.999312692095174,97.20338743427405,85.20613666589335,0.008483536343770371,-0.01089371296869786,1.4254852201943076,91.01732953758463,0.01839585797568999,1.7174148559570312,52.76614088484105,0.8531350741429549,0.30914914809078864,8.144713810511998,6.8284311654814145,9.093190297620556,35.99616107400333
890,2016-07-15,101.25,101.94000244140625,101.19000244140625,101.61000061035156,93.82044982910156,538600,-0.013207774429864871,37.49815388877121,0.0005579807718515742,0.007407407407407408,92.09117017473493,2.659414471298788,97.4099991173325,86.77234123213735,0.00325927734375,-0.0005925684799382717,1.4066577329528749,91.39107890978688,-0.013207774429864871,-1.2557449340820312,64.01865419122582,0.99640207542312,0.21027157046618616,8.42193603515625,6.868230958651535,8.688311180186496,34.10117523268254
891,2016-07-18,102.75,103.37000274658203,102.45999908447266,103.12999725341797,95.22392272949219,802800,0.014959136339115053,37.50551377675376,0.0005581998268485179,0.00885648332953163,93.21500287737165,1.870675988705122,96.95635485478189,89.4736508999614,0.0023358198848083944,-0.0028223933384656326,1.4277001177625874,91.90212475241427,0.014959136339115053,1.403472900390625,73.56982494891153,1.2092512442587093,0.21652369927856846,8.734505789620536,7.425669770275538,8.644298479097117,32.327354247207005
892,2016-07-19,103.2699966430664,106.30000305175781,103.16000366210938,105.62999725341797,97.53226470947266,3330400,0.024241198154983712,37.80009534445765,0.0005670028603373368,0.03040572762388347,94.32432883126395,1.78569558337246,97.89571999800887,90.75293766451904,0.0064879037486134,-0.0010651010412753433,1.4623092792231638,92.65281008002205,0.024241198154983712,2.3083419799804688,74.25485552547467,1.5463740131823727,0.348608174671103,8.871285574776786,8.873866285081245,8.401557667554863,30.309224328991938
893,2016-07-20,107.58000183105469,108.3499984741211,107.05999755859375,108.16000366210938,99.86832427978516,1642100,0.023951659251131963,37.84271284970488,0.0005682821094544516,0.011991084714361515,95.43233489990234,2.4624257560230642,100.35718641194848,90.50748338785621,0.0017660792784711936,-0.0048336518275725665,1.4973340127988854,93.61487863999047,0.023951659251131963,2.3360595703125,75.1355765571483,1.9792313732109363,0.45314809631629666,8.970635550362724,8.844784380331717,8.62878399970388,27.628661495114052
894,2016-07-21,105.41000366210938,106.37000274658203,104.95999908447266,105.4800033569336,97.39379119873047,2199400,-0.024777957364360947,39.00227808528483,0.0006036419427944002,0.013376374282550322,96.03910391671317,2.3247190703505427,100.68854205741425,91.3896657760121,0.008443215622127487,-0.004269087961321048,1.4602331344695472,94.11873364782247,-0.024777957364360947,-2.4745330810546875,63.31211777791032,2.098410638867577,0.29360375458636734,8.687333243233818,8.31854263555506,8.768794749428963,25.9462801942919
895,2016-07-22,105.55000305175781,105.86000061035156,105.19000244140625,105.62999725341797,97.53226470947266,397800,0.0014217899214914453,39.00818843814031,0.0006038249068355012,0.006347684979381481,96.63531603131976,2.0405482390069816,100.71641250933372,92.5542195533058,0.002179093797096421,-0.003410711510591161,1.4623092792231638,94.57387112270916,0.0014217899214914453,0.1384735107421875,65.67818674058195,2.178917515793188,0.3025317682336847,8.787380763462611,8.325297740937772,8.415416132524316,23.686460123271996
896,2016-07-25,106.19000244140625,106.56999969482422,105.93000030517578,106.4800033569336,98.31712341308594,500300,0.00804716988733123,38.13331564132987,0.0005770435562703544,0.006026926969905456,97.09830583844867,1.994998859830865,101.0883035581104,93.10830811878694,0.000847502927031981,-0.002448461533598074,1.4740767304208935,95.07297142809274,0.00804716988733123,0.7848587036132812,76.93427682128201,2.27977154654117,0.3531351593047857,8.988180433000837,7.326812984406492,8.891974491670906,22.06865144621358
897,2016-07-26,107.48999786376953,108.91000366210938,107.30999755859375,108.7699966430664,100.43156433105469,926600,0.021506334243372782,30.251162343119297,0.00036314794567847566,0.014885162669213536,98.04275076729911,1.7321740337629887,101.50709883482509,94.57840269977314,0.0013025120646147055,-0.0016745772514007275,1.5057787172857033,95.78745048182101,0.021506334243372782,2.11444091796875,80.8172158055425,2.5014812843549947,0.428291417112272,9.249180930001396,8.295788235528333,8.524103131573883,20.62870831212195
898,2016-07-27,109.63999938964844,109.91000366210938,108.37999725341797,109.55999755859375,101.1609878540039,876300,0.007262891181748499,27.761873721131252,0.0003058419176619197,0.013954819565931705,98.89090292794364,1.5676222816944325,102.02614749133251,95.75565836455478,0.0031923212829629995,-0.011492175695409852,1.5167150242531422,96.50392213144539,0.007262891181748499,0.7294235229492188,82.4576793555049,2.704866217129819,0.3732799713187369,9.381611960274833,8.106085692990426,8.89756098193595,19.057547323160943
899,2016-07-28,109.87000274658203,110.20999908447266,109.48999786376953,110.08000183105469,101.64115142822266,530000,0.0047465291156678635,27.41701735349241,0.0002982908097467078,0.0065532101820715,99.47788674490792,1.7344911214983816,102.94686898790468,96.00890450191116,0.001183191500575555,-0.0034586772850910994,1.5239141562759306,97.18888603768237,0.0047465291156678635,0.48016357421875,80.70684674425203,2.8716923473938607,0.23560674789715222,9.320619310651507,8.110917766901823,8.482968058492204,17.15356034682582
900,2016-07-29,110.4800033569336,110.8499984741211,109.30999755859375,109.62000274658203,101.21638488769531,1399700,-0.004179080368125421,27.41576398947081,0.00029826353774855706,0.013939182374497051,99.67046683175224,1.855670651374308,103.38180813450086,95.95912552900361,0.011133197774852072,-0.01059020422510166,1.5175455965427296,97.72588588435076,-0.004179080368125421,-0.42476654052734375,76.13989493159514,2.9357862314345198,0.11210922200556771,9.251035962785993,8.460889668467678,7.119913557965429,15.087205090946444
901,2016-08-01,109.62000274658203,110.1500015258789,109.29000091552734,109.69999694824219,101.29025268554688,419800,0.0007298007919718241,25.800789901527033,0.00026415903156457883,0.007845289078670247,100.22710418701172,1.6295510453034707,103.48620627761866,96.96800209640477,0.004105131968268902,-0.0030104161903515094,1.5186531025209398,98.20113479117691,0.0007298007919718241,0.0738677978515625,74.74740917626875,2.958438571962404,0.04306828500491443,9.195028577532087,7.1248760562236475,7.17852226272544,13.6900826727366
902,2016-08-02,109.56999969482422,109.58999633789062,108.77999877929688,109.37999725341797,100.99479675292969,358600,-0.002916923640564173,25.554074763786762,0.00025913124485444554,0.007392512191747428,100.7217516217913,1.1215375702149806,102.96482676222126,98.47867648136133,0.0019165746559966087,-0.007210011113695944,1.5142233073843803,98.57362305274395,-0.002916923640564173,-0.2954559326171875,73.08764774813844,2.9189025982986863,-0.020207636505799053,9.169039590018135,7.078008186416499,6.502382604956751,12.33868343055138
903,2016-08-03,107.94999694824219,108.75,107.88999938964844,108.44999694824219,100.1360855102539,414200,-0.008502529538987114,22.452992754882906,0.00020005431890905706,0.007966657106659293,100.98160334995815,0.5220451219490849,102.02569359385632,99.93751310605998,0.0027790927303282115,-0.0005557902759600492,1.5013485789847218,98.78195138041195,-0.008502529538987114,-0.8587112426757812,66.13659057863111,2.7861620913310503,-0.1091011763962548,8.973609924316406,7.020806156167941,6.449832582879885,11.144377481679149
904,2016-08-04,109.69999694824219,110.2300033569336,109.54000091552734,110.08999633789062,101.6503677368164,288500,0.015122243083962372,22.283051476751886,0.00019703745361729125,0.00628990392526448,101.15571812220982,0.5111552049858675,102.17802853218156,100.13340771223808,0.001276271859050514,-0.0014584871209279236,1.5240523371498902,99.16440689459921,0.015122243083962372,1.5142822265625,74.56544790856321,2.7712094262664664,-0.09649957169903628,9.204332079206194,6.905620955939878,7.202017416098894,9.771081465140181
905,2016-08-05,109.94999694824219,110.66000366210938,109.4000015258789,109.5999984741211,101.19792175292969,599800,-0.004451001938902466,22.37500174881264,0.00019866694573784455,0.011459774181017955,101.16099439348493,0.5114092237154839,102.18381284091589,100.13817594605396,0.009640793246108661,-0.00500223226583795,1.5172687772422473,99.43554220904328,-0.004451001938902466,-0.45244598388671875,69.93216652700153,2.691821083968293,-0.25514736448390435,9.16576657976423,7.078235500864613,6.51031806031503,8.391552336463596
906,2016-08-08,109.25,109.55999755859375,109.04000091552734,109.25,100.87476348876953,352200,-0.003193329058171157,21.34472049031887,0.000180792497146761,0.0047596946733767164,101.05151040213448,0.472000442598581,101.99551128733164,100.10750951693733,0.0028375062571510297,-0.0019221884162256865,1.5124236387668237,99.62743837967345,-0.003193329058171157,-0.32315826416015625,62.85513080832385,2.573167209710874,-0.6935884582403946,8.97190911429269,6.0837397906884405,6.562523215050249,7.628909046073452
907,2016-08-09,109.45999908447266,110.11000061035156,109.45999908447266,109.88999938964844,101.46570587158203,558600,0.005858178620446353,20.008531627478412,0.00015886561027293793,0.005938256270012262,101.08712768554688,0.4953451089320996,102.07781790341107,100.09643746768268,0.0020098777868008686,0.0,1.5212836865925052,99.87254071192793,0.005858178620446353,0.5909423828125,57.09598965351756,2.4980216326713247,-0.5932586714748697,8.858873639787946,6.401548799069423,4.999895856118963,6.7693289416700635
908,2016-08-10,110.30999755859375,110.4000015258789,109.20999908447266,109.48999786376953,101.09636688232422,840300,-0.003640037647057448,20.059408149446586,0.00015967454575638236,0.01078780226401648,101.05942971365792,0.4874518805760008,102.03433347480993,100.08452595250591,0.008249512122652392,-0.009971883768167102,1.515746156701454,100.03571753464743,-0.003640037647057448,-0.3693389892578125,70.2319252396294,2.381216470518112,-0.7232576728712828,9.032632010323661,5.592889753460472,5.020466330969397,6.046437803958659
909,2016-08-11,110.6500015258789,111.04000091552734,110.12000274658203,110.69000244140625,102.20436096191406,879600,0.010959781382446243,20.191442163745414,0.00016178346692534743,0.008314488533740713,101.2322246006557,0.6485033600626647,102.52923132078102,99.93521788053037,0.0031631131431953557,-0.004789866895509427,1.5323584032101851,100.32486999161632,0.010959781382446243,1.1079940795898438,73.08382129763447,2.350953076655742,-0.7290878470179671,9.138162340436663,5.5555442793138345,5.013027044075844,5.185767683912271
910,2016-08-12,110.94000244140625,111.12999725341797,109.98999786376953,110.2699966430664,101.81655883789062,540400,-0.0037943794215195004,19.710442552988695,0.00015416728001375679,0.010275819042374155,101.4722922188895,0.4582281116980807,102.38874844228567,100.55583599549334,0.0077519433155392075,-0.008563228382282309,1.526544054018652,100.52376183778624,-0.0037943794215195004,-0.3878021240234375,67.99603887676105,2.2695151704123475,-1.4380730784209947,9.130155290876116,4.5756993064306135,5.054304596645184,4.745077851343034
911,2016-08-15,111.27999877929688,111.58000183105469,110.79000091552734,110.83000183105469,102.33363342285156,329400,0.005078492053382178,18.7715953453213,0.00013983047293987609,0.00709921750712959,101.56990160260882,0.5632262202599392,102.69635404312871,100.44344916208894,0.006739755645464062,-0.0044032878248080375,1.5342965958661234,100.76507804912829,0.005078492053382178,0.5170745849609375,61.7044250978389,2.221095237307864,-1.5057892386324165,9.070909772600446,4.506966246021174,5.39281729192245,4.614049867570098
912,2016-08-16,110.83000183105469,110.94000244140625,107.01000213623047,107.94999694824219,99.67442321777344,1531000,-0.025985691274050926,21.039235815958367,0.0001756545411585337,0.03545971524178565,101.35225895472935,0.9152625938957517,103.18278414252086,99.52173376693784,0.026978304103269082,-0.03446719869812229,1.4944268382031192,100.61965740494765,-0.025985691274050926,-2.659210205078125,42.60799100425887,1.9457170370367578,-1.6051596079459232,9.008619035993304,3.7846584494034765,5.419296446271115,5.098664243300685
913,2016-08-17,105.30999755859375,105.79000091552734,104.7300033569336,105.44999694824219,97.36607360839844,2084100,-0.023158896082414282,21.20647250817696,0.00017845812549208926,0.010065497893530714,100.85101754324776,1.7761946553381713,104.40340685392411,97.29862823257142,0.0032286010366297884,-0.005507494208585956,1.4598175623544023,100.18584623207443,-0.023158896082414282,-2.308349609375,32.01239614504799,1.5236496231188141,-1.0750264801307132,8.799088069370814,2.3192340195691195,5.5629522044206166,6.928117935986233
914,2016-08-18,106.12000274658203,106.5199966430664,105.72000122070312,106.02999877929688,97.90160369873047,679500,0.00550017136858072,19.473529978449985,0.0001504834800879325,0.007538592175442136,100.34186008998326,2.058952639152872,104.459765368289,96.22395481167752,0.004617393998185826,-0.003769332034735456,1.4678468091142154,99.8812805609619,0.00550017136858072,0.5355300903320312,36.18169084771379,1.2183268459375824,-0.996846887484783,8.795164925711495,2.3400396840006668,4.043847797233555,8.140167413489076
915,2016-08-19,106.80000305175781,106.97000122070312,106.2699966430664,106.7300033569336,98.54794311523438,525400,0.006601928794679024,17.56020086686038,0.0001223653390811443,0.006554349790584556,99.97779955182757,2.1274708343537623,104.2327412205351,95.72285788312004,0.0022471709448661963,-0.004962606681149181,1.4775374292294843,99.7035022348649,0.006601928794679024,0.6463394165039062,39.088926583993775,1.0167896167453279,-0.9024907472687318,8.804792131696429,2.308097429316031,4.281146167101559,9.440570934631605
916,2016-08-22,106.9800033569336,107.3499984741211,106.5999984741211,107.16000366210938,98.94499206542969,486300,0.004028992768839723,17.598390511046933,0.0001228981541981374,0.007010655977432169,99.51217542375836,1.9038674541026068,103.31991033196358,95.70444051555315,0.0017759843526814097,-0.0035521113375238185,1.4834904168475398,99.60236754560687,0.004028992768839723,0.3970489501953125,41.90966304315096,0.8789761526730189,-0.844527383963566,8.84067153930664,2.5057118289638836,4.151411158935261,10.59212143364199
917,2016-08-23,108.66000366210938,109.13999938964844,108.20999908447266,108.48999786376953,100.17301177978516,723200,0.01241113560899998,17.88911024211326,0.00012699216875177816,0.008558809808876161,99.27738298688617,1.6577543569529505,102.59289170079207,95.96187427298027,0.005981975924648041,-0.004141400354044337,1.5019022175856864,99.6784534434973,0.01241113560899998,1.2280197143554688,50.141615209239404,0.8589475052980191,-0.6652543930286253,9.014943259102958,3.434868887268315,3.7356175163060654,10.332309904221383
918,2016-08-24,107.72000122070312,107.8499984741211,106.45999908447266,106.68000030517578,98.50177001953125,473600,-0.016683553090405923,17.240101951027512,0.0001179448870165961,0.012903818918461802,98.72997392926898,0.9705847946160858,100.67114351850115,96.7888043400368,0.010861475637640877,-0.011697011900778776,1.4768451522019972,99.52156232030184,-0.016683553090405923,-1.6712417602539062,38.06851856884556,0.7001485385275714,-0.909231346683106,8.842305319649833,2.2345933381096676,3.7939884586281543,11.499418912192144
919,2016-08-25,106.55999755859375,106.79000091552734,106.25,106.47000122070312,98.3078842163086,271700,-0.001968348418350363,16.98631387203217,0.0001144979599044413,0.005067576275331795,98.53475407191685,0.8823839658880477,100.29952200369294,96.76998614014076,0.003003000207918189,-0.0029091363147159682,1.473938206382512,99.35973857310275,-0.001968348418350363,-0.19388580322265625,38.82942238426837,0.5522878191366374,-0.937535849808931,8.79077638898577,2.248937096706435,3.2412764245582766,12.138464441412982
920,2016-08-26,106.7699966430664,107.9800033569336,105.52999877929688,106.30999755859375,98.1601333618164,870400,-0.0015029400303956386,16.843065348488366,0.00011257494060851149,0.02294656415347767,98.648191179548,0.7478925489278164,100.14397627740362,97.15240608169236,0.015641152485212643,-0.011613729537848179,1.47172296564981,99.1997912115979,-0.0015029400303956386,-0.1477508544921875,39.363175227258054,0.41836225493483425,-0.9591053224227398,8.884350912911552,2.8810399508258158,2.6337870424680134,12.245194360919486
921,2016-08-29,106.23999786376953,107.12000274658203,106.23999786376953,107.08000183105469,98.87113952636719,280400,0.007243329243757479,17.08606047588612,0.0001158466121371577,0.00828317865688327,98.7866962977818,0.6725680898426747,100.13183247746716,97.44156011809645,0.0003765146492061918,0.0,1.4823831396456109,99.15597098690047,0.007243329243757479,0.7110061645507812,39.928388867993256,0.36538559804647264,-0.8553087789290555,8.864681788853236,2.540435344696785,3.0194576585691197,12.245626903110061
922,2016-08-30,108.69999694824219,108.7300033569336,107.33000183105469,107.5199966430664,99.2773666381836,602800,0.004108652067351448,17.17054357096933,0.00011699506608037925,0.012879499219724182,98.89089965820312,0.6857882242791395,100.2624761067614,97.51932320964485,0.011131616815438694,-0.012603451293929908,1.4884737361969227,99.17215707373822,0.004108652067351448,0.40622711181640625,42.959152334152336,0.35212131341506847,-0.796005537716505,8.93072237287249,3.3900997691694137,3.0044954617373776,12.514917406824818
923,2016-08-31,106.83000183105469,106.94000244140625,105.9000015258789,106.55000305175781,98.38175964355469,346400,-0.009021260584932134,17.389734222136543,0.00012000113345894698,0.009735101541718997,98.81043788364956,0.7109631749964319,100.23236423364241,97.3885115336567,0.003650654151117571,-0.008705422533330306,1.4750458267488626,99.06677074971375,-0.009021260584932134,-0.8956069946289062,34.956421795227484,0.26627185650079355,-0.9267511135020265,8.767793927873884,3.4017067286541867,3.0147821964859287,12.600227272916243
924,2016-09-01,106.31999969482422,107.52999877929688,106.2699966430664,107.48999786376953,99.24967193603516,455400,0.008821882182479701,17.506975799721054,0.00012162468319524529,0.011851035927832185,98.67853219168526,0.4559490041921448,99.59043020006955,97.76663418330098,0.0003762313359872126,-0.0004703071096815166,1.4880585072461994,99.09115757455662,0.008821882182479701,0.8679122924804688,40.26603233054297,0.2652116175037236,-0.8000485608285636,8.78369413103376,3.6911351924076934,2.9923809481951524,12.896238568051285
925,2016-09-02,108.05000305175781,108.25,107.5,107.86000061035156,99.59132385253906,259200,0.003442348068657619,16.651742320035897,0.00011003195329082303,0.006941230715567283,98.83418273925781,0.5597158604216284,99.95361446010106,97.71475101841456,0.00360943432330697,-0.005090264102022761,1.493180922574668,99.15784641162095,0.003442348068657619,0.34165191650390625,39.460585098210316,0.2886128752470256,-0.8274847442801032,8.729185921805245,3.712792732239889,2.7845965958828116,13.47646303868333
926,2016-09-06,107.77999877929688,108.04000091552734,107.4800033569336,107.93000030517578,99.65593719482422,346300,0.0006487848517890971,16.60918750178415,0.00010947028153548506,0.005195746566489275,99.02676173618862,0.5799963543014507,100.18675444479152,97.86676902758572,0.001020603187951531,-0.002783405323445842,1.4941496757382149,99.22425851604805,0.0006487848517890971,0.06461334228515625,49.911254458337204,0.30881249907153574,-1.1505829312471563,8.71792221069336,3.4925960160385885,2.793002745236299,13.80744953364511
927,2016-09-07,108.01000213623047,108.30000305175781,106.05999755859375,106.33000183105469,98.17860412597656,992100,-0.014824335713782055,17.305209271461436,0.00011883740790836288,0.02073887092733131,99.02940041678292,0.5754204955312396,100.1802414078454,97.87855942572044,0.018239062880661818,-0.018053925924167876,1.471999899338433,99.08483793070519,-0.014824335713782055,-1.4773330688476562,54.238920695167074,0.20326925299666243,-2.036397066593402,8.898528507777623,3.6270122088454175,2.788770699098962,14.249322670785576
928,2016-09-08,104.13999938964844,104.73999786376953,103.63999938964844,104.08000183105469,96.10111236572266,919700,-0.021160330998271304,18.406368019276066,0.00013444221573850323,0.010562689461955519,98.63368225097656,1.254347560378664,101.14237737173389,96.12498713021924,0.0063375843727962195,-0.0048012291427927565,1.4408518942390096,98.68700785537419,-0.021160330998271304,-2.0774917602539062,41.908725358699435,-0.047463621560851266,-1.3707067316228694,8.713347843715123,3.3800389510177475,2.8294224262165035,14.086167264246615
929,2016-09-09,103.16000366210938,103.4800033569336,101.69999694824219,101.70999908447266,93.91277313232422,818200,-0.022771216477396106,19.700768901492737,0.00015401599020239005,0.017254811414331134,97.8673117501395,2.1292296696902397,102.12577108951999,93.60885241075903,0.017157853912630864,-0.014152836972062335,1.4080419438434268,98.0504432256342,-0.022771216477396106,-2.1883392333984375,31.705388400764377,-0.41793423282075537,-1.0466695242704906,8.592668805803571,3.2494940775549472,2.8536198844279417,14.13821509443802
930,2016-09-12,101.02999877929688,103.2699966430664,100.93000030517578,103.13999938964844,95.23314666748047,502100,0.014059573486301158,20.012838750843613,0.00015893401383621717,0.02316140122897971,97.41750989641461,2.3259274498607887,102.0693647961362,92.76565499669303,0.0012867193406777301,-0.0009897899171467228,1.4278384130246877,97.67480368454703,0.014059573486301158,1.32037353515625,36.344928510844206,-0.5980972589769209,-0.6938921160746064,8.632323673793248,3.2600051881652594,2.3608845333588757,14.655488834867842
931,2016-09-13,102.5,102.9800033569336,101.47000122070312,101.73999786376953,93.94048309326172,516200,-0.013573672817220439,20.3286038202887,0.00016398894177867293,0.014731728158346037,96.65905434744698,2.488833224765972,101.63672079697892,91.68138789791504,0.012097614567454269,-0.010048768578506097,1.4084574015704314,97.17689427237566,-0.013573672817220439,-1.29266357421875,27.18041802705355,-0.8355531656298183,-0.8960915996486567,8.45745577130999,3.231373627451242,2.676154762006123,14.86637255323527
932,2016-09-14,100.9800033569336,102.29000091552734,100.83000183105469,101.9800033569336,94.1620864868164,1069200,0.002358976516383171,20.201256676025725,0.00016194078225820375,0.014458299028887964,95.88344900948661,2.258002195482194,100.399453400451,91.36744461852223,0.0030698905554400004,-0.001485457723235525,1.4117799195050622,96.77491990096776,0.002358976516383171,0.2216033935546875,32.22382299170273,-0.9943943811497462,-0.8440397539665601,8.505493709019252,3.2569418563559696,2.2496384906784628,15.311350397765167
933,2016-09-15,102.31999969482422,103.8499984741211,102.0999984741211,103.63999938964844,95.69482421875,1072000,0.016277652600106718,19.67159902935699,0.00015356024141738035,0.017103205680409343,95.31757572719029,1.5358964641030366,98.38936865539637,92.24578279898421,0.002052375733961998,-0.002150129215786673,1.4347603825825723,96.63090714333873,0.016277652600106718,1.5327377319335938,40.354374282912524,-0.9852408206062648,-0.6500223570188968,8.605470929827009,4.105089433956067,2.2361045915495192,15.869137815473911
934,2016-09-16,102.04000091552734,102.48999786376953,101.37000274658203,102.19999694824219,94.36521911621094,1040000,-0.013894221692697828,18.6428717016389,0.00013791931162054287,0.010976039858277492,94.77280644008091,0.8942363849710057,96.56127921002293,92.9843336701389,0.0028420316829222466,-0.006566034525028698,1.4148255037510702,96.32881540638836,-0.013894221692697828,-1.3296051025390625,37.11593783203709,-1.072906776273527,-0.8183267678704046,8.399974822998047,4.089629729312545,2.2276834555198315,15.3130038310321
935,2016-09-19,103.22000122070312,104.18000030517578,103.19999694824219,103.33999633789062,95.41781616210938,550000,0.011154502217624929,19.006812465326053,0.00014335671432225133,0.009494316463319628,94.67519269670758,0.7508766079706263,96.17694591264883,93.17343948076633,0.008137996099119154,-0.0001938022885522422,1.4306071779702139,96.2073488404845,0.011154502217624929,1.0525970458984375,38.54144515799771,-1.0453962162115573,-0.6850866612134212,8.46103995186942,4.074707542066043,2.683341114350967,15.022484433301377
936,2016-09-20,104.69999694824219,105.27999877929688,104.31999969482422,104.87999725341797,96.83975982666016,773900,0.014902286823825328,19.64052551899461,0.00015307549311995163,0.009169045964225062,95.0933336530413,1.0216871940370484,97.1367080411154,93.0499592649672,0.00382045403570207,-0.0036293912559120524,1.4519264964685492,96.29167030530792,0.014902286823825328,1.4219436645507812,42.4224845177742,-0.8984976079799054,-0.5341688557339946,8.46127700805664,4.056927188358726,2.9849761611579537,14.321483625737832
937,2016-09-21,105.69000244140625,106.87000274658203,105.41000366210938,106.70999908447266,98.52946472167969,832500,0.017448462264301856,20.580382222340678,0.0001680762430228713,0.013813975312206742,95.56423623221261,1.658225592971795,98.8806874181562,92.24778504626902,0.0015138959070237494,-0.002649245650761568,1.4772603811527207,96.59004289415749,0.017448462264301856,1.6897048950195312,50.437552094916256,-0.638375543147518,-0.30797011157094006,8.630391802106585,4.690423484907217,2.964957996695692,14.217596471207788
938,2016-09-22,109.04000091552734,109.55999755859375,108.69000244140625,108.79000091552734,100.45002746582031,579500,0.019492268120665512,21.258658167000544,0.00017933751867515015,0.0079786785572524,96.49417114257812,2.297796113041424,101.08976336866097,91.89857891649528,0.0070615979145388875,-0.0032098172338813125,1.506055536586186,97.10470750371253,0.019492268120665512,1.920562744140625,53.347110409351046,-0.2740939852061075,-0.043525149048553737,8.76484135219029,3.6961615762835893,4.734345514326053,14.604279872552533
939,2016-09-23,108.76000213623047,109.26000213623047,108.41999816894531,108.56999969482422,100.24689483642578,664700,-0.0020222257227719975,20.37849507526441,0.00016479486568752992,0.007723464056510271,97.36342947823661,2.416410828915276,102.19625113606716,92.53060782040606,0.006344266530465562,-0.003126185735628016,1.5030099523401783,97.52366581474097,-0.0020222257227719975,-0.20313262939453125,51.84224687784745,-0.0017689403295690909,-0.06679350286386462,8.751244681222099,3.6735384960076973,4.705368026082127,13.95894221660654
940,2016-09-26,108.48999786376953,109.16000366210938,108.27999877929688,108.7699966430664,100.43156433105469,663300,0.0018421467810074699,20.353291867791057,0.0001643874959744004,0.008111391834641924,98.04010663713727,2.5317389243377044,103.10358448581268,92.97662878846187,0.003594866132569189,-0.0019356538723168865,1.505778717285704,97.91138561691614,0.0018421467810074699,0.18466949462890625,52.16501317582259,0.22634276608631865,-0.045640056700499365,8.784418378557477,3.6611792588191534,4.689537306040146,13.684652398785337
941,2016-09-27,107.95999908447266,109.80000305175781,107.83999633789062,109.62000274658203,101.21638488769531,591600,0.007814481053522115,20.4589903315059,0.00016609931959708383,0.01815493451730758,99.01884460449219,2.1731950770832813,103.36523475865874,94.67245445032563,0.001667287020213302,-0.0011115482363809194,1.51754559654273,98.35205218635336,0.007814481053522115,0.784820556640625,58.82037595277463,0.46509012729988797,0.04307502832316648,8.836159297398158,3.3705639662848146,4.697217449679561,14.254196408852962
942,2016-09-28,109.27999877929688,110.04000091552734,108.87000274658203,109.86000061035156,101.43800354003906,316300,0.0021895531300555326,20.356133471855873,0.0001644334007634962,0.010706425530881036,99.87887137276786,1.635240190098792,103.14935175296544,96.60839099257028,0.0016471477597589648,-0.003751793899109355,1.520868343253642,98.7635123668448,0.0021895531300555326,0.22161865234375,67.36774886175112,0.664521711602319,0.06601539298841178,8.99774660382952,3.373042481436017,4.873375235864896,14.71029529199162
943,2016-09-29,109.2699966430664,109.73999786376953,107.55000305175781,108.7300033569336,100.39462280273438,551900,-0.010285895826930846,20.7134586624563,0.00017025689276241492,0.020042050693617204,100.38670894077846,0.9370672739397421,102.26084348865794,98.51257439289898,0.009243109159553776,-0.015740767311698583,1.5052248499084582,98.98099375829673,-0.010285895826930846,-1.0433807373046875,72.79225353813004,0.7299659799562477,-0.047272429055321814,9.063682556152344,2.5253650797170426,4.914669365044505,15.95239036284345
944,2016-09-30,109.19000244140625,110.13999938964844,109.0199966430664,109.58000183105469,101.1794662475586,338000,0.007817584477271877,20.547156791723648,0.0001675339889776487,0.010257374498943246,100.76528058733258,0.4906565452513377,101.74659367783526,99.7839674968299,0.005128652313147964,-0.0015569722001890474,1.5169920723299064,99.27412342353165,0.007817584477271877,0.7848434448242188,71.727455906475,0.835529872641672,0.03753646704035139,9.091407775878906,2.497059609192233,5.6506744278914685,17.508355218252394
945,2016-10-03,109.36000061035156,109.61000061035156,108.54000091552734,108.93000030517578,100.57929992675781,416800,-0.005931700799175377,20.512726476315898,0.00016697299503656778,0.009784196130691472,100.78374808175224,0.4791102881768622,101.74196865810596,99.82552750539851,0.006217998366684493,-0.0074981683453520485,1.5079937292421244,99.44814695729514,-0.005931700799175377,-0.6001663208007812,75.55084046518483,0.8608384026003648,-0.0269282459763333,9.14024189540318,2.187998409828562,5.672584195517719,19.12144935543051
946,2016-10-04,109.38999938964844,109.8499984741211,108.61000061035156,108.95999908447266,100.60697937011719,324300,0.0002752001990422581,20.488966608442045,0.00016658640979438593,0.011335568796857239,100.83518872942243,0.4285232001086188,101.69223512963967,99.97814232920518,0.008136021524949912,-0.007130439561650516,1.5084087294165662,99.60265794567141,0.0002752001990422581,0.027679443359375,75.1803547060342,0.8730649454559227,-0.08700383905712131,9.206040518624443,2.314275938817564,5.000775199445626,20.190018904762752
947,2016-10-05,109.0999984741211,109.30000305175781,108.70999908447266,108.80999755859375,100.46849822998047,280100,-0.0013764565938041429,20.499903394608328,0.00016676430126518792,0.005407919115829386,100.84046500069755,0.42291590817822594,101.686296817054,99.9946331843411,0.00449134280492491,-0.003574696563730445,1.506332470274809,99.71810331691262,-0.0013764565938041429,-0.13848114013671875,70.93128048809045,0.861647759073108,-0.10279416894809139,9.134977068219866,2.3112293970159072,5.048066093961938,21.430911450981576
948,2016-10-06,108.2699966430664,108.98999786376953,107.80999755859375,108.73999786376953,100.40386962890625,473500,-0.0006432722914427869,19.741713359660988,0.00015465684379960978,0.010898682384427212,100.72439139229911,0.41395156149883683,101.55229451529678,99.89648826930144,0.0023090422808839163,-0.004248629340861022,1.5053634883349807,99.80953882517844,-0.0006432722914427869,-0.06462860107421875,79.78158360913821,0.8377277644245424,-0.402900048370784,9.25828606741769,2.1725883773390584,5.051401651014162,22.70640828796099
949,2016-10-07,107.04000091552734,107.16999816894531,105.36000061035156,106.37999725341797,98.22476959228516,861900,-0.021703347138661844,19.81974845234907,0.00015588191615650515,0.01690954356420591,100.2653579711914,0.9391503647313193,102.14365870065404,98.38705724172877,0.007380427025134165,-0.015695069981376267,1.4726920619777797,99.59823626079267,-0.021703347138661844,-2.1791000366210938,62.45903293687534,0.6356089307736994,-1.0472904505406777,9.040525163922991,2.1701930626295973,5.045832396937193,24.18180625346978
950,2016-10-10,107.62999725341797,107.73999786376953,106.98999786376953,106.98999786376953,98.78800201416016,686400,0.005734118025553903,17.85330894506222,0.0001264843810666025,0.006968317561451787,100.0358407156808,1.0869793373160155,102.20979939031284,97.86188204104877,0.006968317561451787,-0.005946291981607509,1.4811366520764566,99.49020502790835,0.005734118025553903,0.563232421875,59.36112931819482,0.5149405342934301,-1.3748954549227164,9.015742710658483,2.145510293672763,5.85622928292141,26.08120977031622
951,2016-10-11,105.61000061035156,105.63999938964844,102.41000366210938,102.70999908447266,94.83613586425781,959100,-0.04000350315148482,22.619157396457947,0.00020302630211338802,0.030584184346860693,99.12965066092355,2.124065785071707,103.37778223106696,94.88151909078013,0.027743587617104812,-0.03030013189800639,1.4218859973473363,98.86966247275494,-0.04000350315148482,-3.9518661499023438,35.42281462066772,0.0992829178646133,-0.9798023265224747,8.788725171770368,2.174512736369991,5.935392246949427,27.527773947589882
952,2016-10-12,102.30999755859375,102.66999816894531,101.41999816894531,102.58000183105469,94.7160873413086,794500,-0.0012658521127542066,22.09114352247521,0.0001936581833851579,0.012217769815546276,98.29204886300224,2.567000634171552,103.42605013134533,93.15804759465914,0.0008796436324718255,-0.008699046142961032,1.4200860999534985,98.31585245522876,-0.0012658521127542066,-0.12004852294921875,23.619271197875378,-0.23708270843727064,-0.7687970056380518,8.560391562325615,2.173492355188531,5.6413693174657125,29.193341276760655
953,2016-10-13,100.58999633789062,100.6500015258789,100.04000091552734,100.38999938964844,92.69397735595703,1161200,-0.021349171424965063,23.329607439520345,0.0002159803901913185,0.006064227384028497,97.16162000383649,3.0705962787054597,103.3028125612474,91.02042744642557,0.0025847713062549355,-0.005467695023228735,1.3897684383673812,97.5662691086592,-0.021349171424965063,-2.0221099853515625,20.232803163698293,-0.6592231528507,-0.727329175186788,8.354958670479911,2.2021824627947604,5.71583541456433,30.43537413122602
954,2016-10-14,101.58000183105469,102.11000061035156,100.94999694824219,101.12000274658203,93.36801147460938,331200,0.0072716063964324285,22.706809338347338,0.00020460285330478465,0.011419606627283429,96.1472647530692,2.9671809035953003,102.08162656025979,90.2129029458786,0.009745991788975067,-0.006202056226188185,1.3998742874333734,97.00650142411922,0.0072716063964324285,0.6740341186523438,23.195402911165345,-0.9286783502296885,-0.6605931137527788,8.390881129673549,2.150733961716482,5.724340232766088,31.192754815532197
955,2016-10-17,100.62000274658203,101.33999633789062,100.51000213623047,101.16000366210938,93.40496826171875,399000,0.00039581850920566986,22.224615188654777,0.00019600536519197783,0.008248799234785853,95.14742170061383,2.4231067234246257,99.99363514746308,90.30120825376459,0.0017888359259398269,-0.0010932280595201945,1.4004283835869007,96.52629700246582,0.00039581850920566986,0.036956787109375,18.57368589708173,-1.1262586232759588,-0.656934025367363,8.291134425571986,2.136971389326158,5.687710111029685,31.950135499838368
956,2016-10-18,102.51000213623047,102.58000183105469,101.83000183105469,102.33000183105469,94.48526763916016,955700,0.011565759268976183,22.251977770245563,0.0001964882994791676,0.00731635922710536,94.6132071358817,2.008289434035655,98.629786003953,90.59662826781039,0.00243878640903512,-0.006633502009609718,1.4166254011449082,96.25415975402507,0.011565759268976183,1.0802993774414062,23.835981099388974,-1.1820453982795414,-0.5499736748079621,8.316235678536552,2.1444311847294046,5.429282973762666,33.035061961552
957,2016-10-19,104.75,104.75,103.19999694824219,104.08999633789062,96.11032104492188,1109900,0.017199013627900328,22.463847443404546,0.00020024779442879068,0.014797165171912291,94.23068128313336,1.1537991080159877,96.53827949916534,91.92308306710139,0.006300750950924821,-0.014797165171912291,1.4409899607248293,96.23498125947798,0.017199013627900328,1.6250534057617188,34.55383843518328,-1.0826484927853528,-0.3890772736921063,8.456431252615792,3.321210157547285,4.8075858638411795,33.18091197999488
958,2016-10-20,102.5199966430664,103.62000274658203,102.47000122070312,103.58000183105469,95.63944244384766,739900,-0.004899355198846211,21.559391225955636,0.00018444736112452868,0.011217338700105026,94.34543936593192,1.259190290432064,96.86381994679606,91.82705878506779,0.0003901767151496398,-0.000487665079987715,1.4339300390692669,96.1555760840606,-0.004899355198846211,-0.47087860107421875,29.56394727066001,-1.0299985151444275,-0.4485789568647458,8.296738760811943,2.489682374222677,4.874480644054019,33.64970170834488
959,2016-10-21,103.47000122070312,105.31999969482422,103.4000015258789,105.26000213623047,97.19062805175781,1638300,0.016219099236393975,21.1877278998432,0.00017814278315785454,0.01855608530292685,94.69894518171039,1.6631453799396214,98.02523594158963,91.37265442183114,0.0005798546234263037,-0.0006765216391068587,1.4571870926709776,96.2935830130869,0.016219099236393975,1.5511856079101562,38.319398802485914,-0.8532693557902462,-0.2904560217013943,8.386026109967913,3.453882615787915,3.086805005396241,33.33054023125571
960,2016-10-24,104.91999816894531,105.41999816894531,104.7699966430664,105.27999877929688,97.2091064453125,971000,0.00019012526130457452,21.19450126482149,0.00017825669994623786,0.006195210991447544,95.34396362304688,1.631205453451572,98.60637452995002,92.08155271614373,0.0013343441869204601,-0.0014296752620731972,1.4574641407477413,96.41565280405032,0.00019012526130457452,0.0184783935546875,38.28024921239578,-0.7036084120150576,-0.3057120752854637,8.3116455078125,3.465072079736726,3.861239775303045,33.001628603730474
961,2016-10-25,104.68000030517578,105.13999938964844,104.12999725341797,104.54000091552734,96.52584075927734,567100,-0.007028823852213373,21.24737503419852,0.00017914720073169916,0.009648472805559692,95.79508209228516,1.416149647661785,98.62738138760872,92.96278279696159,0.0057317393233846554,-0.00525413689486413,1.4472198820315079,96.43034453141392,-0.007028823852213373,-0.6832656860351562,36.893752485452495,-0.6328398821653423,-0.3926437267601744,8.257207598005023,3.4841674127639743,3.882518310845969,32.672716976205244
962,2016-10-26,104.47000122070312,104.7300033569336,103.7300033569336,103.8499984741211,95.88873291015625,376200,-0.006600386426158789,21.010899692110094,0.00017518170867932996,0.009572125857330105,96.14990561349052,0.952864731713006,98.05563507691653,94.2441761500645,0.00842351749334628,-0.007083352686157371,1.43766767156648,96.35812964857956,-0.006600386426158789,-0.6371078491210938,35.541028913642165,-0.6210060204504089,-0.5391259286562153,8.234540666852679,3.1456385809618355,3.9080467198874924,32.40437433812074
963,2016-10-27,105.18000030517578,105.2699966430664,103.86000061035156,104.05000305175781,96.07339477539062,606800,0.0019257931524383487,21.003699821507176,0.00017506166912380165,0.013405552658526276,96.3767809186663,0.6221246761072091,97.62103027088072,95.13253156645187,0.011599102374679869,-0.012549911494526429,1.4404363221238647,96.32016499882104,0.0019257931524383487,0.184661865234375,42.10167201372701,-0.5899266236413752,-0.5151438587313005,8.421336037772042,3.4397655326944547,3.3159104704344786,31.625307508591618
964,2016-10-28,104.86000061035156,105.94999694824219,104.69000244140625,105.45999908447266,97.37531280517578,915500,0.013551285793834023,21.507424190402595,0.00018355924416901364,0.012015968906179402,96.55749402727399,0.7094245492452361,97.97634312576446,95.13864492878352,0.004672876796847545,-0.0016211917600211288,1.4599560863927843,96.46085137300167,0.013551285793834023,1.3019180297851562,45.0804340687194,-0.4549971494218994,-0.45087815551840543,8.44714845929827,3.409541178960424,3.7499384271555893,30.32246659616454
965,2016-10-31,105.51000213623047,106.36000061035156,104.94000244140625,105.62000274658203,97.52304077148438,794000,0.0015170987599717467,21.278018703817015,0.000179664317444439,0.013458422331485363,96.82657950265067,0.6585732053011641,98.14372591325301,95.50943309204834,0.007013532828992595,-0.005402328530789498,1.462170983961064,96.6024766261327,0.0015170987599717467,0.14772796630859375,62.72965044408364,-0.33231345408091784,-0.3982532065791459,8.599483489990234,3.6538446245102447,2.942130172586511,28.99316713291917
966,2016-11-01,105.6500015258789,105.68000030517578,103.29000091552734,103.88999938964844,95.92566680908203,936100,-0.016379451971204495,21.842327293339135,0.00018932034190053461,0.022621858543589404,96.64587075369698,0.7133062423357611,98.0724832383685,95.21925826902546,0.016942743868194683,-0.02233791364189883,1.4382214245555849,96.5122353171926,-0.016379451971204495,-1.5973739624023438,55.02690664289057,-0.35983254499879536,-0.6510022634676325,8.622561863490514,3.659455049562203,2.946647770493022,27.396036958861004
967,2016-11-02,104.01000213623047,104.7300033569336,103.66999816894531,104.02999877929688,96.05492401123047,564400,0.0013474725425228762,21.860554219649153,0.00018963644078976984,0.010191377427335354,96.48098754882812,0.694563781750608,97.87011511232934,95.0918599853269,0.006730165976920807,-0.003268954526506259,1.4401593884352417,96.45126047639765,0.0013474725425228762,0.1292572021484375,66.57565956319601,-0.3669813146918415,-0.7615520148779753,8.827592032296318,3.5340025345456016,3.168220643284452,25.907083694918942
968,2016-11-03,103.3499984741211,103.5999984741211,101.77999877929688,101.77999877929688,93.9774169921875,707000,-0.02162832400762793,22.876873447848087,0.00020767910267811764,0.017610060200242264,96.11692701067243,1.171365746682958,98.45965850403834,93.77419551730651,0.017610060200242264,-0.015191095481412587,1.409011154559537,96.12141467850296,-0.02162832400762793,-2.0775070190429688,52.64002273944169,-0.534127135033799,-1.1166815124724332,8.69395283290318,3.5569805220410187,3.132181294167545,24.438594119915056
969,2016-11-04,102.22000122070312,103.01000213623047,101.4800033569336,102.48999786376953,94.63298797607422,791600,0.006975835310957912,23.129791153485147,0.00021229652333485684,0.014967704568829497,95.93753487723214,1.301109656096461,98.53975418942505,93.33531556503922,0.005087108846126862,-0.0072392668257927565,1.4188401843250469,95.92295778484579,0.006975835310957912,0.6555709838867188,55.04930443015221,-0.6066986578402833,-1.403077711993321,8.769709995814733,3.546713555691388,3.123140479985715,22.84334758696112
970,2016-11-07,103.80000305175781,104.76000213623047,103.5999984741211,104.75,96.71974182128906,413000,0.022051019309909492,23.56537745695225,0.00022036786297167962,0.011175372138775008,96.02987016950335,1.3348549965655647,98.69958016263449,93.36016017637222,9.635969110214172e-05,-0.0019268263175001106,1.450127056627274,96.02919565637157,0.022051019309909492,2.0867538452148438,58.48529746649507,-0.49017804950526056,-0.9754639784500752,8.837708609444755,3.4806471298829975,4.239958641439276,21.414020564579918
971,2016-11-08,103.58999633789062,105.22000122070312,103.52999877929688,104.80999755859375,96.77513885498047,516600,0.000572758287483488,23.457352534430097,0.00021835213806529105,0.016314340198389305,95.94413103376117,1.250651716973939,98.44543446770905,93.44282759981328,0.003957946487149415,-0.0005791829396156122,1.4509576289168613,96.12865474951943,0.000572758287483488,0.05539703369140625,52.86631452982232,-0.3888817633698807,-0.9641121208947033,8.71167482648577,3.756731975214237,3.355418098791457,19.474437158690158
972,2016-11-09,102.33000183105469,103.81999969482422,102.33000183105469,103.66999816894531,95.72252655029297,495700,-0.010876887567837668,19.10104689038617,0.00014478174297965504,0.014560713740917308,95.6869147164481,1.0390547990834762,97.76502431461505,93.60880511828115,0.0014658606781475147,0.0,1.4351757259214364,96.0745043229559,-0.010876887567837668,-1.0526123046875,50.34110086938436,-0.3890559479583402,-1.1798114850593546,8.678473336356026,3.7526978951691894,3.3518149604029768,17.5348537528004
973,2016-11-10,102.77999877929688,103.41000366210938,100.70999908447266,101.4000015258789,93.62655639648438,934900,-0.0218963104019968,20.61958591942489,0.00016871719186053357,0.026269747126914586,95.3584703717913,1.2852206869598757,97.92891174571105,92.78802899787155,0.01955635493386819,-0.020140102348796502,1.4037506727452496,95.74811126609303,-0.0218963104019968,-2.0959701538085938,35.99425079210509,-0.5519586296581451,-1.2537063318556168,8.536110469273158,3.7557590070508913,3.3545490682067953,15.690436670893897
974,2016-11-11,99.69999694824219,100.51000213623047,98.72000122070312,100.25,92.5647201538086,1212200,-0.011341186555865357,19.609428692887214,0.00015259114827834445,0.01795387131713351,94.85986982073102,1.6067839684239122,98.07343775757884,91.6463018838832,0.002607844976820261,-0.009829445913100811,1.3878304744877241,95.32365911778844,-0.011341186555865357,-1.0618362426757812,33.1321285058214,-0.7580036944550983,-0.8056651254755889,8.43997301374163,3.735991417179859,3.3368931562970916,13.846019588987396
975,2016-11-14,98.94000244140625,99.7699966430664,98.70999908447266,99.19999694824219,91.59519958496094,687800,-0.010473975044019701,19.744079483919254,0.00015469391851877804,0.010713538836038502,94.51955304827008,2.0231645402477554,98.5658821287656,90.47322396777457,0.005761064086912481,-0.0023246750683052105,1.3732943727326097,94.8265311800781,-0.010473975044019701,-0.9695205688476562,32.45724851966604,-0.9881374664467728,-0.9300389647561935,8.388143266950335,2.9630202076163674,3.3782914763916234,11.996970324340493
976,2016-11-15,99.12000274658203,100.27999877929688,98.75,100.0199966430664,92.35234832763672,491100,0.008266249171426043,19.992760781496514,0.00015861527129608913,0.015435822607961279,94.19374738420758,2.1794506970273693,98.55264877826232,89.83484599015284,0.0026231046108343096,-0.003732876678060727,1.3846463662033346,94.49664013308592,0.008266249171426043,0.7571487426757812,37.524445327248436,-1.0967815480336753,-0.8310652926445671,8.422474452427455,3.23627706133526,3.364831596799484,9.928816474052399
977,2016-11-16,99.19999694824219,100.7699966430664,99.1500015258789,100.69999694824219,92.98020935058594,1036300,0.006798538795372844,19.697356958613156,0.00015396264728374033,0.016330596441779487,93.65952845982143,1.8971175369189188,97.45376353365927,89.86529338598359,0.0007056421066297133,-0.0005039861280375489,1.39405993824184,94.29444936208593,0.006798538795372844,0.6278610229492188,39.418824850924516,-1.1193168403461726,-0.7489919726817865,8.35364477975028,3.5250809204932545,2.6381952265409794,8.54872597817443
978,2016-11-17,101.23999786376953,102.8499984741211,101.19000244140625,102.55999755859375,94.69762420654297,1344700,0.0184707570347733,19.84724972551962,0.00015631481018537236,0.016396642312740524,93.36274065290179,1.434594212190143,96.23192907728208,90.49355222852151,0.002864489546093971,-0.0004938307330918363,1.419809280653016,94.34820600801353,0.0184707570347733,1.7174148559570312,41.093343646651114,-0.9872151937870655,-0.5244933434792625,8.353158133370536,3.482284080660864,2.644056817711644,8.329537206664376
979,2016-11-18,103.58000183105469,104.75,103.37999725341797,104.58999633789062,96.57200622558594,1914300,0.019793337317046023,20.988498405363174,0.0001748083592507667,0.013226517883409478,93.48409489222935,1.6820657635066274,96.84822641924261,90.1199633652161,0.0015447350770504016,-0.0019309188463130019,1.4479120446708535,94.64471270368986,0.019793337317046023,1.8743820190429688,47.16254875752532,-0.7229430852055714,-0.3067421068071263,8.429421561104911,3.4331747587868215,3.821411862996466,7.042288430148739
980,2016-11-21,104.08999633789062,105.11000061035156,104.0199966430664,105.08999633789062,97.03367614746094,1408200,0.004780577104265271,20.274081207260405,0.0001631104638089639,0.010471745658889751,93.97082628522601,2.1562680361125706,98.28336235745115,89.65829021300087,0.00019218246867836218,-0.0006724920481022018,1.454833899840597,94.96324116285935,0.004780577104265271,0.461669921875,53.54610604451281,-0.4708252504100301,-0.2574995986072551,8.45663833618164,2.5061822765512116,4.2030111849487595,7.979378133965053
981,2016-11-22,105.44999694824219,105.61000061035156,104.80000305175781,105.31999969482422,97.24604797363281,876300,0.0021886404246824753,20.288248730738193,0.00016333850657154742,0.007681342646138904,94.63958740234375,2.363479204280048,99.36654581090384,89.91262899378366,0.0027501273012808555,-0.006164001093365704,1.4580180081249865,95.26761540429581,0.0021886404246824753,0.212371826171875,53.7919352731127,-0.25099016008745423,-0.21216678073898962,8.44035175868443,2.5013381970004493,3.866209881822987,8.742584963356066
982,2016-11-23,104.4800033569336,105.3499984741211,104.25,105.0999984741211,97.04290771484375,432300,-0.002088930738287087,20.14130334831285,0.00016098099228918967,0.010528315838229677,95.41783142089844,2.0730094375616885,99.56385029602181,91.27181254577506,0.0023928023733491705,-0.002201410313395918,1.454972309490838,95.5043210457022,-0.002088930738287087,-0.2031402587890625,61.08143558922458,-0.09209932466590942,-0.24160739144424406,8.480271475655693,2.4989290085874214,3.862486103862537,9.50579179274708
983,2016-11-25,103.98999786376953,104.45999908447266,103.7699966430664,104.13999938964844,96.15650177001953,251900,-0.009134165140938344,20.269888215099897,0.0001630430032748592,0.006635277003372737,95.96128191266742,1.5740228185495935,99.1093275497666,92.81323627556823,0.0030772160919113525,-0.0021155998194300777,1.4416823521404563,95.59127847561118,-0.009134165140938344,-0.8864059448242188,55.41694381178799,-0.03727308368439708,-0.37007199272001123,8.364879063197545,2.509923682093137,3.8794800934822495,10.011799313173729
984,2016-11-28,103.30000305175781,103.91000366210938,103.22000122070312,103.62999725341797,95.68558502197266,453200,-0.0048973989213249025,20.334839583485405,0.0001640895638436843,0.006679597492950011,96.34776415143695,0.9136850760193158,98.17513430347557,94.52039399939832,0.0027106137504285532,-0.0007744610715510153,1.4346218585441903,95.60385268179272,-0.0048973989213249025,-0.470916748046875,45.845641216446914,-0.03145929548114168,-0.43832078169211086,8.195342472621373,2.228341869353018,3.9151045799422675,11.231939584469595
985,2016-11-29,102.87999725341797,104.01000213623047,102.70999908447266,103.79000091552734,95.83332824707031,1194200,0.0015440489292481985,19.73465222289136,0.00015454622950732952,0.012636110871538955,96.510007585798,0.6280053671289413,97.76601832005588,95.25399685154011,0.0021384256082473403,-0.0016523928215760588,1.4368369848887514,95.63444942382974,0.0015440489292481985,0.14774322509765625,46.244472960631235,-0.014760038385546181,-0.4169087248188572,8.182782309395927,2.304937716895802,3.477319175269263,11.971034930897742
986,2016-11-30,103.7699966430664,103.81999969482422,102.93000030517578,103.12999725341797,95.22392272949219,434200,-0.006359014433966026,19.81230435291395,0.00015576484276686218,0.008576654316658924,96.31742422921317,0.7912960285196339,97.90001628625244,94.73483217217391,0.006649344355089693,-0.008094790065185485,1.4277001177625877,95.5797125312514,-0.006359014433966026,-0.609405517578125,47.93893601628339,-0.050121914845263404,-0.5052283455164048,8.250054495675224,2.0834301317145036,3.6231051826057064,12.742024224036403
987,2016-12-01,102.66999816894531,102.73999786376953,99.68000030517578,99.98999786376953,92.32465362548828,837900,-0.030446856429555247,21.692791687886086,0.00018673698857699176,0.029804203887862833,95.64470672607422,1.6339244596407936,98.91255564535581,92.37685780679263,0.026784845125591858,-0.02912241080251542,1.384231137252611,95.14570467714965,-0.030446856429555247,-2.8992691040039062,44.95350767045068,-0.3085366250422652,-0.9254121807126737,8.237811497279576,2.091100783973233,3.636444521194276,13.513013517175064
988,2016-12-02,99.01000213623047,100.30000305175781,98.83999633789062,99.77999877929688,92.13074493408203,701100,-0.0021002915666797906,21.663999043348372,0.00018624160894849153,0.01474605274584608,94.91394914899554,1.917630572178308,98.74921029335216,91.07868800463892,0.005252037786500094,-0.0017170568091285192,1.3813238482687038,94.74371004474064,-0.0021002915666797906,-0.19390869140625,48.196452895085955,-0.5229507052798112,-0.9535148833974461,8.315804617745536,2.1011069938120435,3.434500631144176,14.400154217310336
989,2016-12-05,102.29000091552734,103.0199966430664,101.69000244140625,102.91999816894531,95.03002166748047,818600,0.03146915544287432,23.31546920865342,0.00021571869223002585,0.013002191707462061,94.62639399937221,1.6815684431527005,97.98953088567761,91.26325711306681,0.000977597743924883,-0.005865661049476202,1.424792943166821,94.78188492777262,0.03146915544287432,2.8992767333984375,62.30156539891851,-0.4536980577272516,-0.5422708457060749,8.578945704868861,2.0613163655433513,4.98340476622217,16.072942840036895
990,2016-12-06,101.88999938964844,102.9000015258789,101.79000091552734,102.70999908447266,94.83613586425781,399900,-0.002040258434340747,23.21540301495656,0.00021387100680430706,0.010894107537548317,94.43777029854911,1.5502550397997348,97.53828037814858,91.33726021894964,0.0018647800818963728,-0.0009814356140947543,1.4218859973473357,94.78911838597065,-0.002040258434340747,-0.19388580322265625,59.26948840498913,-0.40973661095337377,-0.5914118089880296,8.520744323730469,2.0749775715479366,5.073435892725457,17.76795367807204
991,2016-12-07,101.9800033569336,103.91999816894531,101.83000183105469,103.55000305175781,95.61174011230469,566600,0.008178361981734827,22.037992378275494,0.00019272742383528898,0.020494177967180137,94.4272210257394,1.5405696273384233,97.50836028041624,91.34608177106256,0.003628114385253588,-0.0014708915565916942,1.4335146957304021,94.8988012828152,0.008178361981734827,0.775604248046875,59.71374692889916,-0.3087529549649304,-0.47684699974531136,8.568331037248884,2.6723163782483916,3.888055278025557,18.18208156639644
992,2016-12-08,103.19000244140625,103.7300033569336,102.6500015258789,103.11000061035156,95.20545196533203,478800,-0.0042493541744500485,22.07288713798393,0.00019333823278022854,0.010466147935871388,94.3375244140625,1.4612960093983884,97.26011643285928,91.41493239526572,0.006008360615497452,-0.005233073967935694,1.4274231840739646,94.93968804048411,-0.0042493541744500485,-0.40628814697265625,52.07543169303492,-0.25852660424857277,-0.536859982104179,8.443222045898438,2.413813469854561,4.367859626974436,19.285461446631132
993,2016-12-09,102.91999816894531,103.11000061035156,102.08999633789062,102.66000366210938,94.78997039794922,362500,-0.004364052255474871,21.807738390873652,0.00018872121179554924,0.009910651871432988,94.27553122384208,1.4262082285910311,97.12794768102414,91.42311476666002,0.00437229844780514,-0.008064534063557038,1.4211938347079895,94.91972568814613,-0.004364052255474871,-0.4154815673828125,41.730974426292654,-0.24937313137883166,-0.5982309282161202,8.289805821010045,2.4019459836816615,4.346385095335748,20.388841326865826
994,2016-12-12,103.16999816894531,103.33999633789062,102.41000366210938,102.9000015258789,95.01155853271484,308500,0.002337674902052944,20.36246040471468,0.00016453563243395744,0.009014177496236328,94.6593747820173,1.1481057677310853,96.95558631747947,92.36316324655512,0.004264755450428605,-0.007366429391531187,1.4245161238663389,94.93197006742196,0.002337674902052944,0.221588134765625,40.40311945779543,-0.2216832016405732,-0.5655000574739846,8.290665217808314,2.3901557029906493,4.507161670673257,21.581723566271037
995,2016-12-13,104.11000061035156,104.86000061035156,104.0,104.63999938964844,96.61815643310547,308400,0.01690949948829057,20.594306088441392,0.0001683037473271483,0.008260499522713991,95.30043356759208,0.6422672349078323,96.58496803740775,94.01589909777641,0.0021131612660969523,-0.0010565806330484762,1.4486039785339184,95.15679491617976,0.01690949948829057,1.606597900390625,47.368326804700615,-0.06930085208068704,-0.3412963403529209,8.38153076171875,2.3504949727343574,5.322201520672923,23.157355753982273
996,2016-12-14,104.58000183105469,104.94000244140625,103.52999877929688,103.62999725341797,95.68558502197266,390800,-0.009652134190518247,20.532842371568304,0.00016730064121256758,0.013482536215548995,95.39408547537667,0.6440584205495405,96.68220231647575,94.10596863427759,0.012526345047349957,-0.010040189647864566,1.4346218585441903,95.22730026361882,-0.009652134190518247,-0.9325714111328125,44.63887832510564,-0.023516379073356575,-0.5171160917527579,8.3970947265625,2.3803927816969765,5.289150714122502,24.651518819130427
997,2016-12-15,104.47000122070312,105.38999938964844,104.31999969482422,105.02999877929688,96.97828674316406,655400,0.013509889926414331,20.807765315942813,0.00017181075295371123,0.010242171746162225,95.70010702950614,0.8197264830065351,97.33955999551921,94.06065406349308,0.003445971151000811,-0.0014358334845044494,1.4540034419391503,95.46076512755819,0.013509889926414331,1.2927017211914062,53.144928983402494,0.11574414453538395,-0.28423034004952696,8.560474940708705,2.0849234777165444,5.696221011061371,26.768824051605456
998,2016-12-16,106.26000213623047,106.72000122070312,105.95999908447266,106.23999786376953,98.09550476074219,865800,0.011520290315469861,20.99662296671158,0.0001749437206373967,0.007152287981851433,96.05493055071149,1.2165889816754663,98.48810851406242,93.62175258736056,0.00451725340940805,-0.002823292355793425,1.4707539837099817,95.81206374531605,0.011520290315469861,1.117218017578125,58.787924987717,0.312655175607901,-0.09447856799838893,8.70249012538365,1.8007536663178108,6.555190522197453,28.79306293446685
999,2016-12-19,108.36000061035156,110.4800033569336,108.36000061035156,110.22000122070312,101.7703857421875,1709400,0.03746227709830796,23.66261513780881,0.00022219022030161038,0.019564440149878595,96.99277823311942,2.403762285563047,101.80030280424552,92.18525366199333,0.002399429076836226,0.0,1.5258517769911653,96.60650667823225,0.03746227709830796,3.6748809814453125,67.22016474382919,0.7565200768129614,0.25175151522699074,8.992495945521764,2.6860083406620623,6.4659218865903645,30.108275795520974
1000,2016-12-20,109.37000274658203,109.80000305175781,109.11000061035156,109.70999908447266,101.29949188232422,810500,-0.004627022452839968,23.0535498719895,0.0002108992705159947,0.00630888199760801,97.92270987374442,2.655511528151822,103.23373293004806,92.61168681744078,0.0008229310142169582,-0.0023772710039416563,1.5187916265593213,97.23223803877785,-0.004627022452839968,-0.47089385986328125,67.76464929888331,1.058091984072135,0.2112967406643206,8.995563507080078,2.7157565360568556,5.749090792581237,31.55984121676925
1001,2016-12-21,110.02999877929688,110.30000305175781,109.72000122070312,110.05000305175781,101.61343383789062,659500,0.003099146399777597,23.03882516105647,0.00021062994634989213,0.0052713063481722045,98.86583491734096,2.621408532672712,104.10865198268638,93.62301785199554,0.002272107632223656,-0.0028173912754062376,1.523498584160785,97.81639747865955,0.003099146399777597,0.31394195556640625,81.99753060333069,1.3073520448010356,0.23826768278255125,9.101594652448382,2.7088964566927496,5.718184632654329,32.05596655121788
1002,2016-12-22,110.36000061035156,110.41999816894531,109.7699966430664,109.9800033569336,101.54879760742188,324200,-0.0006360992639208307,23.061284879231145,0.00021104081757184704,0.0058898289442192815,99.57021222795758,2.5788852446004205,104.72798271715843,94.41244173875674,0.003986904762398561,-0.00534617582477446,1.522529487832816,98.3140508291612,-0.0006360992639208307,-0.06463623046875,82.73438183655124,1.482586500835552,-0.01606425702811245,9.160967145647321,2.770947286977328,5.285538929885706,32.5215478262705
1003,2016-12-23,110.41999816894531,110.8499984741211,110.2699966430664,110.7300033569336,102.24130249023438,183900,0.0068194296646393315,23.060777964532033,0.00021103153981327213,0.005252688287200208,100.50674329485211,2.0739919725756075,104.65472724000333,96.3587593497009,0.0010867154426492972,-0.0013584633976302031,1.5329122705874312,98.83768438397097,0.0068194296646393315,0.6925048828125,79.60588837053709,1.6582254356643347,0.049812549262660086,9.047534942626953,2.75296887503135,5.522207200945786,33.09438573009155
1004,2016-12-27,110.79000091552734,111.62000274658203,110.79000091552734,111.51000213623047,102.96150970458984,308500,0.007044190525881344,22.70283020957291,0.00020453115060503805,0.007491667336364845,101.36148943219867,1.5422057789582455,104.44590099011516,98.27707787428217,0.0009928748934250238,0.0,1.5437103966809105,99.38752776005349,0.007044190525881344,0.7202072143554688,81.9767787495834,1.8343895591321768,0.11557791294386278,9.155300685337611,3.1369057500904325,5.464121285839623,33.36212891150736
1005,2016-12-28,110.80999755859375,111.30999755859375,110.43000030517578,110.77999877929688,102.28746795654297,509900,-0.006546541032476982,22.78542821544265,0.00020602211863535294,0.007941496911888718,101.96034131731305,0.5702057054456047,103.10075272820426,100.81992990642185,0.004782950915747688,-0.003429268674218994,1.5336044332267775,99.77418645291876,-0.006546541032476982,-0.674041748046875,76.48351395573657,1.8977354473709624,0.020721037340777525,9.102773938860212,3.1269294267584917,5.446743702636524,33.34313465566354
1006,2016-12-29,110.97000122070312,111.37000274658203,110.69999694824219,111.16000366210938,102.63833618164062,754900,0.0034302171332143416,22.77669215376083,0.00020586416883618634,0.006037720023155628,102.08433423723493,0.6146518642470693,103.31363796572907,100.85503050874078,0.001892395081216578,-0.002433128498610525,1.5388650294292054,100.15607308341501,0.0034302171332143416,0.35086822509765625,79.61748856484643,1.9537282900459445,0.0575382450162795,9.17165047781808,3.061074128078178,5.568496683711807,33.76126171392747
1007,2016-12-30,112.05999755859375,112.66000366210938,111.2699966430664,112.19999694824219,103.5986099243164,858700,0.009355897400522561,22.58066550715593,0.00020233589474050046,0.012404132155331916,102.41277967180524,0.7290061722793404,103.87079201636392,100.95476732724656,0.0041050037826982815,-0.007049803076376736,1.5532624927577972,100.6150779955352,0.009355897400522561,0.9602737426757812,83.63892650613361,2.0519356500754498,0.11596158655678354,9.32287325177874,3.707653010445229,5.392952025044087,33.358291714198124
1008,2017-01-03,110.9800033569336,111.27999877929688,110.1500015258789,110.44999694824219,101.98277282714844,874700,-0.01559709245470009,20.174304938368902,0.00016150896021678386,0.010181989721010141,102.46554238455636,0.6727016169379165,103.81094561843219,101.12013915068053,0.007478841286256208,-0.007478841286256208,1.5290361140518358,100.79743730641697,-0.01559709245470009,-1.6158370971679688,74.05995061255078,1.9765961705515451,-0.1694660596579894,9.2608277457101,3.7044278122800653,5.388260825806459,32.955321714468774
1009,2017-01-04,109.83999633789062,110.3499984741211,109.62000274658203,109.91999816894531,101.4933853149414,846200,-0.004798727261872915,20.312201898847,0.00016372442300774729,0.006645991914397412,102.45762634277344,0.6854918584687616,103.82861005971095,101.08664262583592,0.003914788050911901,-0.0020028550495563365,1.521698686766947,100.89023037422022,-0.004798727261872915,-0.48938751220703125,68.23201866210766,1.8560047406567293,-0.22306816814407765,9.15502657209124,3.696804848493007,5.37717287397374,32.690129483999016
1010,2017-01-05,110.80000305175781,111.9000015258789,110.75,111.23999786376953,102.71221160888672,493800,0.012008923440312902,18.075859228339482,0.00012965741541378777,0.010379074857441186,102.52489907400948,0.6838290276244363,103.89255712925835,101.15724101876062,0.005956711587824313,-0.00045129106841680015,1.539972649795556,101.1331612055091,0.012008923440312902,1.2188262939453125,75.72683675726893,1.8376015328127693,-0.19278025433132598,9.303938729422432,4.522194543744181,3.8904539561816955,31.072524380464465
1011,2017-01-06,110.55999755859375,111.58999633789062,110.30000305175781,111.12000274658203,102.60140228271484,360200,-0.0010788330271167546,18.03995471115863,0.00012914284364311663,0.011667812179980844,102.47345515659877,0.6585883129678692,103.79063178253452,101.15627853066303,0.0042510275116414515,-0.0023516146217183805,1.5383112764401,101.32892668246987,-0.0010788330271167546,-0.110809326171875,72.5387529930552,1.793402246712617,-0.5012827622488707,9.244893755231585,4.498328332433994,3.817555589808473,29.464935198925453
1012,2017-01-09,111.0199966430664,112.7300033569336,111.01000213623047,112.48999786376953,103.86637115478516,554800,0.012328962800963739,18.222803956661853,0.00013177404128687708,0.015492715481094776,102.69901275634766,0.8318575118026427,104.36272777995295,101.03529773274236,0.0021618221979927588,-9.002438423836587e-05,1.5572770589436329,101.66725261211191,0.012328962800963739,1.2649688720703125,72.86020741041622,1.8392447417370619,-1.0282898469757413,9.272528512137276,4.536355846044776,3.796783445759538,29.005102826718627
1013,2017-01-10,112.58000183105469,113.12999725341797,112.58000183105469,112.6500015258789,104.01409912109375,816100,0.0014222887029378128,18.003373130182794,0.00012861962066055055,0.00488537407548316,102.89555031912667,0.9667215149321327,104.82899334899093,100.9621072892624,0.004263596728834462,0.0,1.5594919565119127,101.98016547997615,0.0014222887029378128,0.14772796630859375,62.33497470828545,1.8659857395188624,-1.2676382449341348,9.049609048025948,4.509455649166224,4.162568064641013,27.823505067880753
1014,2017-01-11,112.25,113.51000213623047,112.19000244140625,113.4800033569336,104.78047180175781,419900,0.007367969218979198,17.75029035900284,0.0001250288919955987,0.01175946276012667,103.06438773018974,1.1878830338189603,105.44015379782766,100.68862166255181,0.0002672497042037862,-0.0005344994084075724,1.5709822452447382,102.35353965621371,0.007367969218979198,0.7663726806640625,68.53477237514208,1.9268070115716114,-1.2440955537686076,9.154343741280693,4.6677391517641365,4.128553099863385,26.74331780240581
1015,2017-01-12,113.94000244140625,114.81999969482422,113.0,114.7699966430664,105.9715805053711,713900,0.011367659289288401,17.86502572287671,0.00012665045399962144,0.015973316270202428,103.63421739850726,1.4986290784987182,106.6314755555047,100.63695924150983,0.00043885422754424297,-0.008249977367603157,1.5888406361582017,102.83594510276804,0.011367659289288401,1.1911087036132812,71.2228719021007,2.047518309205202,-0.7016200735356689,9.228559221540179,5.29988814703426,3.9341381246687206,25.98604292170242
1016,2017-01-13,114.7699966430664,115.54000091552734,114.75,115.30000305175781,106.46095275878906,1474200,0.004617957485244517,17.356322446531383,0.00011954044796347962,0.006883340059547436,104.3438698904855,1.4920544483461895,107.32797878717787,101.35976099379312,0.002091120247358047,-0.00017423232248229143,1.5961778346668092,103.31927945690417,0.004617957485244517,0.48937225341796875,72.9705122222365,2.157797388145724,-0.5336234737984344,9.282977512904576,5.307461900888775,4.021415163798632,24.79817274698332
1017,2017-01-17,115.62999725341797,116.31999969482422,114.88999938964844,115.91000366210938,107.0241928100586,1381400,0.00529057872087324,16.55423401863185,0.00010874708886651889,0.012367035709961595,104.95986720493862,1.592849240949634,108.14556568683788,101.77416872303935,0.0035457583884248036,-0.00639970493251618,1.6046225391536268,103.81326790399143,0.00529057872087324,0.5632400512695312,72.63973986633624,2.2645389225947383,-0.38743449535517693,9.322823660714286,5.620600132415669,3.9901134063177675,23.800040081942125
1018,2017-01-18,122.06999969482422,125.87999725341797,121.94000244140625,122.97000122070312,113.54296875,4392000,0.06090936795487556,25.308888738268198,0.000254182479827793,0.032276520208583036,106.52294812883649,3.3223418885695826,113.16763190597565,99.87826435169733,0.023838748586793253,-0.0010649402289093365,1.7023590838196219,105.1105613501259,0.06090936795487556,6.518775939941406,82.33623946107083,2.8423779328552996,0.2412649033656621,9.999759674072266,9.998096707562533,3.4310953678735685,23.918614491578154
1019,2017-01-19,120.86000061035156,121.98999786376953,120.45999908447266,121.86000061035156,112.51807403564453,1936700,-0.0090264921345512,25.907297488733345,0.000266344469511797,0.01265926503036797,107.75890568324498,3.7509716437342524,115.26084897071348,100.25696239577647,0.0010756019589729722,-0.0033096270383821797,1.6869927529393423,106.09822970819506,-0.0090264921345512,-1.0248947143554688,80.60771427632324,3.180951049915933,0.17823322682206988,10.006798335484095,10.061134058293554,2.6540716333540755,23.983125006131367
1020,2017-01-20,121.5199966430664,122.30999755859375,121.5199966430664,122.05000305175781,112.69351196289062,786900,0.0015591977444486815,23.395264359416018,0.0002171977755741908,0.006500995205322193,108.99882180350167,3.741295423666154,116.48141265083397,101.51623095616937,0.0021395203589381607,0.0,1.6896231082346265,106.9776006754878,0.0015591977444486815,0.17543792724609375,80.40199451729194,3.423959781981182,0.18902277088817257,10.057468959263392,8.335303219919794,3.2108135371960875,24.12983835217737
1021,2017-01-23,121.97000122070312,122.31999969482422,120.5999984741211,122.16999816894531,112.80430603027344,1570600,0.0009831450404997888,23.185153390246644,0.00021331402290843848,0.014101838185528959,110.14508383614677,3.451414338438742,117.04791251302426,103.24225515926928,0.001229823107138291,-0.011232292636474022,1.6912842528138012,107.75449472279256,0.0009831450404997888,0.1107940673828125,79.34076419646152,3.584170027214043,0.19583667647321032,10.029241834368024,8.275062247896997,2.818703800367071,24.765529887336676
1022,2017-01-24,122.27999877929688,123.0,122.06999969482422,122.55000305175781,113.15516662597656,975100,0.003110347539472258,23.185023739488052,0.00021331163722246985,0.007605498155543316,111.17131042480469,3.048060773788212,117.26743197238112,105.07518887722826,0.0036800535879493,-0.001717362500564655,1.6965447346280889,108.47458430988377,0.003110347539472258,0.350860595703125,88.7323079397121,3.6968345115726464,0.21741482618018704,10.208835056849889,8.22694505278813,3.2207155359021424,25.147517045173284
1023,2017-01-25,122.51000213623047,122.97000122070312,122.2699966430664,122.77999877929688,113.36751556396484,649500,0.0018766172532818093,23.121103958427888,0.00021213708264144018,0.005713856545837926,112.15796225411552,2.293669611842687,116.7453014778009,107.57062303043014,0.0015509137057639448,-0.0019590685574976782,1.6997284997480564,109.12697514376124,0.0018766172532818093,0.21234893798828125,91.97129148409672,3.7599147549230736,0.19688791102888642,10.312235695975167,8.128691605182237,3.301820062238556,25.67208573390488
1024,2017-01-26,121.30000305175781,122.16000366210938,121.06999969482422,121.12999725341797,111.84400939941406,611200,-0.013438648249208374,24.007370404027156,0.00022871183877625338,0.008986017641071778,112.8465074811663,0.5758816012754773,113.99827068371725,111.69474427861535,0.008491396395529439,-0.0018961529360840414,1.6768864463207875,109.48924637784829,-0.013438648249208374,-1.5235061645507812,81.5974390964399,3.6449553113169486,0.09910185637243211,10.19694083077567,8.148760975661776,3.0673052470339446,26.235930841004865
1025,2017-01-27,121.44000244140625,122.08000183105469,121.04000091552734,121.7699966430664,112.43495178222656,663500,0.005283630173719356,23.990584765603632,0.00022839212595063984,0.008563907235007964,112.68821934291294,0.4997952186459145,113.68780978020477,111.68862890562112,0.00255274359153489,-0.00329382014029441,1.685746494146469,109.88200709843206,0.005283630173719356,0.5909423828125,82.93140707151073,3.56049012180641,0.09582717645610146,10.293955666678292,7.742836104318093,3.054595904360418,27.015099472147238
1026,2017-01-30,120.91000366210938,121.86000061035156,120.0199966430664,121.70999908447266,112.37957000732422,1161000,-0.0004925672491025157,23.735828331319414,0.00022356728038645433,0.015217963043216534,112.6684330531529,0.5102852257029912,113.68900350455888,111.64786260174691,0.0012406047583795876,-0.007360904739777773,1.6849161506331631,110.21501548628434,-0.0004925672491025157,-0.05538177490234375,81.02304927469184,3.4493203859092887,0.013847161267850922,10.243701934814453,7.7027566277767825,3.0387843072605234,27.794268103289603
1027,2017-01-31,121.63999938964844,122.0,120.98999786376953,121.4000015258789,112.09333038330078,1435700,-0.002547078832965677,23.862739885688946,0.00022596442652859117,0.008303207343787769,112.58269282749721,0.5539254604657939,113.6905437484288,111.47484190656563,0.004932575445015611,-0.00534364953255846,1.6806245363705634,110.46545747255321,-0.002547078832965677,-0.2862396240234375,79.14737886877582,3.3000791654306454,-0.00706151166840822,10.269187927246094,7.682886282306294,3.3666539226855634,28.270762587587768
1028,2017-02-01,121.6500015258789,122.11000061035156,121.0,121.30999755859375,112.01022338867188,1324600,-0.0007414089165227455,23.85004817063096,0.00022572412608786374,0.009124542510716116,112.46925245012555,0.5815966968513047,113.63244584382817,111.30605905642294,0.006576268324892917,-0.0053432101744826516,1.6793785063539715,110.67142626136904,-0.0007414089165227455,-0.08310699462890625,77.43528395384845,3.1389149257071125,-0.07684602658323297,10.306385585239955,7.117151643544611,3.3667346093621884,29.092411079784288
1029,2017-02-02,123.08999633789062,123.19000244140625,122.29000091552734,122.73999786376953,113.33059692382812,632800,0.011787973411807151,22.907612165912475,0.00020823757743803996,0.007311735743401432,112.49431392124721,0.6186770578057685,113.73166803685875,111.25695980563567,0.0036558988628241145,-0.006499272452387098,1.6991749755352326,111.02598234969692,0.011787973411807151,1.32037353515625,77.65450709854474,3.0822044794324057,-0.12752950821582487,10.38783209664481,6.999710491072995,3.9196449890035194,29.55378511575646
1030,2017-02-03,122.91000366210938,123.56999969482422,122.87000274658203,123.01000213623047,113.57991027832031,358300,0.0021998768316711104,22.65216229185037,0.00020361922876838386,0.005695199148854815,112.524656023298,0.6715853942573526,113.8678268118127,111.18148523478328,0.004556159319083852,-0.0003254488189367389,1.702912951196868,111.36650607351338,0.0021998768316711104,0.2493133544921875,77.24393337397605,3.022536625536418,-0.11920740363809033,10.43575940813337,6.938439545798691,4.156514496327205,29.865939782619627
1031,2017-02-06,122.23999786376953,122.62999725341797,121.87000274658203,122.2300033569336,112.85970306396484,260700,-0.0063409736157622465,22.875136060107693,0.00020764755943192015,0.0062172326580283,112.66975511823382,0.6065973557579927,113.8829498297498,111.45656040671784,0.003272201435492076,-0.00302679256915434,1.6921148251033888,111.56559900557357,-0.0063409736157622465,-0.7202072143554688,72.06712066185898,2.883891017771475,-1.2218929749688183,10.377976553780693,6.253398277758396,4.183045231655833,30.45300225845885
1032,2017-02-07,122.02999877929688,123.56999969482422,121.87000274658203,123.26000213623047,113.81073760986328,1117200,0.00842669721857603,22.815120460692174,0.00020655941334757713,0.013930975704726485,112.86629595075335,0.7284770025823452,114.32324995591804,111.40934194558866,0.002540338946937226,-0.001311120497544314,1.7063737643935988,111.86495081947888,0.00842669721857603,0.9510345458984375,51.74910767948823,2.818266690360389,-1.7490855480049687,9.796154567173549,6.638460492878524,4.147284902773196,31.16302658802295
1033,2017-02-08,123.41000366210938,124.26000213623047,122.98999786376953,124.08999633789062,114.57711029052734,853100,0.006733746716334865,22.671924364567914,0.00020397466444154274,0.010290934565873183,113.18023027692523,0.9295314852901859,115.0392932475056,111.32116730634486,0.0013775690243500148,-0.003403336730220018,1.7178640531264242,112.22657208228534,0.006733746716334865,0.7663726806640625,63.92008236039274,2.7958697623236475,-1.283697948343308,9.939171382359095,6.097512911520454,4.662800019176748,31.375326574165406
1034,2017-02-09,124.41000366210938,125.55000305175781,124.31999969482422,124.5199966430664,114.9741439819336,820400,0.003465209503010769,22.644847362900585,0.00020348774289248613,0.009886691750883749,113.59177507672992,1.0029426570021232,115.59766039073416,111.58588976272567,0.008279128513562673,-0.0007234463840191019,1.7238168119681985,112.59291500223844,0.003465209503010769,0.39703369140625,64.96965775712785,2.7781327512124676,-0.9124496950315177,10.023526327950615,6.04934793676672,4.515056617451065,31.87642846616516
1035,2017-02-10,124.80000305175781,125.25,124.1500015258789,124.8499984741211,115.27882385253906,791500,0.0026499859886179866,22.63840263169002,0.0002033719340136941,0.008814090121976165,114.0587180001395,0.8994388818693956,115.8575957638783,112.25984023640072,0.0032051403533461067,-0.005208345432566486,1.7283849023668583,112.95103618227853,0.0026499859886179866,0.30467987060546875,65.83914144176524,2.756881546986051,-0.8573539414123883,10.0699097769601,5.852638952857436,4.498840837239074,32.20731457467307
1036,2017-02-13,126.13999938964844,126.63999938964844,125.75,126.5,116.8023681640625,1052600,0.01321616807499959,22.716425987358612,0.00020477619430124653,0.0070556476451154515,114.554685320173,1.2993275604293946,117.15334044103179,111.9560301993142,0.0011098730801161428,-0.0030917979351159125,1.7512275277348304,113.46454711318306,0.01321616807499959,1.5235443115234375,70.29812442996632,2.8303505879332107,-0.4860463963803033,10.153158460344587,5.217663641835436,5.203930016686721,31.50928476350159
1037,2017-02-14,126.08000183105469,126.5,125.62000274658203,126.25,116.571533203125,1825300,-0.0019762866503979515,22.83540193111899,0.00020692681799831442,0.006979673545667868,114.98206002371651,1.4123536912954462,117.8067674063074,112.15735264112563,0.001982867991507458,-0.003648469842894261,1.7477666001499585,113.87881192517533,-0.0019762866503979515,-0.2308349609375,67.79501434340267,2.8372429098776024,-0.5209157113600715,10.144786834716797,5.214579804895374,4.400370662003972,31.25607062971461
1038,2017-02-15,125.44999694824219,127.27999877929688,125.30000305175781,127.26000213623047,117.50410461425781,900800,0.007999992669804001,22.86760487133533,0.00020751085418711066,0.015783146876886443,115.64554595947266,1.3381126285023142,118.32177121647729,112.96932070246802,0.00015939931090358183,-0.0011956468723252267,1.7617487201396864,114.36218428371966,0.007999992669804001,0.9325714111328125,83.64443597906633,2.884702785680787,-0.3465414997956037,10.281642368861608,5.1943974715716585,4.383339616210965,30.85144462380549
1039,2017-02-16,126.55000305175781,127.44000244140625,126.4800033569336,127.2699966430664,117.51331329345703,1023500,7.836900021018778e-05,10.153090705920219,4.090684558835042e-05,0.007585926995829667,116.1744853428432,1.2183915267327061,118.61126839630862,113.73770228937778,0.0013433883385234918,-0.0005531386261254336,1.7618867866255052,114.78233481835132,7.836900021018778e-05,0.00920867919921875,82.42927619238785,2.8897469387312924,-0.33782768069672153,10.260207039969307,0.8739145776791577,5.129485374097968,31.898352739363833
1040,2017-02-17,125.83999633789062,126.87999725341797,125.81999969482422,126.87999725341797,117.1532211303711,808100,-0.003064266958303752,9.555026625011338,3.6229576906617104e-05,0.00842337563128634,116.54250117710659,1.0299785255553557,118.6024582282173,114.48254412599587,0.0,-0.0001589053055334938,1.7564878951609768,115.0984529932873,-0.003064266958303752,-0.3600921630859375,79.34159929470465,2.832042020690153,-0.594848683782521,10.256038120814733,0.8701139857871967,5.107177609677213,32.499897144871774
1041,2017-02-21,125.27999877929688,127.5999984741211,125.25,127.58999633789062,117.80880737304688,3895800,0.0055959728324177505,9.636658263498521,3.685126289184678e-05,0.01875797012307636,116.94745309012276,0.8525470960469764,118.65254728221672,115.24235889802881,7.983825293684191e-05,-0.00023945386006686683,1.7663171537027682,115.45983357725524,0.0055959728324177505,0.6555862426757812,83.60479835927765,2.806855109723898,-0.4835141461722972,10.315062931605748,1.2068559213754833,4.591699325934578,33.16614055734505
1042,2017-02-22,125.0999984741211,125.51000213623047,123.58000183105469,123.83000183105469,114.3370361328125,2312100,-0.0294695389729297,14.593769454234796,8.451512177910956e-05,0.015427660501331118,116.81291198730469,1.1736171512273534,119.1601462897594,114.46567768484998,0.013429259197979253,-0.012150253090377467,1.7142646015031702,115.31012725132955,-0.0294695389729297,-3.471771240234375,59.78258777641633,2.4781844097775263,-1.3146548395429283,10.149671827043806,1.2131516360781744,4.633756942245483,33.609892760946686
1043,2017-02-23,124.52999877929688,124.62000274658203,123.25,123.77999877929688,114.29086303710938,764500,-0.0004038332395592814,14.570892363313801,8.425035883463331e-05,0.011001387296325858,116.4541255405971,1.5123816229441631,119.47888878648543,113.42936229470878,0.006745394487426969,-0.010278638013683776,1.7135723244756833,115.1742253561002,-0.0004038332395592814,-0.046173095703125,54.521698144387976,2.1887541339825134,-1.3227129774366813,10.085613795689174,1.2126481501577353,3.9327780898583917,34.044823399654355
1044,2017-02-24,122.29000091552734,122.94999694824219,121.63999938964844,122.52999877929688,113.13670349121094,1442500,-0.010098441075938824,15.013784161727454,8.94498868471975e-05,0.010712221349140719,115.96343558175224,1.959160410527523,119.88175640280728,112.04511476069719,0.003434444073930698,-0.0053152467169241355,1.6962679153276061,114.90255577411496,-0.010098441075938824,-1.1541595458984375,48.07690525153306,1.84497974747336,-1.4267277189002918,9.972737448556083,1.2193495836665802,3.858878035965548,34.50908050228756
1045,2017-02-27,122.29000091552734,123.0199966430664,122.08000183105469,122.9000015258789,113.47834014892578,736500,0.0030196801495225856,14.226959353338644,8.031998906410692e-05,0.007686604014837048,115.38832637241909,2.0214120934380153,119.43115055929512,111.34550218554305,0.0009812340852821439,-0.001717222036965349,1.701390101879793,114.71266035742308,0.0030196801495225856,0.34163665771484375,52.77547684147546,1.5818684971488608,-1.3694061232301018,10.032252175467354,1.2130225006575315,4.048161457993279,34.9177804927573
1046,2017-02-28,121.5,122.22000122070312,121.41000366210938,121.69000244140625,112.36109161376953,1033500,-0.009845478297356158,14.577757014031324,8.432976173021388e-05,0.006666646572788066,114.6522947038923,2.0564136929315406,118.76512208975538,110.53946731802921,0.004362129870756173,-0.0007407105999228395,1.684639102556399,114.39911785826928,-0.009845478297356158,-1.11724853515625,43.59182594243409,1.2685749734673664,-1.4618610068590656,9.891635349818639,1.221706946484883,4.077143639991767,35.4162516815899
1047,2017-03-01,122.5,123.91999816894531,122.43000030517578,123.47000122070312,114.00463104248047,1274400,0.014627300296800705,15.428295479764534,9.44572624646517e-05,0.012163247867506378,114.20249611990792,1.737892762487127,117.67828164488218,110.72671059493366,0.0036734444754464284,-0.000571426080197704,1.709280824601224,114.3465196161641,0.014627300296800705,1.6435394287109375,47.651478921024896,1.139768948104475,-1.1963455292819858,9.970895494733538,2.0155699974538344,4.035883525659806,34.93842479315402
1048,2017-03-02,121.77999877929688,122.55000305175781,121.4800033569336,121.56999969482422,112.25028991699219,961800,-0.015388332118145054,16.38359338443069,0.00010651671912157168,0.008786333597879156,113.4084221976144,0.8673121284703146,115.14304645455503,111.67379794067377,0.008047326053185989,-0.0024634211313055276,1.6829778435890836,114.06702232294118,-0.015388332118145054,-1.7543411254882812,39.94545519062802,0.8859162863355721,-1.4797611344265933,9.797501155308314,2.025899005958199,3.594183614044884,34.40711327406551
1049,2017-03-03,122.76000213623047,122.98999786376953,121.83000183105469,122.9800033569336,113.55220031738281,783800,0.011598280960818608,16.852972838856697,0.00011270741805842904,0.009449299548134263,113.29630279541016,0.7728448479239736,114.8419924912581,111.75061309956222,8.141501028035414e-05,-0.007575759929881167,1.7024974934698625,113.99837938886674,0.011598280960818608,1.301910400390625,44.0635738380908,0.7807890614898412,-1.2694361761787671,9.830633435930524,2.1757025831976304,3.5818384799000245,33.866606178863314
1050,2017-03-06,121.25,121.91000366210938,120.77999877929688,121.5999984741211,112.27800750732422,495300,-0.011221207572351566,16.831303818740036,0.00011241777311060812,0.009319627899484536,113.00875200544085,0.7132918962413028,114.43533579792346,111.58216821295825,0.0025567438184600517,-0.0038762987274484537,1.683393415704229,113.76899647132774,-0.011221207572351566,-1.2741928100585938,34.1731044433069,0.5878815351075843,-1.2466263419960153,9.616106850760323,2.205265601579392,3.0093728076937674,33.257691805968584
1051,2017-03-07,121.25,121.38999938964844,119.83000183105469,119.9800033569336,110.78219604492188,1234500,-0.013322390516279592,17.38026962276219,0.00011987054450790066,0.012865959246134021,112.67239379882812,1.0955922246272911,114.8635782480827,110.48120934957355,0.011628833259503866,-0.011711325104703608,1.6609665912276834,113.37075641447363,-0.013322390516279592,-1.4958114624023438,31.394630378815734,0.3107196637605085,-1.1644542722173072,9.574275425502233,2.217302180957143,2.7450033236872473,32.570092130562855
1052,2017-03-08,120.81999969482422,121.16999816894531,120.33999633789062,120.75,111.4931640625,575800,0.006417710092060602,17.46001033076595,0.00012097300029779892,0.00686973872828311,112.38879721505302,1.1090519999444644,114.60690121494194,110.17069321516409,0.0034762305082451073,-0.003972879971412187,1.6716261932827807,113.12041076754382,0.006417710092060602,0.710968017578125,30.403332199120086,0.14674448204171142,-1.072952557321129,9.551370893205915,2.2030347771147936,2.9726541536069484,32.33352863699582
1053,2017-03-09,121.18000030517578,121.54000091552734,120.66000366210938,121.25,111.95480346679688,405700,0.004140517566064261,17.245026745838114,0.00011801228073994897,0.00726190172637244,112.33075605119977,1.1213072406613729,114.57337053252252,110.08814156987702,0.0023931417296337255,-0.0042911094384953255,1.6785475908999612,112.96499646077756,0.004140517566064261,0.461639404296875,32.3976023251937,0.05342753166983982,-1.0135394809063765,9.559295109340123,1.935033078846308,2.9821712309776705,32.2477415344155
1054,2017-03-10,124.47000122070312,125.11000061035156,123.94000244140625,125.0,115.41735076904297,1016100,0.030928081645670513,20.325278910050454,0.00016393530268704018,0.009399840583842675,112.53257315499442,1.526656369862583,115.5858858947196,109.47926041526925,0.0008837519825882839,-0.004258044300627196,1.7304618478374587,113.29197703521295,0.030928081645670513,3.4625473022460938,45.40569028532198,0.2559216997152731,-0.5679090049478167,9.829903193882533,3.6105999604969963,2.410242870789019,32.56218535016058
1055,2017-03-13,123.55999755859375,124.45999908447266,123.43000030517578,124.19000244140625,114.66942596435547,838100,-0.006480176504693347,20.42962175859806,0.0001656227957140408,0.008336021363293053,112.87816401890346,1.714375630550259,116.30691528000398,109.44941275780295,0.0021851460699355415,-0.0010520982193797986,1.719248149628834,113.47563689243195,-0.006480176504693347,-0.7479248046875,41.73144772657764,0.35199097288446524,-0.9085520403928063,9.729608263288226,3.6441052771111857,1.7932067957717264,33.49158880433403
1056,2017-03-14,124.7699966430664,124.83000183105469,123.86000061035156,123.98999786376953,114.48477172851562,412900,-0.0016103179577897642,20.412041449144034,0.00016533787147681494,0.00777431471348067,113.01138850620815,1.809103132703329,116.6295947716148,109.3931822408015,0.006732419571094347,-0.0072933882920434715,1.7164796134595899,113.61018820390977,-0.0016103179577897642,-0.18465423583984375,50.470593038605934,0.4085173763786827,-1.0123544201369823,9.90527834211077,3.646126006944016,2.0010397528197954,34.25601161113905
1057,2017-03-15,124.8499984741211,126.30999755859375,124.58000183105469,126.06999969482422,116.40531158447266,838900,0.01677550495983282,20.74248225599699,0.00017073435323029738,0.013856593902142946,113.60100337437221,2.1673513478773234,117.93570607012686,109.26630067861757,0.0019222896812391872,-0.002162568252833188,1.7452744257286332,113.98287132131816,0.01677550495983282,1.9205398559570312,56.01683136633058,0.6013544345615713,-0.5285019297200434,10.015439714704241,4.348326786675225,1.2286664825068159,36.91345218118446
1058,2017-03-16,124.88999938964844,126.25,124.80999755859375,126.19000244140625,116.51612091064453,424200,0.0009519267176349988,20.733568829859095,0.00017058764937400957,0.011530166133747338,114.42013549804688,2.0016603370012382,118.42345617204936,110.4168148240444,0.0004804032259345413,-0.000640578360522584,1.7469357990840895,114.32063793322834,0.0009519267176349988,0.110809326171875,60.22345656957606,0.7544240482221483,-0.5114017137891979,10.10012217930385,4.345259921526979,1.3381081107486168,39.029798923381726
1059,2017-03-17,127.19000244140625,128.42999267578125,126.93000030517578,127.9000015258789,118.09503173828125,1030300,0.013551007494040812,21.087614232005745,0.00017646328333249632,0.01179331977209831,115.36325945172992,1.9472709825227354,119.2578014167754,111.46871748668444,0.0041669245988614515,-0.0020442026200152503,1.7706085391890862,114.82389044056873,0.013551007494040812,1.5789108276367188,62.99375692237789,0.9917059591554676,-0.20174092322869222,10.24516350882394,4.987874577825826,1.3304166446258465,41.383068619186396
1060,2017-03-20,128.83999633789062,129.16000366210938,127.9800033569336,128.27000427246094,118.4366683959961,577600,0.002892896108211973,21.106033337169706,0.00017677168382131684,0.009158649012075097,116.28924015590123,1.5587053475153188,119.40665085093187,113.17182946087058,0.006907788070052103,-0.006674891380015628,1.7757307257412733,115.30559416795906,0.002892896108211973,0.34163665771484375,67.88046548514082,1.1935621645288563,-0.1493390312551619,10.411114283970424,4.961163556127715,1.2616343960825145,40.83855461772297
1061,2017-03-21,129.69000244140625,129.82000732421875,126.1500015258789,126.31999969482422,116.63615417480469,1398800,-0.015202337633910323,21.769591118215672,0.0001880615466088469,0.028298293848810333,116.4633549281529,1.512466017161988,119.48828696247688,113.43842289382891,0.02698748988747864,-0.027295865902436937,1.7487354677016458,115.4830021688718,-0.015202337633910323,-1.8005142211914062,57.673689704562534,1.1944790010707464,-0.31970429430048647,10.398573739188057,5.22423317231913,1.2496812184007462,40.38652239382278
1062,2017-03-22,127.06999969482422,129.24000549316406,127.01000213623047,128.9199981689453,119.0368423461914,529900,0.02058271029571812,22.857358002800147,0.00020732492653498862,0.017549408690400947,117.08727155412946,1.5494662193198756,120.18620399276921,113.98833911548971,0.002518354646944919,-0.0004721614758624557,1.7847291832171959,115.95684752584775,0.02058271029571812,2.4006881713867188,69.07111993279966,1.3730929123059923,-0.07939530017336052,10.688465118408203,4.836954548920661,1.637123678590183,39.960396859842824
1063,2017-03-23,129.1999969482422,129.6999969482422,128.8000030517578,129.22000122070312,119.31381225585938,266000,0.0023267578693197954,20.072415074021613,0.0001598816852792895,0.006965897196150202,117.77713448660714,1.24218728350262,120.26150905361237,115.2927599196019,0.0037151372978077536,-0.003095928064492242,1.788881815888851,116.40444282318263,0.0023267578693197954,0.27696990966796875,67.18057685220153,1.519479269602769,-0.051670599735758854,10.682997022356306,4.771226843450668,2.4360804177589923,38.717392364374874
1064,2017-03-24,133.27999877929688,133.5500030517578,131.9600067138672,132.24000549316406,122.1023178100586,1709800,0.02337118814223693,21.346918101966686,0.00018082972716352083,0.011929744541216248,118.5909925188337,1.8906319011588848,122.37225632115147,114.80972871651593,0.009828913344777425,-0.00990390214225249,1.8306901093722159,117.16415948809943,0.02337118814223693,2.7885055541992188,76.86863021507557,1.8392983200181021,0.16562068344243588,11.102881840297155,6.421049360234492,2.392685942540362,38.376464341765264
1065,2017-03-27,132.77999877929688,133.1999969482422,132.36000061035156,132.6999969482422,122.52706909179688,2238000,0.0034786504413373276,20.788915109997454,0.00017149959978201583,0.006326226431789948,119.44969940185547,2.1398168899540395,123.72933318176355,115.17006562194739,0.0037656273881361132,-0.003163113215894974,1.8370584403291355,117.87921410192575,0.0034786504413373276,0.42475128173828125,84.12013362365508,2.10279142962726,0.16556182001106579,11.24471664428711,6.351261133940738,2.5449590330012586,37.938762166622645
1066,2017-03-28,133.3699951171875,134.2899932861328,133.1199951171875,133.7899932861328,123.5334701538086,1370300,0.008213703873531264,20.8394647445892,0.00017233463922260945,0.008772574130465225,120.22661917550224,2.5195808734849274,125.26578092247209,115.18745742853238,0.00374896917076939,-0.001874484585384695,1.8521474943563703,118.63311490884347,0.008213703873531264,1.0064010620117188,84.38811632995746,2.3655511708248014,0.21081941886695288,11.34293964930943,6.780273326915828,2.329334566116638,37.69933252034262
1067,2017-03-29,133.16000366210938,133.4600067138672,132.5399932861328,132.91000366210938,122.72093963623047,358300,-0.006577411907610631,20.592551626888923,0.0001682750724230497,0.006909082325267046,120.83865792410714,2.532630300280138,125.90391852466742,115.77339732354686,0.004130392284709104,-0.004656130661800111,1.8399651573723395,119.17815820582841,-0.006577411907610631,-0.812530517578125,80.14477465849612,2.479641967559388,-0.06529107985508356,11.334346771240234,6.744949028182523,2.3171990509100926,37.4599028740626
1068,2017-03-30,132.3800048828125,133.19000244140625,132.33999633789062,132.6300048828125,122.46243286132812,361100,-0.0021064601987942355,20.348385051692496,0.00016430824373489772,0.006420955372135548,121.67098345075335,1.7612279918227602,125.19343943439887,118.14852746710784,0.004230227662323172,-0.0003022249844853231,1.8360893440011665,119.61606149322837,-0.0021064601987942355,-0.25850677490234375,74.03916292616587,2.5201496927289213,-0.08909466567283084,11.142480032784599,6.026343555794865,2.3283565628092475,37.97784399401561
1069,2017-03-31,132.27000427246094,133.19000244140625,132.1199951171875,132.8000030517578,122.6194076538086,535400,0.0012818199737891778,19.18573461812682,0.0001460684177925355,0.008089568985078873,122.18277849469867,1.3378349534620995,124.85844840162287,119.50710858777447,0.002948509692681976,-0.0011341131808269692,1.8384428799959687,120.0165076479724,0.0012818199737891778,0.15697479248046875,78.26681626271034,2.535689065492903,-0.11894475817069959,11.262831551688057,5.968796826819487,2.306122632261232,38.75676517350999
1070,2017-04-03,132.35000610351562,132.75,131.17999267578125,132.17999267578125,122.04692840576172,564100,-0.0046687490911972995,19.231956698250777,0.00014677307874737792,0.011862540625731378,122.57322365897042,0.49314807768928853,123.559519814349,121.58692750359184,0.004306817513653359,-0.008840297497374243,1.8298596514707695,120.28723041567766,-0.0046687490911972995,-0.572479248046875,76.16623698072723,2.473299186013733,-0.2608728789321667,11.260689871651786,5.791694686721421,2.3122859413712384,39.638291672212006
1071,2017-04-04,132.3000030517578,132.77999877929688,131.85000610351562,132.74000549316406,122.56398010253906,584000,0.004236499054350196,18.470394124962844,0.00013537915044899265,0.007029422935216581,122.63917541503906,0.4485264475792235,123.53622831019752,121.74212251988061,0.0003022924052176061,-0.0034013373988067237,1.837611850153819,120.5907970405925,0.004236499054350196,0.5170516967773438,73.60234517949945,2.437478769799881,-0.23692177935587921,11.182678767613002,5.731957164457791,2.579382380497398,40.710235287752496
1072,2017-04-05,131.60000610351562,132.00999450683594,130.9199981689453,131.02999877929688,120.98506927490234,557200,-0.012882339707928625,18.41820861317266,0.00013461524147553454,0.008282646560314303,122.41888972691127,0.7736143149138512,123.96611835673897,120.87166109708357,0.007446775699753425,-0.005167233305714463,1.8139391100488222,120.64336667183382,-0.012882339707928625,-1.5789108276367188,65.3944203590246,2.2556838048088963,-0.6345132038334466,11.154202052525111,5.72365524867771,2.5756465159971724,42.01008357491298
1073,2017-04-06,130.9499969482422,131.24000549316406,130.5500030517578,130.97999572753906,120.93892669677734,370000,-0.00038139068235065743,18.46872839862816,0.00013535473359614828,0.005269205479088117,122.0482406616211,0.7721410260626954,123.59252271374649,120.5039586094957,0.0019855652667771233,-0.003054554454418751,1.813247290573898,120.68277467515962,-0.00038139068235065743,-0.046142578125,60.95317013255289,2.0838651644121455,-0.6401818309628137,11.035706656319755,5.726954663597726,2.3558648828628157,43.288034145564176
1074,2017-04-07,130.5399932861328,131.64999389648438,130.52999877929688,131.17999267578125,121.12358093261719,546900,0.0015268387183791088,18.48740627542775,0.00013562864713997024,0.008579708708369271,121.82004656110492,0.7762274641069244,123.37250148931876,120.26759163289107,0.003600438523640195,-7.656279569457593e-05,1.8160158267431423,120.74154884282063,0.0015268387183791088,0.18465423583984375,60.475226485997396,1.9402319217818302,-0.6174970124422992,11.010427747453962,5.727796307232218,2.349095185682032,44.26595342280815
1075,2017-04-10,130.6300048828125,130.7899932861328,129.6999969482422,129.91000366210938,119.95093536376953,1180800,-0.009681397790740842,16.194479180983496,0.00010407188727909026,0.008344149867164554,121.46126120431083,0.9827684060638849,123.4267980164386,119.49572439218306,0.006736504563502632,-0.007119405188759028,1.7984342551301609,120.6361337122805,-0.009681397790740842,-1.1726455688476562,63.58827381775215,1.7120434735248722,-0.9696532079651814,10.887790134974889,4.2474728745494446,2.385093295920105,44.65369752756015
1076,2017-04-11,129.63999938964844,129.85000610351562,128.30999755859375,129.80999755859375,119.85859680175781,613200,-0.0007698027675373531,15.94163098608493,0.0001008474597208344,0.01187911564464912,121.06685965401786,0.9944315250731456,123.05572270416415,119.07799660387157,0.0003086126589805401,-0.010259193438108626,1.7970498154633276,120.53246212421081,-0.0007698027675373531,-0.09233856201171875,54.154949299966894,1.5063868441770296,-1.413278728263227,10.694591522216797,4.231554713353019,2.376154733938824,44.36982289458789
1077,2017-04-12,129.75,129.97000122070312,128.3000030517578,129.00999450683594,119.11992645263672,485300,-0.006162848296504153,16.153802744492193,0.00010354973932855677,0.012870891475493739,120.64871651785714,1.1209722494798058,122.89066101681675,118.40677201889753,0.007398895675276975,-0.011175313666606455,1.7859748700693663,120.3441240346676,-0.006162848296504153,-0.7386703491210938,49.06340455925506,1.2691677837133426,-1.5325695435092725,10.65518079485212,4.284986218968301,2.188458822568474,44.52484170211139
1078,2017-04-13,129.00999450683594,129.8800048828125,128.33999633789062,128.3800048828125,118.5382308959961,575600,-0.00488327666044952,15.371065696986127,9.375780184962826e-05,0.011937125885547368,120.07360948835101,1.000845559030353,122.07530060641172,118.0719183702903,0.011627006153546643,-0.005193381888794754,1.7772534606702073,120.10333828284473,-0.00488327666044952,-0.581695556640625,28.11766337086314,1.02244587958711,-1.6296808131241085,10.40688705444336,3.6542415422236867,2.2162960225316364,43.02751984180681
1079,2017-04-17,128.88999938964844,130.2899932861328,128.88999938964844,130.1699981689453,120.19097137451172,334800,0.013942678796731167,16.0206100008261,0.00010184918444387648,0.010861928024780585,119.96016693115234,0.9222329217286732,121.80463277460969,118.115701087695,0.0009309885775136188,0.0,1.8020331348127108,120.115022695067,0.013942678796731167,1.652740478515625,37.53648118283291,0.9493359828502861,-1.353763755858977,10.453607286725726,3.6238512376671377,2.3374144243323434,41.535543106984406
1080,2017-04-18,130.3800048828125,130.9600067138672,129.8000030517578,130.64999389648438,120.63418579101562,915700,0.0036875849444868436,15.441836277750864,9.462313794796118e-05,0.008897097857543446,119.91663251604352,0.8742754523102967,121.6651834206641,118.16808161142293,0.0023777635049289703,-0.004448548928771723,1.8086782850701126,120.18424444119348,0.0036875849444868436,0.44321441650390625,33.542793543832914,0.9165936413348561,-1.485622445781066,10.382615225655693,2.6866038057038444,2.7479716721407774,38.83279980848695
1081,2017-04-19,133.11000061035156,133.7100067138672,126.04000091552734,126.88999938964844,117.1624526977539,3355400,-0.028779015421682264,18.55212625741292,0.00013657991613928152,0.057621559335665505,119.3507570539202,1.188375790722019,121.72750863536425,116.97400547247616,0.051235874787370246,-0.05311396335666763,1.756626304811218,119.78133887540154,-0.028779015421682264,-3.4717330932617188,25.764718562013755,0.603547928818017,-1.1574369630457078,10.607564108712333,3.8578530257957073,2.2677984760871004,37.23785197625516
1082,2017-04-20,130.10000610351562,130.82000732421875,129.2899932861328,130.0500030517578,120.0802001953125,2259500,0.024903434764083965,19.70024688452511,0.00015400782829811142,0.011760291824033917,119.36922345842633,1.2002019521791658,121.76962736278466,116.968819554068,0.005918556774303872,-0.006226078242750551,1.8003723333979582,119.82118705138967,0.024903434764083965,2.9177474975585938,41.568511179734436,0.5841609409953179,-0.7770268858864265,10.835313524518694,3.536180677397139,3.6437354994224633,34.385692949727265
1083,2017-04-21,130.35000610351562,130.49000549316406,129.72000122070312,130.02999877929688,120.06173706054688,1298800,-0.00015375669540518278,18.432911106021507,0.0001348302427946391,0.005907205496020073,119.3982434953962,1.2163539807026094,121.83095145680142,116.96553553399099,0.0035290118322041323,-0.004833178774937613,1.800095514097476,119.85326038594397,-0.00015375669540518278,-0.018463134765625,40.85794429121587,0.5608417581216543,-0.7794340724324421,10.812616075788226,3.569875421649102,3.4917126412807162,32.08481671451636
1084,2017-04-24,133.6300048828125,134.2899932861328,132.7100067138672,133.4600067138672,123.2287826538086,685100,0.02637847553100614,20.50436745065992,0.00016683693831415927,0.011823591368205084,119.98522295270648,1.8735375506839689,123.73229805407442,116.23814785133854,0.0062110794128420925,-0.00688466762949017,1.8475792895695702,120.30333002165925,0.02637847553100614,3.1670455932617188,53.56343975406404,0.7888221976902656,-0.34075404381403496,11.105306352887835,5.140588797466971,2.6729442059469677,32.0458628113973
1085,2017-04-25,134.89999389648438,134.9499969482422,133.86000061035156,134.24000549316406,123.94901275634766,681300,0.005844658098769218,19.005600519883064,0.0001433384329846742,0.008080032521921644,120.75819178989956,2.254489430569712,125.26717065103898,116.24921292876013,0.00526309479022614,-0.007709364960615582,1.8583777588274712,120.78942105295104,0.005844658098769218,0.7202301025390625,54.125501941864506,1.0159041776381343,-0.234678910237693,11.175888061523438,3.532044580281967,3.199172432363916,30.104895267650686
1086,2017-04-26,133.0399932861328,133.42999267578125,132.0,132.4600067138672,122.30548858642578,633600,-0.013259679390529966,19.58223745314421,0.0001521682633616362,0.010748592513122915,121.06026567731585,2.306873190345158,125.67401205800617,116.44651929662554,0.00729093513878858,-0.007817147764703129,1.8337362655589273,120.99156339074767,-0.013259679390529966,-1.643524169921875,53.91796163671054,1.0511328130150588,-0.41913737283266445,11.178385598318917,3.556904935282242,3.04754715642481,28.434739518756913
1087,2017-04-27,132.66000366210938,133.88999938964844,132.35000610351562,132.9499969482422,122.75788879394531,453100,0.0036989362680959204,19.404879719647102,0.00014942434798967099,0.011608572618882481,121.36365182059151,2.3799881516190724,126.12362812382966,116.60367551735337,0.007085801413065507,-0.0023367823762716518,1.840519139137726,121.22707344450737,0.0036989362680959204,0.45240020751953125,55.27018382146519,1.1028437796450845,-0.3683629161596813,11.273355211530413,3.2851822616645614,3.0499161684831657,26.284923549346086
1088,2017-04-28,133.1300048828125,133.1699981689453,131.61000061035156,131.85000610351562,122.95091247558594,753400,0.0015723932981988042,19.273848805739632,0.00014741319356607562,0.011717850983081805,122.1905746459961,1.5312725869909485,125.253119819978,119.12802947201419,0.009915060595029713,-0.011417443226257816,1.8434131590973128,121.45691864865118,0.0015723932981988042,0.193023681640625,55.29186662071038,1.1461879499887146,-0.3466991936471348,11.252001081194196,3.2782466402599324,3.043477236888017,24.135107579935262
1089,2017-05-01,132.0500030517578,133.00999450683594,131.72000122070312,132.86000061035156,123.89276885986328,264200,0.007660426143355048,19.425544093677015,0.00014974276322832913,0.009768975814617676,122.7352273123605,1.3188399918615323,125.37290729608355,120.09754732863743,0.0011358871110785508,-0.0024990671974868582,1.8575344894542667,121.7816986768128,0.007660426143355048,0.9418563842773438,61.57002288636984,1.2422189294881605,-0.24099135934292987,11.28004891531808,3.284100623715933,3.096823679073971,22.167135936991954
1090,2017-05-02,133.97999572753906,135.0500030517578,133.72999572753906,134.99000549316406,125.87896728515625,850700,0.016031592832827846,20.14701498743373,0.00016107230670788848,0.00985227172945362,123.5662602015904,1.178789972382637,125.92384014635567,121.20868025682512,0.0004478098261456933,-0.0018659502013151168,1.8873137260621322,122.32800115792526,0.016031592832827846,1.9861984252929688,65.9028892358813,1.4617437145383008,-0.017872762729273413,11.369917733328682,4.164849176841707,3.0910389843731423,20.76412646913689
1091,2017-05-03,133.80999755859375,134.9600067138672,133.74000549316406,134.1699981689453,125.11434173583984,1008300,-0.006074291565995149,20.205515500594373,0.0001620090700971266,0.00911741456514788,123.83562578473773,1.2982061606743167,126.43203810608637,121.23921346338909,0.0059039575467889835,-0.0005230705231799951,1.875849632213526,122.69951323498054,-0.006074291565995149,-0.7646255493164062,65.81264560836321,1.5560822491530502,-0.10273684353140118,11.296320234026227,4.183939978440348,3.1095793042267372,19.421068503002097
1092,2017-05-04,133.75,135.38999938964844,133.74000549316406,135.05999755859375,125.94424438476562,871400,0.006633153621013355,20.266966507558504,0.00016299600453114984,0.012336402964369159,124.12065887451172,1.5262559949577403,127.1731708644272,121.06814688459623,0.002467303409754673,-7.47252847546729e-05,1.8882924309939197,123.1321440549519,0.006633153621013355,0.8299026489257812,69.283776272509,1.678464135740981,-0.010241341859761098,11.26171875,4.3804847958019835,2.8225979580031324,18.644737547047935
1093,2017-05-05,134.61000061035156,135.9199981689453,134.47000122070312,135.83999633789062,126.6716079711914,481000,0.005775282467086473,19.6339957858198,0.0001529737263958687,0.010771836725856772,124.74439021519252,1.5527371957576346,127.8498646067078,121.63891582367725,0.0005943230866350306,-0.0010400370627267606,1.899197853163371,123.60407257711717,0.005775282467086473,0.7273635864257812,67.7286210066095,1.813242889839671,0.06392785741368087,11.13486099243164,4.370353434131785,3.134785618752893,17.622449452369118
1094,2017-05-08,133.5500030517578,133.77999877929688,133.07000732421875,133.27000427246094,124.27508544921875,957800,-0.018919176604418664,20.954287580236866,0.00017423895555367797,0.005316296809090787,124.9611325945173,1.3172683255078046,127.5956692455329,122.32659594350169,0.003818753239850449,-0.003594127417226927,1.8632665935726405,123.69354096006404,-0.018919176604418664,-2.3965225219726562,58.99848020304186,1.7069994573682976,-0.17863521831425855,10.87338638305664,4.431228796752519,3.178450556647728,16.420359099551284
1095,2017-05-09,134.3000030517578,135.14999389648438,134.24000549316406,134.9600067138672,125.85104370117188,438200,0.012681208355290963,21.317278326010143,0.00018032791874150056,0.006775788403888662,125.37543705531529,0.9967108069251285,127.36885866916555,123.38201544146503,0.001414647641846802,-0.00044674279397169907,1.8868950654671883,123.98120799221175,0.012681208355290963,1.575958251953125,73.69418193423982,1.7300247829967503,-0.5186948796788983,10.716178349086217,4.852686016036302,3.1761469155046713,15.422729489980636
1096,2017-05-10,134.0500030517578,134.5,133.50999450683594,133.8000030517578,124.7693099975586,703900,-0.008595349484600279,21.246065450811454,0.00017912511791276335,0.007385344801385892,125.5006572178432,0.8185270311626246,127.13771128016845,123.86360315551795,0.005221909230184149,-0.0040284112840592275,1.8706765429387302,124.08628825959133,-0.008595349484600279,-1.0817337036132812,64.2104158217871,1.6420570385940891,-0.79849897741452,10.358421325683594,4.8746258363665165,3.190506816895006,15.079975107804046
1097,2017-05-11,133.22999572753906,134.27000427246094,132.82000732421875,134.16000366210938,125.1050033569336,639900,0.0026905122692557626,21.223797470982316,0.0001787498329719345,0.010883412104939883,125.39009094238281,0.8111481745239634,127.01238729143074,123.76779459333488,0.0008256444785641093,-0.00307729802948246,1.8757096211293158,124.22211693923697,0.0026905122692557626,0.335693359375,64.99537002799761,1.581202497845922,-1.5092809601359485,10.293484824044365,4.883270331906007,3.196164753088099,14.737220725627454
1098,2017-05-12,134.11000061035156,135.47000122070312,134.10000610351562,135.44000244140625,126.29862976074219,443300,0.00954099653714957,21.14794931882579,0.0001774745080919142,0.010215458287618218,125.55927494594029,0.865718462351747,127.29071187064378,123.8278380212368,0.0002236878619069925,-7.452469458244155e-05,1.8936057601292087,124.49898531543766,0.00954099653714957,1.1936264038085938,60.34129770023188,1.6107230978730058,-1.2323373220987042,10.017537798200335,4.824408597517929,3.7617075352612694,13.78438222346458
1099,2017-05-15,135.41000366210938,136.13999938964844,135.2100067138672,135.74000549316406,126.57838439941406,577500,0.0022150251289489997,20.961968567460506,0.0001743667167552388,0.006867976151170299,125.64986637660435,0.9424918827680392,127.53485014214043,123.76488261106827,0.0029539464269012637,-0.0014769732134506319,1.8978001444722175,124.77623852663453,0.0022150251289489997,0.279754638671875,59.1283784750199,1.6378125636814644,-1.1107323547046262,9.883263179234095,4.8441971669623385,4.254863502355268,12.92641028554847
1100,2017-05-16,136.8800048828125,137.27000427246094,136.5,137.25999450683594,127.99577331542969,729100,0.01119771691462823,20.805920503711924,0.0001717802888915793,0.005625396295975907,125.83903285435268,1.260858271171898,128.36074939669646,123.31731631200888,7.312803381012216e-05,-0.00277618986891354,1.919051173250558,125.20550983180722,0.01119771691462823,1.417388916015625,70.07006683770317,1.7534400351659087,-0.6385556460178899,9.969737461635045,4.867234860398765,4.607053258630732,12.029565461901795
1101,2017-05-17,135.66000366210938,135.97000122070312,132.8000030517578,132.80999755859375,123.84612274169922,645700,-0.03242021565434172,24.162622451345474,0.0002316794935421682,0.023367227505321903,125.77775246756417,1.3563464227077169,128.4904453129796,123.06505962214874,0.02329355430344856,-0.021082120987369377,1.8568351203620574,125.02425821979283,-0.03242021565434172,-4.149650573730469,53.0443008013441,1.4930228797616536,-1.3717089832692608,9.71186011178153,4.929031724084579,4.252142052522523,12.32686886090026
1102,2017-05-18,132.60000610351562,134.27999877929688,132.30999755859375,134.0,124.9557876586914,689500,0.008960029530408198,21.635228436536686,0.00018574726567504966,0.014856720437593512,125.64985874720982,1.3900725776322513,128.4300039024743,122.86971359194531,0.0021116045732176734,-0.0021870929982874716,1.8734724178736006,125.01512881164598,0.008960029530408198,1.1096649169921875,55.33496965894995,1.3604981174270847,-1.2187765482163722,9.713414873395648,3.724437862399526,4.303796500309129,11.43444983723571
1103,2017-05-19,135.0,135.42999267578125,134.52999877929688,134.85000610351562,125.74845886230469,619200,0.00634361335689726,20.192171171006475,0.00016179514944413673,0.0066666214554398145,125.78973715645927,1.3348660808658166,128.4594693181909,123.12000499472764,0.004296196831597222,-0.0034814905237268517,1.8853570025274022,125.11290615173381,0.00634361335689726,0.7926712036132812,54.97750770378028,1.3043969538642841,-1.3228890755216745,9.74306651524135,3.7797633373045794,3.887095198533326,11.429780801615342
1104,2017-05-22,133.97999572753906,134.52000427246094,133.6699981689453,134.2100067138672,125.1516342163086,548800,-0.004746178612412444,20.324046277894613,0.00016391541948650848,0.006344276239896234,125.79639870779855,1.3309901749717972,128.45837905774215,123.13441835785495,0.00231376002746081,-0.00231376002746081,1.8764087614452447,125.11806989367712,-0.004746178612412444,-0.5968246459960938,47.89195696216079,1.1979681849664985,-1.4432164622422392,9.572660173688616,3.8088812548132025,3.7148361328146438,11.43659554263571
1105,2017-05-23,134.63999938964844,134.80999755859375,133.72000122070312,133.91000366210938,124.87187957763672,687200,-0.0022353254947382606,18.328847476074404,0.00013331216261952322,0.008095635344858947,125.5925772530692,1.3503645414521117,128.29330633597343,122.89184817016498,0.006684446676799149,-0.00683302267614274,1.872214377102236,125.08524451820507,-0.0022353254947382606,-0.279754638671875,49.27694505874537,1.0786151534292685,-1.4996185307897951,9.613897596086774,2.2057667811346775,3.7964178673048807,11.194668267980887
1106,2017-05-24,133.97000122070312,134.27999877929688,133.1699981689453,133.49000549316406,124.48023223876953,938000,-0.0031363933993135973,18.274872493091756,0.00013252816057093697,0.008285441518530254,125.29284123011998,1.3277493667698061,127.94833996365959,122.63734249658036,0.005896792408259906,-0.005971508878617399,1.8663423762877924,125.00457621428033,-0.0031363933993135973,-0.3916473388671875,45.51693621602326,0.9415705101963994,-1.5785795809376144,9.551930563790458,2.230561254844756,3.280239756601061,11.866213859886951
1107,2017-05-25,133.49000549316406,135.02000427246094,133.49000549316406,134.88999938964844,125.78573608398438,457600,0.010487639858437259,17.90790533348244,0.00012725915612419374,0.01146152308290395,124.97712162562779,0.6851838785185057,126.3474893826648,123.60675386859077,0.000973892257567983,0.0,1.8859159029828387,125.10873086357421,0.010487639858437259,1.3055038452148438,47.38006863857795,0.9276119595872672,-1.315373516807718,9.592217581612724,2.5769163310182988,3.2634482661953608,12.058719111069246
1108,2017-05-26,133.86000061035156,134.60000610351562,133.5500030517578,134.1999969482422,125.14230346679688,731800,-0.005115306689129628,18.02513645947991,0.0001289307715805046,0.007844038898626856,125.16229030064174,0.46992484896513614,126.10213999857201,124.22244060271147,0.0029882650041053735,-0.002315834134022688,1.8762688647491748,125.11320721067057,-0.005115306689129628,-0.6434326171875,52.861481421063814,0.8547767386838103,-1.445097659194177,9.714066096714564,2.3864781591187825,3.337151279655072,12.672810900413806
1109,2017-05-30,133.05999755859375,133.80999755859375,133.0,133.41000366210938,124.40563201904297,1020200,-0.005886670033601882,18.178713515740846,0.00013113715281245177,0.006087461096165005,125.08369663783482,0.5494885272073604,126.18267369224954,123.9847195834201,0.0030061168181536703,-0.0004509060551224625,1.8652238890480757,125.01886385178689,-0.005886670033601882,-0.7366714477539062,44.95106245872569,0.7292052479707252,-1.5936199274593228,9.556407928466797,2.4070543374642517,3.3659241471684904,13.286902689758367
1110,2017-05-31,133.05999755859375,133.33999633789062,131.6199951171875,131.99000549316406,123.08146667480469,1436000,-0.010643934062692484,18.390519631337227,0.00013421079853595218,0.012926508734871368,124.70269775390625,0.8526938501092414,126.40808545412473,122.99731005368777,0.010145730268273048,-0.010822204026962623,1.845370568960889,124.76054422818926,-0.010643934062692484,-1.3241653442382812,44.2024211415121,0.516881571114169,-1.5112415232837941,9.576794215611049,2.420510084049323,3.3300670300642348,13.900323835862093
1111,2017-06-01,132.89999389648438,133.8300018310547,132.6199951171875,133.80999755859375,124.77862548828125,707400,0.013788906318127125,18.155275441899104,0.00013079921681397792,0.009104640853555343,124.64941079275948,0.8313508469212321,126.31211248660195,122.98670909891702,0.00015052124439161977,-0.0021068381652068822,1.8708162108585196,124.7629550628682,0.013788906318127125,1.6971588134765625,48.974809635576804,0.4800266120182499,-1.2108599191420524,9.665925707135882,1.4094375609570005,3.8348821243411093,15.397934695334616
1112,2017-06-02,134.6199951171875,134.7899932861328,133.5500030517578,134.6999969482422,125.6085433959961,334300,0.006651122373461105,18.185331738877906,0.00013123265494168244,0.009211040553786836,124.75464848109654,0.9073572961335695,126.56936307336368,122.9399338888294,0.0006685213278479371,-0.007948240263255493,1.8832592384151945,124.87570017395193,0.006651122373461105,0.8299179077148438,47.78167292140514,0.5118855328631469,-1.06397203190027,9.64066641671317,1.8788432776321886,3.8122333741507837,16.314218575137364
1113,2017-06-05,132.89999389648438,133.8300018310547,132.77999877929688,133.16000366210938,124.17250061035156,519500,-0.011432684010332261,18.46117417502167,0.00013524402853987567,0.007900700526560283,124.71068681989398,0.9300400576365095,126.570766935167,122.85060670462096,0.00504137095346425,-0.0009028978382118214,1.8617285306328546,124.78194023213855,-0.011432684010332261,-1.4360427856445312,42.80127910703572,0.4164566528142899,-1.3181384847641913,9.52495847429548,1.6828156853706306,3.8514546038688557,17.150293690129935
1114,2017-06-06,132.36000061035156,133.32000732421875,132.33999633789062,132.6199951171875,123.66895294189453,614500,-0.004055226930132827,18.346517708321123,0.00013356933016735713,0.0074041325310441304,124.40828922816685,0.864023097764652,126.13633542369615,122.68024303263755,0.005288699031454248,-0.0001511353306791464,1.8541787989588356,124.6335419267727,-0.004055226930132827,-0.5035476684570312,36.30462994669401,0.296775446713184,-1.8278232227920388,9.414664677211217,1.6898254092646634,3.5003635964027744,18.027479474286856
1115,2017-06-07,133.7899932861328,134.4600067138672,133.10000610351562,133.99000549316406,124.94645690917969,413400,0.01033002978431763,17.542804212517733,0.0001221230077931466,0.010165189316087102,124.38031114850726,0.8391050411609176,126.0585212308291,122.70210106618542,0.0035129773846235787,-0.005157240580328992,1.8733325211775307,124.67526392442696,0.01033002978431763,1.2775039672851562,54.25677418669324,0.3015352120104069,-1.7515859538951988,9.615866524832589,2.2220072377923943,3.4367119618266018,18.265723034044203
1116,2017-06-08,134.50999450683594,135.08999633789062,133.66000366210938,135.00999450683594,125.89765930175781,312400,0.007612880077660256,17.176683486866775,0.00011707875222539737,0.010631125820978131,124.5934579031808,1.0172075434822496,126.6278729901453,122.5590428162163,0.000594764956671095,-0.0063191649649748894,1.8875939770068362,124.83824997473774,0.007612880077660256,0.951202392578125,53.68897207923881,0.37770746728357096,-1.5019263732918957,9.595128195626396,1.8633357198404037,3.449168155586952,18.692840283913068
1117,2017-06-09,134.22999572753906,134.4499969482422,128.66000366210938,130.02999877929688,121.25374603271484,1203900,-0.03688641468633036,21.281222672890713,0.0001797184279576021,0.04313486903393322,124.33235495431083,1.5598398300673828,127.4520346144456,121.21267529417607,0.03292854287142387,-0.04149588201385102,1.8179674028115425,124.36031611580135,-0.03688641468633036,-4.643913269042969,36.47579200031588,0.06262760630859532,-1.1518298702408185,9.457851954868861,1.8642283380501279,3.4508204559595024,19.119957533781935
1118,2017-06-12,129.22000122070312,129.57000732421875,126.02999877929688,129.0800018310547,120.36788177490234,1941400,-0.007305871255915641,21.328302715537422,0.0001805144828276193,0.027395205939331847,123.70224870954242,2.134527848482096,127.9713044065066,119.43319301257823,0.00379202513956915,-0.024686599684810715,1.80468556701915,123.82799153701482,-0.007305871255915641,-0.8858642578125,35.85218231852221,-0.25561077378286257,-0.6249578951623226,9.425331660679408,1.8752407176862975,3.4712051610632955,19.547074783650803
1119,2017-06-13,131.1999969482422,132.08999633789062,130.35000610351562,131.92999267578125,123.02549743652344,1373900,0.02207910966308302,22.570645246224665,0.00020215635985354106,0.013262120997315406,123.33324214390346,1.9667285336827864,127.26669921126903,119.3997850765379,0.0012195401359078974,-0.006478588906232064,1.844531417560749,123.72099232361597,0.02207910966308302,2.6576156616210938,45.212704298159096,-0.29002636610374566,-0.3316227541279583,9.572742462158203,1.862633588556581,4.953840076442251,21.117174112178446
1120,2017-06-14,132.41000366210938,132.5500030517578,129.0399932861328,130.14999389648438,121.36564636230469,857700,-0.013491927354938538,22.928381397132185,0.00020861534662395108,0.026508644879899124,122.93226296561105,2.0514106945995434,127.03508435481014,118.82944157641195,0.0181255878626656,-0.025451327564164468,1.8196451336711177,123.40694619544114,-0.013491927354938538,-1.65985107421875,42.4228138016952,-0.446094777790222,-0.5148293238299908,9.581055777413505,2.0938001828661656,4.410887267331876,22.505028512160003
1121,2017-06-15,127.87000274658203,128.14999389648438,127.0,127.58000183105469,118.9691390991211,1551700,-0.019746174762085955,23.20511881983801,0.00021368156327095225,0.008993461107242483,122.26086098807198,2.491916577636125,127.24469414334423,117.27702783279973,0.004457590155521627,-0.006803806427581284,1.7837141028566685,122.81523858259847,-0.019746174762085955,-2.3965072631835938,34.25247713743764,-0.7544612663137542,-0.7793445455709079,9.312811170305524,2.135193977996526,3.8453889210577104,23.735962035090207
1122,2017-06-16,129.1999969482422,130.08999633789062,128.77999877929688,129.6300048828125,120.88076782226562,925300,0.01606827398786015,21.579899555461793,0.00018479843842215062,0.010139300228610206,121.68004826136998,2.220687472748335,126.12142320686665,117.2386733158733,0.0035603054639575466,-0.0032507598983424492,1.8123753097773796,122.55730914788742,0.01606827398786015,1.9116287231445312,40.70004408824576,-0.8349664943213497,-0.5683479409050183,9.477567400251116,3.0679357619768033,3.7851257160889724,23.883231841473794
1123,2017-06-19,131.19000244140625,131.82000732421875,130.77999877929688,131.4499969482422,122.577880859375,388000,0.014039562022013952,21.945852670732293,0.00019111922597043145,0.007927498479820341,121.20579419817243,1.3559842170020353,123.9177626321765,118.49382576416835,0.0028204159546518894,-0.0031252660605178054,1.837820265346166,122.56005204275243,0.014039562022013952,1.697113037109375,46.17177300408602,-0.7531428666454048,-0.3810285706586544,9.639820643833705,3.060233385236643,4.769206896658895,24.5789945710418
1124,2017-06-20,130.6300048828125,131.05999755859375,128.42999267578125,128.49000549316406,119.81769561767578,604100,-0.022517808452454657,23.009902493558553,0.0002101014336361395,0.02013323726943028,121.00064413888114,1.452702747955341,123.90604963479183,118.09523864297046,0.019673826604654988,-0.016841553431808178,1.7964365806410616,122.19440451940888,-0.022517808452454657,-2.7601852416992188,43.551911761114944,-0.9006389284405998,-0.685684860447726,9.60751724243164,3.0908218170136186,3.7029745200768365,24.941400292407344
1125,2017-06-21,128.5800018310547,130.6300048828125,128.5,130.42999267578125,121.62674713134766,710600,0.015098366767495985,23.747960274903637,0.0002237958798485717,0.01656560003484197,121.18048204694476,1.4391720234897,124.05882609392415,118.30213799996537,0.001555546773860311,-0.0006221949752326526,1.8235598390101266,122.11871686766739,0.015098366767495985,1.809051513671875,43.800383151306946,-0.8616230278625494,-0.48601024663329717,9.612072535923549,3.0594935501079306,3.7002122087359126,25.333234440799192
1126,2017-06-22,130.27999877929688,130.7899932861328,129.67999267578125,130.02000427246094,121.24445343017578,660400,-0.0031431713022713748,23.75477674084112,0.00022392437222508167,0.008520115295917207,120.92604718889508,1.195418166049552,123.31688352099418,118.53521085679598,0.005910262671834135,-0.004605512044347467,1.8178280780561753,122.00214840933518,-0.0031431713022713748,-0.382293701171875,41.262145710643985,-0.8517323123707996,-0.5282060307601102,9.551492418561663,2.922649125220824,4.296847904958443,24.977679582381896
1127,2017-06-23,132.94000244140625,135.4199981689453,132.89999389648438,134.63999938964844,125.55260467529297,1276100,0.03553276973282937,26.940437728737336,0.0002880107877047514,0.0189559517540376,121.52418409075055,2.132352379356374,125.7888888494633,117.2594793320378,0.005867299270140017,-0.00030095188947742725,1.8824205445676172,122.47554257812955,0.03553276973282937,4.3081512451171875,52.47824091516251,-0.49060664036797164,-0.05084069595682689,9.976784297398158,5.106694856117806,4.197219194602871,24.53613370867514
1128,2017-06-26,135.80999755859375,136.07000732421875,133.66000366210938,133.77999877929688,124.75064849853516,978400,-0.006387411705490731,26.789583872366613,0.0002847943666883194,0.017745406858354483,122.35011400495257,2.097151088251021,126.54441618145461,118.15581182845054,0.01686185543103243,-0.015830895627229384,1.8703967495465899,122.77889003418363,-0.006387411705490731,-0.8019561767578125,51.921795475851084,-0.2660561748037651,-0.12742521831904216,10.074634007045201,4.74730826342662,4.567348281087889,24.068374605478773
1129,2017-06-27,134.72000122070312,134.89999389648438,132.2899932861328,132.3699951171875,123.4358139038086,1783600,-0.010539701480926533,26.978747045664342,0.00028883047307696113,0.019373519794405034,122.71512058803013,2.0197117594549754,126.75454410694009,118.67569706912018,0.018779681980199366,-0.01803746965967872,1.8506833261554736,122.86647988346697,-0.010539701480926533,-1.3148345947265625,47.31966999410607,-0.1919814338435799,-0.258384727849698,10.028797694614955,4.716678760743133,4.508885062815764,23.384695947806883
1130,2017-06-28,133.22000122070312,135.27999877929688,132.5,134.99000549316406,125.87896728515625,773900,0.019792905349589773,27.789039044567854,0.0003064407504049667,0.02086772822266607,123.18670436314174,2.34199935698964,127.87070307712102,118.50270564916246,0.0021767999059869843,-0.005404603018358423,1.8873137260621329,123.26814487035887,0.019792905349589773,2.4431533813476562,49.96850239021861,0.06313758090615806,-0.015042964701162037,10.150272369384766,4.82623526777586,4.440715999837608,22.79186412603847
1131,2017-06-29,132.6699981689453,133.17999267578125,128.35000610351562,129.60000610351562,120.85279846191406,1988500,-0.03992858323866211,30.96622715509043,0.0003805187397701031,0.036406019740160084,123.33457619803292,2.1155613991215994,127.56569899627613,119.10345339978971,0.026984145787857627,-0.032561936572340196,1.8119559628535915,122.94609868256623,-0.03992858323866211,-5.0261688232421875,49.332963046358394,-0.13865030604036122,-0.5156569632603931,10.060892922537667,4.86404858493102,4.4755087923935415,22.23678593207881
1132,2017-06-30,131.11000061035156,131.47999572753906,129.8800048828125,130.30999755859375,121.51483917236328,899500,0.0054780751366536595,30.608444845594367,0.0003717765459784888,0.012203423364184151,123.31858934674945,2.1309846654539872,127.58055867765742,119.05662001584147,0.008923790431688377,-0.009381402805377992,1.8218819937624111,122.75526408120584,0.0054780751366536595,0.6620407104492188,51.92245425133314,-0.2423538040276867,-0.6047581475474924,10.225959777832031,4.866881327917037,4.732498029090114,20.10111606073946
1133,2017-07-03,131.10000610351562,131.33999633789062,129.3300018310547,129.6699981689453,120.91803741455078,427900,-0.004911348785689995,30.502185324845726,0.0003691997260282671,0.015331765165966967,123.27195848737445,2.1867770266551236,127.64551254068469,118.8984044340642,0.012738353098372047,-0.013501176125524775,1.8129340958446756,122.51030052565183,-0.004911348785689995,-0.5968017578125,46.20547359976483,-0.3684492340822487,-0.6705576266966347,10.090462820870536,4.4100570714475404,4.736731495028266,18.653456900809644
1134,2017-07-05,129.49000549316406,131.57000732421875,129.44000244140625,131.47999572753906,122.60588073730469,796200,0.013958573582925071,30.741689980701903,0.00037502043764666164,0.01644918366247923,122.85099792480469,1.9448144964596237,126.74062691772393,118.96136893188545,0.0006951238926655179,-0.0003861537542405327,1.8382400698225172,122.52304455387221,0.013958573582925071,1.6878433227539062,52.23081956270667,-0.32840032608102376,-0.48446700268500636,10.17099598475865,4.468380499270032,4.682063128939435,16.898675078584205
1135,2017-07-06,130.7899932861328,131.77000427246094,130.10000610351562,131.22000122070312,122.36341857910156,832000,-0.0019775736428387924,30.71919236557261,0.0003744717379337517,0.012768546942974546,122.50996507917132,1.7563578819683061,126.02268084310793,118.99724931523471,0.004205238015071657,-0.005275534964725351,1.834604814711226,122.50176109056946,-0.0019775736428387924,-0.242462158203125,56.618158741794886,-0.31262223327482275,-0.7754645826168424,10.340979984828405,4.468027947027756,4.995074044379825,15.502752558192231
1136,2017-07-07,131.8300018310547,133.5399932861328,131.8300018310547,132.88999938964844,123.92071533203125,588700,0.012726816323155976,30.834951782546945,0.0003772993061238073,0.01297118585547428,122.57923671177456,1.8077697296941457,126.19477617116284,118.96369725238627,0.00493054606277991,0.0,1.8579534932136332,122.69095498943103,0.012726816323155976,1.5572967529296875,56.01033086897681,-0.17246903231517763,-0.5737422371911183,10.344959803989955,4.758446718059056,4.9859471920183775,14.591733931449458
1137,2017-07-10,134.0,135.0500030517578,133.50999450683594,134.80999755859375,125.71113586425781,439700,0.014448113274922125,31.142874246077845,0.0003848724667884993,0.01149260108150653,122.55526079450335,1.7571157667108497,126.06949232792505,119.04102926108166,0.0017910857698810634,-0.0036567574116721084,1.884797415743121,123.09364577274128,0.014448113274922125,1.7904205322265625,56.172038343759276,0.08212863519338498,-0.34182251580233153,10.358534676688057,4.439124777740535,5.755288797208777,13.785052889062694
1138,2017-07-11,133.6999969482422,136.05999755859375,133.6699981689453,135.82000732421875,126.65296173095703,1100900,0.007491984383278583,28.150076628097665,0.00031445508498721035,0.0178758372789915,123.38385554722377,2.145208809837262,127.6742731668983,119.09343792754925,0.0017949905748158303,-0.0002243738218519788,1.8989182885475124,123.56822123383672,0.007491984383278583,0.9418258666992188,64.50343519112096,0.35579521152290283,-0.21982436583138645,10.491873604910714,4.874274647702597,5.706922607615524,12.738299856540957
1139,2017-07-12,136.61000061035156,137.5500030517578,136.27999877929688,137.0399932861328,127.79061126708984,841300,0.008982415575479852,28.020262673092628,0.0003115615556623443,0.009296568822097666,124.28039441789899,2.513673446222841,129.30774131034468,119.25304752545331,0.003733326720930812,-0.0024156491441350725,1.9159751617591252,124.13120657160381,0.008982415575479852,1.1376495361328125,63.46239341362346,0.6569043700877017,-0.06080380673742103,10.497925894601005,4.816132491566042,6.8451911722550935,12.145393117959395
1140,2017-07-13,136.75999450683594,137.57000732421875,136.3699951171875,136.85000610351562,127.61343383789062,484300,-0.0013864667164703581,27.173610932716517,0.0002930179091756549,0.008774585077738267,125.23687962123326,2.28440308444557,129.8056857901244,120.66807345234211,0.00526470641724935,-0.002851706678219729,1.9133187259677622,124.59550354044205,-0.0013864667164703581,-0.17717742919921875,64.0361458140324,0.8711962023024995,-0.07988852148642431,10.541936601911273,4.859769573596471,4.934386250434418,10.022192764177904
1141,2017-07-14,138.0399932861328,140.0500030517578,137.88999938964844,139.9199981689453,130.4762420654297,1164700,0.02243343934444808,27.46032641322843,0.00029923393917502,0.015647665656083193,126.36121695382255,2.6767768972401416,131.71477074830284,121.00766315934227,0.0009417914310023369,-0.0010865973904639638,1.9562410455533568,125.37960201044041,0.02243343934444808,2.8628082275390625,61.589152562826634,1.257532667889265,0.18172961679562738,10.417724064418248,5.7241259684328005,4.868267792748174,8.710674981732518
1142,2017-07-17,140.4199981689453,140.7899932861328,139.10000610351562,140.22000122070312,130.75599670410156,869900,0.0021441040471688044,26.13061050120113,0.0002709558750656675,0.01203523148165756,127.5601566859654,2.4583296898828446,132.47681606573107,122.6434973061997,0.0040591943659186325,-0.009400313934212907,1.9604354298963655,126.0964546362619,0.0021441040471688044,0.279754638671875,64.49150411124648,1.5682036856887294,0.19340780382377798,10.403177533830915,5.632650870098394,5.338343155623582,7.476713465711655
1143,2017-07-18,141.27999877929688,143.3800048828125,141.1300048828125,143.25,133.58151245117188,1252200,0.021609071998926366,26.50381819911506,0.00027875094409989757,0.015925821202156708,128.94027056012834,2.7670230973562235,134.4743167548408,123.4062243654159,0.0009201931195907603,-0.0010616782119222035,2.002798620250242,127.09446234491656,0.021609071998926366,2.8255157470703125,72.81889156308954,2.0191329052615714,0.34807097621740374,10.57993916102818,5.886898980866465,5.302255752402286,7.2271820052222
1144,2017-07-19,148.6199951171875,150.82000732421875,147.9600067138672,150.6300048828125,140.46339416503906,2528800,0.051518219756515604,30.940430046427654,0.00037988500454677875,0.019243713526544255,131.04773603166853,4.781974708243005,140.61168544815453,121.48378661518252,0.0012784446753374757,-0.004440777990874706,2.10597923969634,128.87698658759956,0.051518219756515604,6.8818817138671875,77.34274428402892,2.8983969843207404,0.5390915622364345,10.965247017996651,8.978495933182542,4.281514456996371,7.874545064082925
1145,2017-07-20,152.24000549316406,154.35000610351562,151.36000061035156,153.82000732421875,143.43807983398438,2971500,0.02117765761412671,29.408264228625242,0.00034319285910342797,0.019640077412492744,133.44561004638672,6.207007766949422,145.85962558028555,121.03159451248787,0.0034813371004553282,-0.005780378685364763,2.150578946977088,130.81846568711754,0.02117765761412671,2.9746856689453125,95.8711732416994,3.7915457949602143,0.5638719262113873,11.435646057128906,10.279328640175486,4.182654264866885,9.452930455619967
1146,2017-07-21,153.08999633789062,154.35000610351562,152.64999389648438,154.2899932861328,143.8763427734375,938400,0.0030554155490674084,29.377490882141117,0.0003424749883056682,0.01110465900906477,135.74357169015067,6.7208438523952045,149.18525939494108,122.30188398536026,0.00039201005172379764,-0.002874142347192329,2.157149859331179,132.55951596529354,0.0030554155490674084,0.438262939453125,95.83329814872674,4.483058906215774,0.5813884275948628,11.45598384312221,10.27495561146219,4.701876333101949,10.773541736928976
1147,2017-07-24,153.8800048828125,154.5,153.05999755859375,153.74000549316406,143.3634796142578,1272100,-0.0035646107573591435,29.398338884387208,0.0003429612417306637,0.0093579568216344,137.9935782296317,6.158254647366123,150.31008752436395,125.67706893489947,0.0049388775846134925,-0.005328875085773669,2.149460459737371,134.0000444518221,-0.0035646107573591435,-0.5128631591796875,96.16418932977741,4.932841531610023,0.5556056875223767,11.513019561767578,10.211270341953869,4.345943835833959,11.7857795905532
1148,2017-07-25,154.35000610351562,154.3800048828125,152.55999755859375,152.72999572753906,142.42166137695312,974600,-0.00656944320714592,28.048242449331713,0.00031218408908590984,0.011791430205698552,139.70006670270647,5.326935623221109,150.35393794914867,129.04619545626426,0.010690049174127343,-0.011597074662383858,2.135339701321121,135.12292670850624,-0.00656944320714592,-0.9418182373046875,92.04597110180676,5.153889808568579,0.5049859981814521,11.539059230259486,8.358318779116297,4.405002329385821,12.795248539396605
1149,2017-07-26,153.0,154.6999969482422,152.91000366210938,154.52999877929688,144.10011291503906,768800,0.011785086073694329,27.727790814734288,0.0003050914220101836,0.011699302523743873,141.6063690185547,3.7457433107131384,149.09785563998096,134.1148823971284,0.001111099143433415,-0.0005882113587622549,2.160504863497767,136.3198848693773,0.011785086073694329,1.6784515380859375,93.47267226431205,5.4022355635421775,0.5365156844639206,11.761502947126116,8.295479634115905,4.196837194685353,14.265596020148498
1150,2017-07-27,154.89999389648438,155.72999572753906,151.47999572753906,153.24000549316406,142.89723205566406,1019400,-0.00834753585574366,27.56263090251917,0.0003014677072494064,0.027437057246368673,142.93718610491072,1.228416550595517,145.39401920610175,140.4803530037197,0.01607482461257549,-0.02207874953972437,2.142469971683211,137.19686449421553,-0.00834753585574366,-1.202880859375,88.49817360079247,5.439288202576563,0.4224679132817382,11.793882097516741,8.680360187168683,4.170475490423451,15.829487835912532
1151,2017-07-28,151.6999969482422,152.8800048828125,151.64999389648438,152.52999877929688,142.23516845703125,539100,-0.0046331450169371236,27.44821060960086,0.00029896994669404955,0.008108180692632359,143.19029671805245,0.704600438715371,144.5994975954832,141.7810958406217,0.002307225514546595,-0.0003296180142631961,2.1325435976099696,137.8686383559243,-0.0046331450169371236,-0.6620635986328125,85.1311466262493,5.353517667426786,0.3882670551225545,11.711988176618304,8.586952450567193,4.276370352360754,17.227130228455604
1152,2017-07-31,151.74000549316406,152.33999633789062,149.91000366210938,150.3300018310547,140.18360900878906,868100,-0.0144237144054985,23.16088613479029,0.00021286771688441294,0.016014186027499003,142.72537231445312,1.319372468921399,145.36411725229593,140.08662737661032,0.013246305747145162,-0.012060114437897063,2.101784397800769,138.17730110963961,-0.0144237144054985,-2.0515594482421875,77.47074854420394,5.0616526178920935,0.20069978622001686,11.694557189941406,8.485213905619071,4.225703750931078,18.624772620998677
1153,2017-08-01,151.9499969482422,152.10000610351562,150.57000732421875,150.9199981689453,140.73379516601562,391600,0.003924753836178185,23.18159592814516,0.00021324856737134752,0.010069093846826659,142.27643694196428,1.3949497022299333,145.06633634642415,139.4865375375044,0.007765764779661374,-0.00908186674392297,2.110033384178857,138.51816698382308,0.003924753836178185,0.5501861572265625,76.9202011197226,4.819190262646316,0.2254028879779504,11.76736831665039,8.439238818255305,3.8371655673222973,20.34321197015852
1154,2017-08-02,152.57000732421875,152.88999938964844,150.30999755859375,151.02000427246094,140.82705688476562,855200,0.0006626817577113364,22.895853225956966,0.00020802384720022363,0.016910281885036925,141.9140908377511,1.3949483810436105,144.7039875998383,139.1241940756639,0.012256636477795197,-0.01481293607610812,2.1114316648107145,138.82601897061542,0.0006626817577113364,0.09326171875,77.57895005031911,4.5817470130218965,0.16463330145865157,11.937140328543526,8.686160000038106,3.7999377943278527,22.036632684524537
1155,2017-08-03,152.66000366210938,152.8300018310547,151.4600067138672,152.1699981689453,141.89944458007812,924000,0.0076149265562655,22.771371168970393,0.00020576799401389505,0.00897415881254519,141.83948843819755,1.3771294994251073,144.59374743704777,139.08522943934733,0.004323356781585023,-0.007860585087487654,2.1275100618668215,139.2358090518771,0.0076149265562655,1.0723876953125,75.76789341909884,4.429048932594412,0.16833675425259872,11.906167166573661,8.542396472554877,4.254652285583109,23.52094271637826
1156,2017-08-04,152.61000061035156,153.05999755859375,151.9499969482422,152.94000244140625,142.61746215820312,491200,0.005060045021668902,22.54808081143566,0.00020175236042818752,0.0072734460776633465,141.627681187221,1.0456017288210642,143.71888464486312,139.53647772957885,0.0007862860671488701,-0.004324773340342984,2.1382753585639214,139.68669613272058,0.005060045021668902,0.718017578125,76.2377266912611,4.31621794780682,0.10188069918741671,11.966653006417411,8.472391266984719,4.149997419440184,24.886389397162684
1157,2017-08-07,153.35000610351562,154.66000366210938,153.33999633789062,154.4199981689453,143.99757385253906,476000,0.009677017620780548,22.48220448727641,0.00020057520579671068,0.008607807444935524,141.78487287248885,1.3160145077736312,144.4169018880361,139.1528438569416,0.0015650830362670606,-6.52739825666725e-05,2.158967486886825,140.2614798286964,0.009677017620780548,1.3801116943359375,74.61444543244492,4.288724314854107,-0.5099663402812963,11.92511967250279,8.372853301777274,4.135297847747013,26.38846897972755
1158,2017-08-08,154.47999572753906,155.1999969482422,152.91000366210938,153.1300048828125,142.79464721679688,490700,-0.008353797939498975,22.94759291700934,0.00020896508757332414,0.014823882376147533,141.86479840959822,1.3640336372082154,144.59286568401464,139.1367311351818,0.013399741860950033,-0.010163076830988065,2.1409319087434246,140.59923548044313,-0.008353797939498975,-1.2029266357421875,57.530141562580404,4.122349408523064,-1.2225715027305928,11.493971688406807,8.591156975450225,3.447098543820197,27.808482754799247
1159,2017-08-09,152.66000366210938,153.72999572753906,152.35000610351562,153.55999755859375,143.19561767578125,547100,0.0028080216366626054,22.971298168901992,0.00020939703950976167,0.009039627871867755,142.29508536202567,1.2118980064660796,144.71888137495785,139.8712893490935,0.0011135737250575377,-0.0020306403193850586,2.1469436918657974,140.94541977315487,0.0028080216366626054,0.400970458984375,49.060643751655256,3.9770066050371042,-1.1536761409368699,11.283167157854352,8.158596157768795,3.4388515172472904,29.371686569566698
1160,2017-08-10,152.4600067138672,152.5,150.08999633789062,150.17999267578125,140.0437469482422,844800,-0.022010944040727676,24.88675043962358,0.000245773947398454,0.015807448222355157,142.1965070452009,1.3768959325140666,144.950298910229,139.44271518017277,0.015217153496345287,-0.015545128372088648,2.099687434405546,140.82519672983318,-0.022010944040727676,-3.1518707275390625,37.731272304179925,3.566380742501849,-1.6952354235106275,11.168342590332031,8.211948619560673,2.3896800555975584,31.158292452632036
1161,2017-08-11,149.38999938964844,151.33999633789062,148.9499969482422,151.19000244140625,140.985595703125,416900,0.006725389568667417,24.804125521786304,0.0002441446995637024,0.015998389446502975,142.21915544782365,1.3516888411233932,144.92253313007043,139.51577776557687,0.0010040424198219015,-0.0029453272856545627,2.1138086503743594,140.84658325960544,0.006725389568667417,0.9418487548828125,42.591502693143305,3.2791560415602987,-1.1746906606291663,11.216384887695312,8.161119852687403,2.33816532083197,33.76298942975514
1162,2017-08-14,150.86000061035156,153.3000030517578,150.83999633789062,152.61000061035156,142.3097381591797,552600,0.009392040721968087,24.04030986019567,0.0002293398802278654,0.016306553784399158,142.27776881626673,1.3443906822562983,144.96655018077934,139.58898745175412,0.004573793176551957,-0.00013260156688322898,2.1336616272971236,141.04167057954868,0.009392040721968087,1.3241424560546875,49.659407820015026,3.1223827419715917,-0.9793893782604978,11.309090750558036,7.952899651051999,2.3393314513875847,35.97545939585109
1163,2017-08-15,151.4499969482422,152.6300048828125,151.33999633789062,152.4600067138672,142.16989135742188,376800,-0.000982693128149692,24.09915174416733,0.00023046393443984238,0.008517719187295419,142.21383013044084,1.3361603403022793,144.8861508110454,139.54150944983627,0.0011224706000054203,-0.0007263163589838503,2.131564892678182,141.19210001659843,-0.000982693128149692,-0.1398468017578125,43.51929932057129,2.9528160787123454,-1.0000157539148478,11.169228690011161,7.952688108275595,2.049409946899519,38.65821179439696
1164,2017-08-16,152.1999969482422,154.1300048828125,152.0399932861328,153.6699981689453,143.29820251464844,518900,0.007936358018238332,23.299750465208728,0.00021542792529404513,0.013732008137887323,142.1139199393136,1.1997356797401852,144.51339129879398,139.71444857983323,0.003022383200333568,-0.0010512724396688823,2.1484817548055837,141.47291368300512,0.007936358018238332,1.1283111572265625,51.35302961650945,2.87632210632259,-0.904287109375,11.192816598074776,7.528096056748473,2.05497964234006,41.129032124766766
1165,2017-08-17,152.86000061035156,153.19000244140625,150.60000610351562,150.64999389648438,140.48202514648438,486000,-0.019652565899256014,16.988472244552074,0.00011452705920790305,0.016943584505750894,141.7835453578404,1.2956242798626627,144.37479391756574,139.19229679811508,0.016616567674865412,-0.014784734383174484,2.1062585755359176,141.34079521146901,-0.019652565899256014,-2.8161773681640625,44.83507334668762,2.558960006205581,-1.35487548828125,11.186318533761161,4.6214575237732145,2.118697989049445,41.210456825100366
1166,2017-08-18,152.0,152.61000061035156,150.97999572753906,152.25999450683594,141.9833526611328,688800,0.010686972323206145,15.68405593872209,9.761492487657266e-05,0.010723716334292763,141.61036464146204,1.1480336414274241,143.90643192431688,139.3142973586072,0.0023026717336554277,-0.006710554424085115,2.1287681026381855,141.42646953809086,0.010686972323206145,1.5013275146484375,55.47987719663406,2.4009165670408095,-1.1146630859375,11.330829075404576,3.155035650409927,2.296115560608811,39.95331940652467
1167,2017-08-21,152.16000366210938,152.3000030517578,150.94000244140625,151.58999633789062,141.35861206054688,562600,-0.00440009753873738,15.687425841002433,9.765687679244067e-05,0.008937963838195067,141.79820251464844,0.9371938922621088,143.67259029917267,139.9238147301242,0.0046661849157407205,-0.008017883749610658,2.1194013153492244,141.41742187441832,-0.00440009753873738,-0.6247406005859375,51.893850397473635,2.199895630132289,-1.21462158203125,11.216561453683036,3.1630417997889126,1.752035975171647,39.54838439302841
1168,2017-08-22,151.89999389648438,154.80999755859375,151.8699951171875,154.3699951171875,143.95095825195312,839100,0.018338792052484898,16.98149860795943,0.00011443305356036808,0.019354855559834846,142.2218257359096,1.1538215741167095,144.529468884143,139.91418258767618,0.0028966587168272003,-0.0001974903258871645,2.1582685753471766,141.7552267247563,0.018338792052484898,2.59234619140625,58.222945910296595,2.224127405599546,-0.79984619140625,11.309074401855469,4.1825995344697535,1.5584709897119564,39.806310844509504
1169,2017-08-23,153.89999389648438,154.1999969482422,153.1300048828125,153.39999389648438,143.04641723632812,532300,-0.006283674847386678,16.967322782461046,0.0001142420803191354,0.006952515320756812,142.32706560407365,1.1960016644931282,144.7190689330599,139.9350622750874,0.005198200672417878,-0.005003177675171203,2.1447067173863625,141.92738545963255,-0.006283674847386678,-0.904541015625,53.046055542858255,2.1456091155528156,-0.94457275390625,11.183795383998326,4.1961645612078975,2.0959737912843175,39.92078566025401
1170,2017-08-24,153.2899932861328,153.89999389648438,152.7100067138672,153.4499969482422,143.09303283691406,400200,0.0003258774423473554,16.443090308895002,0.00010729175353431596,0.007762980199209378,142.45894295828683,1.226293907872883,144.9115307740326,140.00635514254105,0.002935592458421067,-0.0037835905647344873,2.1454056289260097,142.08280510993674,0.0003258774423473554,0.0466156005859375,51.30969519866673,2.0633591742176236,-0.9371142578125,11.161868504115514,4.221581317492338,1.9598697688623707,40.100756003967
1171,2017-08-25,153.74000549316406,154.8000030517578,153.5500030517578,154.22000122070312,143.8110809326172,535300,0.00501805071475081,16.268013512706204,0.00010501915224190127,0.008130609830474998,142.53221130371094,1.298019211241405,145.12824972619376,139.93617288122812,0.0037726148714133934,-0.001235868574329525,2.156171383175672,142.31324188629415,0.00501805071475081,0.718048095703125,49.466971603219626,2.032684462296345,-0.8222265625,11.137899126325335,4.164953299240429,1.9592276808669133,40.14468772829936
1172,2017-08-28,153.6699981689453,154.36000061035156,153.38999938964844,154.1199951171875,143.71786499023438,261400,-0.0006481833095078882,16.17238042404111,0.00010378805102377287,0.006312235519367303,142.99447413853235,0.9845325559535075,144.96353925043937,141.02540902662534,0.0015618240126494935,-0.0018220783668458393,2.1547737888726592,142.5005249668195,-0.0006481833095078882,-0.0932159423828125,52.817436590912905,1.978051043452325,-0.8928551899406574,11.091220310756139,4.1549560744430085,1.8824499356817743,40.34134472158935
1173,2017-08-29,153.6300048828125,155.52999877929688,153.5,155.14999389648438,144.6782989501953,575500,0.006682773641441209,15.342599540289479,9.341085740225811e-05,0.013213556693208067,143.3794664655413,1.0481087597602639,145.47568398506183,141.28324894602076,0.0024735069370229084,-0.0008462206514389327,2.169173654352206,142.7908948312696,0.006682773641441209,0.9604339599609375,54.37537767683381,1.989321005056297,-0.6491940439722003,11.153847830636161,4.617581428604278,1.8689216531446353,40.76345999678789
1174,2017-08-30,153.83999633789062,155.3000030517578,153.4199981689453,154.80999755859375,144.3612823486328,834200,-0.0021911828094662855,15.369510075529499,9.373882538166758e-05,0.012220520850008996,143.80841936383928,0.6032271011146704,145.01487356606862,142.60196516160994,0.0031851631879126264,-0.0027300973670256606,2.164420598330042,143.0002798335847,-0.0021911828094662855,-0.3170166015625,65.30106356976148,1.9501913485808586,-0.697372845392334,11.247942243303571,4.642883874559667,1.5998262010337136,41.29958553949869
1175,2017-08-31,154.9199981689453,156.6699981689453,154.58999633789062,156.30999755859375,145.76002502441406,787400,0.009689181566032934,15.641174099053245,9.70818758717832e-05,0.013426296511999553,144.06685747419084,0.9577937438634383,145.9824449619177,142.15126998646397,0.0023237839827429515,-0.0021301435254008315,2.185392062492524,143.3682458590286,0.009689181566032934,1.39874267578125,66.38950726247035,2.0088904197968134,-0.7973620108445638,11.32026127406529,4.885207394186035,1.59879420844178,41.849664231955465
1176,2017-09-01,157.16000366210938,157.57000732421875,156.3800048828125,157.27999877929688,146.66456604003906,739700,0.006205686473184313,15.581384925321956,9.634109372660707e-05,0.007571916605224378,144.583735874721,1.2477220364991766,147.07917994771935,142.08829180172262,0.0018453075729457677,-0.004963087052185717,2.198953920453338,143.80775521649667,0.006205686473184313,0.904541015625,65.39253947399646,2.1041435005452342,-0.5646254482405327,11.28423091343471,4.889197751232956,1.8710163981101553,42.38016480694075
1177,2017-09-05,155.91000366210938,156.4600067138672,153.47000122070312,154.80999755859375,144.3612823486328,493400,-0.015704431912868855,16.62887234345806,0.00010972991881548568,0.019177765524552547,144.7649143763951,1.0753582473029073,146.9156308710009,142.6141978817893,0.010583087143332788,-0.015650069810108285,2.1644205983300426,143.88155883411483,-0.015704431912868855,-2.30328369140625,56.71820809113355,1.971055408933438,-0.8950821610119399,11.246743338448661,4.917614761842208,1.6732692577305148,43.093539753787944
1178,2017-09-06,156.30999755859375,157.27999877929688,155.8800048828125,156.47999572753906,145.9185028076172,496400,0.010786967486362986,16.70920018203179,0.0001107926074298455,0.008956521773084787,145.06597464425224,1.0586846553041898,147.18334395486062,142.94860533364385,0.005118054278376701,-0.0027508968236024996,2.187768132951043,144.15315136391516,0.010786967486362986,1.557220458984375,57.82728235720967,1.9685446568610416,-0.6716646307023421,11.31521497453962,4.22063936748177,2.689337763059776,42.535557919949376
1179,2017-09-07,159.00999450683594,160.94000244140625,158.32000732421875,160.86000061035156,150.0029296875,1027800,0.02799115123369811,18.83967878978134,0.000140846625754816,0.016476920996779637,145.9638410295759,1.9848533251768765,149.93354767992963,141.99413437922215,0.0005031245444842033,-0.0043392692689359505,2.2490062816247414,144.93312180705982,0.02799115123369811,4.0844268798828125,76.43740985734793,2.2699672129560895,-0.093707275390625,11.681622096470424,5.455718575937173,2.6464651611608807,42.15183716420565
1180,2017-09-08,160.25,161.10000610351562,159.08999633789062,159.72000122070312,148.93984985351562,659400,-0.007087060474079254,19.123357765421705,0.00014512016358107704,0.01254296265600624,146.57263401576452,2.1697720355249546,150.91217808681444,142.2330899447146,0.00861157493174727,-0.007238712400058502,2.233067438100283,145.46735221325392,-0.007087060474079254,-1.063079833984375,69.7984892556844,2.395451824701837,-0.19686534123506036,11.607986450195312,5.452037964580811,2.9658738739954407,41.62030410608149
1181,2017-09-11,161.11000061035156,162.8800048828125,160.94000244140625,162.77999877929688,151.7933349609375,698200,0.01915864095625386,17.904511617923895,0.0001272109270937981,0.01204147746295522,147.63435581752233,2.668405703467483,152.9711672244573,142.29754441058736,0.0006207318176200135,-0.0010551683216515975,2.2758499753779478,146.31081657961172,0.01915864095625386,2.853485107421875,76.35430733087922,2.69409582452829,-0.006962769142071535,11.866808210100446,5.348608100916173,3.6666822982762124,39.89353004867715
1182,2017-09-12,161.8699951171875,162.10000610351562,160.86000061035156,161.35000610351562,150.45986938476562,439400,-0.008784743918532567,18.395989665023322,0.0001342906491093827,0.007660502443744113,148.3057621547154,2.709158531694185,153.72407921810378,142.88744509132704,0.004633347887958047,-0.0062395412201300265,2.2558572161472537,146.86402362029892,-0.008784743918532567,-1.333465576171875,67.55548129332611,2.791000897238689,-0.22125248124158853,11.642185756138392,5.370356042926434,3.6815913722798403,38.14095305074407
1183,2017-09-13,160.60000610351562,161.0,160.0,160.07000732421875,149.26626586914062,613300,-0.007933035702514357,18.63457391167187,0.00013779656542442905,0.006226649825626061,148.67743355887276,2.6235886672338253,153.9246108933404,143.43025622440513,0.005790738732486835,-0.003736027899830139,2.237961420311783,147.18432258681116,-0.007933035702514357,-1.193603515625,66.5182703358085,2.739901162107344,-0.3386176464851516,11.662978036063057,4.598530690797387,3.708628586849833,36.05384214468237
1184,2017-09-14,160.6999969482422,161.88999938964844,160.2899932861328,161.42999267578125,150.534423828125,525500,0.008495944824506774,18.710708157125026,0.000138924841167105,0.009956478742379506,149.55931091308594,1.856277766766561,153.27186644661907,145.8467553795528,0.002862518497840079,-0.0025513607336372745,2.2569750170581266,147.6310027523197,0.008495944824506774,1.268157958984375,68.55826831761311,2.7698054100902993,-0.3009034677145756,11.789417811802455,4.920000998474324,3.4686034566105044,34.06725240588674
1185,2017-09-15,163.0399932861328,163.1300048828125,162.14999389648438,162.41000366210938,151.44834899902344,632300,0.006071203832698879,18.657172816879598,0.00013813099107893271,0.006010862528730727,150.3492889404297,1.0503274987534508,152.44994393793658,148.2486339429228,0.004416101879000531,-0.005458779601925655,2.2706775724319956,148.13998225188018,0.006071203832698879,0.9139251708984375,68.8624835123422,2.8345756418285077,-0.19934797695830153,11.852890014648438,4.293813696752029,4.220208457077307,31.388785856918837
1186,2017-09-18,164.80999755859375,167.2100067138672,164.6699981689453,166.99000549316406,155.71920776367188,1294000,0.028200101175589465,18.796027281710092,0.00014019469903761494,0.015411738259499964,151.16590009416853,2.2607968406837218,155.68749377553598,146.6443064128011,0.0013348778833936303,-0.0008494593272393229,2.3347109097117196,149.1505456534524,0.028200101175589465,4.2708587646484375,74.57051887617648,3.193713979637181,0.16673010660122026,12.225228445870536,5.8225050454824645,4.121281698792009,30.435277826162043
1187,2017-09-19,168.63999938964844,168.69000244140625,167.6699981689453,168.2899932861328,156.93141174316406,992800,0.007784550132902579,18.711727479493018,0.00013893997828048159,0.0060484124534665295,152.30755179268974,2.8818240411445406,158.07119987497882,146.54390371040066,0.002371970805984189,-0.00575190479253919,2.352885583834205,150.18799446541396,0.007784550132902579,1.2122039794921875,74.82999760054817,3.5353946018725537,0.22995498308743073,12.307989937918526,5.80297346859019,5.150244853699649,29.96873340179704
1188,2017-09-20,167.9199981689453,168.0,163.72999572753906,165.19000244140625,154.04066467285156,990200,-0.01842044902421147,20.15878223356592,0.00016126051632552878,0.025428801328147115,152.62859889439173,2.939592416176629,158.50778372674498,146.74941406203848,0.016734144766763246,-0.024952373077033168,2.309544374877385,150.70168382640566,-0.01842044902421147,-2.8907470703125,67.76180652155895,3.5322027920107075,0.037494310537386034,12.339910234723773,5.785658259519664,5.134877289658747,28.88547338147931
1189,2017-09-21,165.52999877929688,166.10000610351562,164.1699981689453,165.77000427246094,154.58155822753906,1066000,0.0035113686105954223,19.489469045791324,0.0001507299220979594,0.011659565932478591,153.2174115862165,2.844028281859086,158.90546814993468,147.52935502249835,0.0019936074034210736,-0.008216037095275205,2.3176540365001066,151.21900041322345,0.0035113686105954223,0.5408935546875,66.71384826029438,3.532597266800451,0.0730326489937421,12.322097778320312,4.816243053993225,5.338971828125966,26.954015859269425
1190,2017-09-22,165.1999969482422,166.4499969482422,165.0800018310547,165.9600067138672,154.75869750976562,303600,0.0011459276530634277,19.188589889720873,0.00014611189760154673,0.00829294880445261,154.00204467773438,2.272496696386173,158.54703807050672,149.45705128496203,0.0029660426357545023,-0.0007263627082577668,2.3203099003507663,151.69096002609575,0.0011459276530634277,0.1771392822265625,65.77035432511386,3.506779578487965,0.0846712342775335,12.326273236955915,4.78532115952599,5.165929084422425,25.546716406291374
1191,2017-09-25,164.8800048828125,165.19000244140625,161.14999389648438,162.00999450683594,151.07533264160156,849400,-0.02380069700400289,21.431741838200175,0.00018226966596002352,0.02450271970693649,154.0793173653739,2.140284206927137,158.35988577922816,149.79874895151963,0.019286801555048985,-0.022622579305351238,2.2650849074571298,151.60887637482986,-0.02380069700400289,-3.6833648681640625,62.41385303075956,3.1527590687772147,-0.3750720653328823,12.371692112513951,4.793345961753581,5.174592151715562,23.98652791076676
1192,2017-09-26,161.67999267578125,162.9199981689453,160.9499969482422,162.86000061035156,151.86790466308594,1180700,0.005246204046855274,21.4350303570647,0.00018232560571757335,0.012184570200059268,154.1392538888114,2.058644530014095,158.25654294883958,150.0219648287832,0.0003710883307253965,-0.0045150653179638085,2.276968005065102,151.64341347993067,0.005246204046855274,0.792572021484375,61.32015213541213,2.902688812811391,-0.622189556332474,12.294974190848214,4.433502161283625,5.171764088558,22.637449302255828
1193,2017-09-27,163.1999969482422,167.89999389648438,163.07000732421875,166.94000244140625,155.6725311279297,1253600,0.025052208847446744,22.74048783222795,0.0002052102328760742,0.029595506510931024,154.13258579799108,2.052741151363503,158.2380681007181,150.02710349526407,0.005882300692582611,-0.0007965050640574635,2.3340110830669474,152.18062916633053,0.025052208847446744,3.80462646484375,60.903866797588705,2.9771887141612012,-0.35598573304129727,12.367159162248884,6.273586200180205,5.061606634742135,21.35419900854327
1194,2017-09-28,168.27000427246094,171.0,168.13999938964844,170.49000549316406,158.98294067382812,1477700,0.021265213084882495,23.512518068230072,0.00021938035948763693,0.01699649692598023,154.42566135951452,2.5940232639619265,159.61370788743838,149.23761483159066,0.003030810565679668,-0.0007725968949403337,2.3836443260908435,153.08760403399688,0.021265213084882495,3.3104095458984375,67.77824356839793,3.265707760599099,-0.09245993874289772,12.669330051967076,5.740699049950266,6.936362982502407,19.78546798443333
1195,2017-09-29,170.10000610351562,171.52999877929688,169.6199951171875,171.1999969482422,159.64501953125,1677100,0.004164464782295152,23.383810418363595,0.00021698515463570208,0.01122871013271468,155.22628348214286,3.239862315934684,161.70600811401223,148.7465588502735,0.0019400459683338426,-0.00282193397474666,2.3935709289403664,153.9619261002973,0.004164464782295152,0.662078857421875,65.06807115523597,3.5073548111285504,-0.030787554755634373,12.569823128836495,5.698651972237235,7.44857462447881,18.098059628353145
1196,2017-10-02,170.38999938964844,171.75999450683594,169.77999877929688,170.6999969482422,159.1787567138672,585700,-0.0029206223830336997,23.46669871923369,0.00021852617015050935,0.011620375225257214,155.88302612304688,3.5394784144038525,162.96198295185457,148.80406929423918,0.006221008054409015,-0.0035800258966878157,2.386580212109924,154.65750351543994,-0.0029206223830336997,-0.4662628173828125,67.30841580109593,3.619514813306239,-0.06983364538609556,12.698987688337054,5.2688595724594105,7.454068451874223,16.502364778841933
1197,2017-10-03,170.4600067138672,170.6300048828125,169.55999755859375,170.4600067138672,158.9549560546875,454400,-0.0014059706445752607,23.53709422267585,0.00021983920811393664,0.006277175185231899,156.48249162946428,3.67025364919924,163.82299892786276,149.1419843310658,0.000997290638564095,-0.005279884546667804,2.3832247503907733,155.2304971873396,-0.0014059706445752607,-0.2238006591796875,70.00386872057504,3.6482883827894454,-0.11639381772999263,12.76406751360212,5.276065061956469,6.781877663683762,14.971026674373274
1198,2017-10-04,169.97000122070312,171.42999267578125,169.52000427246094,171.19000244140625,159.63571166992188,861200,0.004282695124020908,22.42700093380105,0.00019959141701774314,0.011237208858051517,157.70540291922433,2.917230857106437,163.5398646334372,151.87094120501146,0.00141195641967065,-0.0026475080603069138,2.393431375408718,155.81785911835058,0.004282695124020908,0.680755615234375,69.25820358105943,3.6835611329412643,-0.12158053424123855,12.753446306501116,5.524600886300655,6.713300492497377,13.089527805967045
1199,2017-10-05,169.5500030517578,169.82000732421875,167.86000061035156,168.52000427246094,157.14593505859375,422300,-0.015596614224242189,23.395100820360735,0.00021719473904557263,0.01156005118601422,158.45940726143974,1.4898755989470196,161.43915845933378,155.4796560635457,0.007667372623762007,-0.009967575411310079,2.356101949574271,155.99493591038302,-0.015596614224242189,-2.489776611328125,61.302271914143205,3.47060391539938,-0.35190219692735064,12.581211635044642,5.582202042287488,5.864364928416375,12.15163782741906
1200,2017-10-06,168.0,170.9199981689453,167.6999969482422,169.44000244140625,158.00381469726562,1224200,0.005459127137790842,21.679044602679916,0.00018650038685912092,0.019166673932756697,158.79244777134485,0.9113040047430605,160.61505578083097,156.96983976185874,0.008809498378208705,-0.00178573245093936,2.368964209666594,156.2627864153007,0.005459127137790842,0.857879638671875,55.241724863708995,3.332640893738983,-0.27254236044062763,12.43924059186663,4.628086621655133,5.892391825527636,11.072817375551972
1201,2017-10-09,169.4600067138672,170.64999389648438,169.3000030517578,170.13999938964844,158.65658569335938,352800,0.00413136225441435,21.396106951585608,0.00018166404471574982,0.00796642742382289,158.7458256312779,0.9082772635683688,160.56238015841464,156.92927110414118,0.0030095272431864234,-0.000944197189721235,2.378751258984469,156.5819596523752,0.00413136225441435,0.65277099609375,54.06246788609093,3.2386442936223148,-0.21215650072553371,12.416053771972656,4.6007812935859995,6.173747745150912,10.361613599732857
1202,2017-10-10,170.27000427246094,171.17999267578125,168.9199981689453,171.17999267578125,159.62637329101562,522200,0.006112495068629542,20.625805450796,0.00016881898829130374,0.01327300434678772,158.74316188267298,0.9052228425013729,160.55360756767573,156.93271619767023,0.0,-0.007928619660779393,2.3932913643245075,156.98788147086057,0.006112495068629542,0.96978759765625,64.46166718945923,3.205454580026327,-0.12244439927503091,12.519969395228795,4.82869158057209,5.498824623220341,9.782206113623028
1203,2017-10-11,171.36000061035156,173.05999755859375,171.0800018310547,172.89999389648438,161.23028564453125,859100,0.010047915770106108,20.35995900511381,0.00016449521059123593,0.011554596874922364,159.03623744419642,1.3109385393690796,161.65811452293457,156.41436036545826,0.0009337281835870247,-0.0016339797986669752,2.4173389543665627,157.55353536068333,0.010047915770106108,1.603912353515625,66.31578553214433,3.270869270452039,0.023145225612084052,12.61813245500837,4.771557278988235,6.251097033160426,9.53298463719274
1204,2017-10-12,172.05999755859375,174.88999938964844,171.9499969482422,173.61000061035156,161.8923797607422,1302000,0.004106512083410063,19.940189625467607,0.00015778220726174827,0.01708707708428889,159.45586940220423,1.694582767273006,162.84503493675024,156.06670386765822,0.0074392583834658075,-0.0006393154243426199,2.427265785992367,158.13204794735785,0.004106512083410063,0.6620941162109375,67.09887519960324,3.3376618574582437,0.06760277241421585,12.746080671037946,5.400275110228126,6.178167683707123,9.342793398919758
1205,2017-10-13,176.57000732421875,176.8699951171875,175.5800018310547,176.3000030517578,164.4008026123047,809400,0.015494384944304773,20.2856410873023,0.0001632965215566852,0.0073058460249374076,160.1365966796875,2.530018391163744,165.196633462015,155.07655989736,0.0032281363866234944,-0.005606872357128067,2.4648747764426733,158.9678819026841,0.015494384944304773,2.5084228515625,83.84650325637206,3.5520583071466376,0.21675917468344238,13.070817129952568,5.0232125546628215,7.469961928706451,9.451492196456584
1206,2017-10-16,175.80999755859375,176.60000610351562,175.41000366210938,176.58999633789062,164.67123413085938,743200,0.0016449525443766877,20.294408867746043,0.0001634377108298606,0.006768684704688921,161.21163940429688,2.6436975438862356,166.49903449206934,155.9242443165244,5.693513317787265e-05,-0.0022751487517145633,2.4689293784777524,159.72832886644082,0.0016449525443766877,0.2704315185546875,83.40636389044381,3.701126321264155,0.11603103065471321,13.096141270228795,5.030604732380808,6.790405169403516,10.11923213873396
1207,2017-10-17,176.00999450683594,176.69000244140625,174.49000549316406,176.33999633789062,164.4381103515625,1055300,-0.0014156921852642723,18.358639801378843,0.00013374589498284565,0.012499272864625556,162.13082449776786,2.4542645534998915,167.03935360476765,157.22229539076807,0.0019885581185108856,-0.00863581081250952,2.465434134450672,160.35629973112373,-0.0014156921852642723,-0.233123779296875,78.11010907169177,3.7571426539620063,-0.3557128950937243,12.809475490025111,3.599278400181813,6.8860941060194705,10.797245006575727
1208,2017-10-18,175.83999633789062,175.97000122070312,168.6199951171875,171.72999572753906,160.13926696777344,2715900,-0.026142622136670735,20.76932508444677,0.0001711765335172339,0.04179939863847586,162.34263610839844,2.149511727805131,166.6416595640087,158.04361265278817,0.02411286158705641,-0.04106006239234284,2.4009812214708783,160.3273620293437,-0.026142622136670735,-4.2988433837890625,53.48712431539975,3.4152859762696153,-0.8245072508382352,12.538362775530134,3.6188833344173235,5.787965258553637,11.611497356106714
1209,2017-10-19,174.02999877929688,176.2899932861328,173.4199981689453,176.02000427246094,164.13970947265625,1120100,0.02498102171085792,21.083204384730198,0.00017638948695567703,0.016491381585465616,162.9873984200614,1.85579111259294,166.69898064524727,159.27581619487552,0.0015513935273554326,-0.0035051463232218904,2.4609601854918046,160.8356750217854,0.02498102171085792,4.0004425048828125,61.282812636455986,3.4276525285950754,-0.38825389165758406,12.795767647879464,3.5505765984925115,7.46144047699939,13.018891133386159
1210,2017-10-20,176.00999450683594,176.22000122070312,174.69000244140625,175.22000122070312,163.39369201660156,1091300,-0.004545015087765614,21.24806976032717,0.00017915891608719418,0.008692681251333443,163.29645647321428,1.686849871832197,166.67015621687867,159.9227567295499,0.005681495546897263,-0.007499529041678489,2.449775084318354,161.17674395442756,-0.004545015087765614,-0.7460174560546875,60.434010727506234,3.338768491573944,-0.46960804705764897,12.793290274483818,3.550300351096225,7.769099066844963,14.548563739515817
1211,2017-10-23,177.9499969482422,179.27999877929688,177.2899932861328,178.07000732421875,166.0513458251953,1240700,0.016265339106994015,21.745820916518948,0.00018765108227512402,0.01118294761051818,163.89059448242188,1.8357450372105244,167.56208455684293,160.21910440800082,0.006799614924579393,-0.003708927639382545,2.4896215068006566,161.82669087052994,0.016265339106994015,2.65765380859375,65.67783954342117,3.443087928877418,-0.14237054079090058,13.110080174037389,4.617793453152089,7.321897883617884,15.444911433855074
1212,2017-10-24,177.80999755859375,178.49000549316406,177.25,178.42999267578125,166.38705444335938,614400,0.0020217157319366574,19.379797596966934,0.00014903831543627177,0.0069737669995492985,164.1743447440011,2.066726863666324,168.30779847133374,160.04089101666847,0.0003375109285575265,-0.003149415478784954,2.4946548137675233,162.4347393469072,0.0020217157319366574,0.3357086181640625,65.14646116095392,3.5123623871439236,-0.11338016384089224,13.107481820242745,4.584122400084293,7.268509611773894,16.34125912819433
1213,2017-10-25,178.5,178.97999572753906,175.72000122070312,177.36000061035156,165.38925170898438,560000,-0.005996877207262941,19.726555870644553,0.00015441944703081765,0.01826327454810049,164.27691868373327,2.112802623413097,168.50252393055948,160.05131343690707,0.009075602897408963,-0.015574222853203782,2.479694675174852,162.8286743285175,-0.005996877207262941,-0.997802734375,69.82053310282988,3.4470135264949704,-0.1995461894540438,13.279527936662946,4.749199626199261,7.248806887786039,16.967331001837675
1214,2017-10-26,177.52999877929688,178.5399932861328,176.8699951171875,177.82000732421875,165.8182373046875,427700,0.0025937936792770344,18.202399958376688,0.00013147911279552029,0.009406850562881115,164.47407967703683,2.1932161578211775,168.8605119926792,160.08764736139446,0.004055573519206409,-0.003717702172295306,2.4861264915498573,163.2272827253402,0.0025937936792770344,0.428985595703125,69.18497406919576,3.3907531444301355,-0.26282897279470496,13.23500497000558,2.9762167434081723,7.7462575598715,18.576578544022908
1215,2017-10-27,178.25,179.25999450683594,177.1300048828125,178.92999267578125,166.85328674316406,703800,0.006242072375758578,17.015895825751006,0.00011489710744159128,0.011949450906162342,165.43322535923548,1.2444198548536587,167.9220650689428,162.94438564952816,0.0018513426707135344,-0.00628328256486676,2.501645073045402,163.7107499277167,0.006242072375758578,1.0350494384765625,69.75272824081327,3.3906014824124497,-0.16573243593744186,13.291831970214844,3.2623153753959557,5.931178251853305,19.50982606043513
1216,2017-10-30,178.2899932861328,178.83999633789062,177.2899932861328,177.92999267578125,165.92079162597656,1268300,-0.005588712906943738,17.219653618879292,0.00011766526617229451,0.008693718717405829,165.68766566685267,1.110768733473415,167.9092031337995,163.46612819990582,0.005104064705689537,-0.005608839742313114,2.487664096937081,164.00542215415135,-0.005588712906943738,-0.9324951171875,65.19584621108586,3.277456250886047,-0.25320849567858644,13.253496442522321,3.2690679094578137,5.455860275614883,20.069517742967427
1217,2017-10-31,179.66000366210938,180.97000122070312,179.6300048828125,180.75,168.55047607421875,526400,0.015849035087598384,17.776955640577004,0.00012540482216152465,0.007458512248562492,166.42434910365515,1.0438146382090323,168.5119783800732,164.3367198272371,0.0012245420027759003,-0.00016697527933537385,2.5270911724955956,164.61142934349368,0.015849035087598384,2.6296844482421875,66.83827761944207,3.361235170764928,-0.005629069523209409,13.368895394461495,3.149968693687879,6.252463535492726,20.822916074468726
1218,2017-11-01,182.67999267578125,182.97999572753906,179.5399932861328,181.39999389648438,169.15660095214844,941900,0.0035961030312532394,17.712607691041637,0.00012449859968918529,0.018830756400957025,166.86795697893416,1.4425583224733838,169.75307362388094,163.98284033398738,0.008649014092412737,-0.01718852373298087,2.5361788527212603,165.21745222464764,0.0035961030312532394,0.6061248779296875,66.75267019126284,3.436921093459091,0.037368092768333125,13.423881530761719,3.842653980439474,6.1851480261171075,21.34062352057071
1219,2017-11-02,181.33999633789062,182.44000244140625,180.88999938964844,182.25,169.94924926757812,553700,0.004685884623881309,17.716762631069834,0.0001245570151292349,0.008547496873605828,167.37684195382255,1.8228272261374714,171.0224964060975,163.7311875015476,0.0010477690815225266,-0.002481509635655383,2.5480630942106397,165.8483584970384,0.004685884623881309,0.7926483154296875,63.89542557590144,3.520283193741392,0.09256644107886859,13.30286625453404,3.5431105203516133,6.653722169826783,22.33073789159684
1220,2017-11-03,183.5500030517578,184.64999389648438,182.58999633789062,184.5800018310547,172.12196350097656,470100,0.012784488562097573,16.6498103210426,0.00011000642211376834,0.011223086485119086,168.33865792410714,2.3103473176529414,172.95935255941302,163.71796328880126,0.00038132424007615513,-0.005230219002483388,2.5806387776940785,166.68483916423014,0.012784488562097573,2.1727142333984375,67.03623974684163,3.7188001263278068,0.2184634217384931,13.48154776436942,4.270164562262823,6.5471408144306436,23.21570652013131
1221,2017-11-06,183.97999572753906,185.38999938964844,182.92999267578125,184.9199981689453,172.4390106201172,503200,0.0018419910666358508,16.667862925291402,0.00011024510099059649,0.013371055391860525,169.28448268345423,2.457115828711943,174.19871434087813,164.37025102603033,0.0025546321970740912,-0.005707158800638251,2.585392291268805,167.4520620250151,0.0018419910666358508,0.317047119140625,68.22427437882101,3.857245355079641,0.22772895229377665,13.57078116280692,4.149937942770727,6.558912134304064,23.714640223110774
1222,2017-11-07,183.1199951171875,183.97999572753906,183.07000732421875,183.52000427246094,171.1334991455078,611700,-0.007570859226775584,17.161723146473815,0.00011687489736357724,0.004969355764442688,169.89594159807478,2.277260171098165,174.4504619402711,165.34142125587846,0.0025119673839208755,-0.000272978343718065,2.5658186501856184,167.94292030774747,-0.007570859226775584,-1.305511474609375,78.99646175540718,3.8176132616248424,-0.19101911363908697,13.57143075125558,4.166298138629062,6.063983942210595,23.902771520100178
1223,2017-11-08,182.0500030517578,182.7899932861328,181.1699981689453,181.50999450683594,169.25914001464844,677200,-0.01095261383784174,17.859296149466505,0.00012656922974378914,0.00889862724543282,170.3728485107422,1.5344434850977045,173.4417354809376,167.30396154054677,0.0070310286066458585,-0.00483386359824619,2.537716229332203,168.1184162686676,-0.01095261383784174,-1.874359130859375,65.20761244106323,3.5935353858110943,-0.5075573809065435,13.250414167131696,3.9895823431833026,6.082793859103386,24.58338550721734
1224,2017-11-09,178.47999572753906,178.97999572753906,176.22000122070312,178.00999450683594,165.99537658691406,685100,-0.01928264215127118,19.20986631756269,0.00014643609680104326,0.015463887118471489,170.0078342982701,2.199836068631374,174.40750643553284,165.60816216100736,0.005434789578233142,-0.012662452717031444,2.488782355400517,167.83534431110047,-0.01928264215127118,-3.263763427734375,56.722856070379756,3.11666662977521,-1.0056490667205273,13.081883021763392,4.043296262106857,5.381411665797113,24.620301381119184
1225,2017-11-10,178.7100067138672,179.6999969482422,178.19000244140625,179.60000610351562,167.4781036376953,692000,0.008932339449857496,19.36581543784047,0.00014882333633829358,0.008449412176753995,169.76804896763392,2.391238603217085,174.5505261740681,164.98557176119974,0.000559514526160015,-0.002909765838090516,2.5110130042157706,167.78771222131311,0.008932339449857496,1.48272705078125,53.925137604819774,2.825814159669534,-0.852316354048156,12.926048278808594,3.379135789150477,6.09479708665621,25.665354019426267
1226,2017-11-13,178.00999450683594,179.17999267578125,177.7899932861328,178.85000610351562,166.77870178222656,415300,-0.004176079381587483,18.788988026912257,0.00014008971074422685,0.007808546893669269,169.3151136125837,2.6386689302346746,174.59245147305305,164.03777575211436,0.0018537530613369738,-0.0012358925200386798,2.500526814581967,167.6531774961016,-0.004176079381587483,-0.69940185546875,51.056318610089335,2.509942541803838,-0.9246433434900818,12.873421805245536,3.4197513970840676,4.836106748353318,25.549690813556737
1227,2017-11-14,179.89999389648438,180.47999572753906,178.64999389648438,180.33999633789062,168.16812133789062,382800,0.00833091720235557,18.970945798461265,0.00014281618432069628,0.010172328477719029,168.75027901785714,2.34447437203414,173.43922776192542,164.06133027378885,0.0007782067504070848,-0.0069483048494112685,2.521358496436519,167.7218366750068,0.00833091720235557,1.3894195556640625,57.33988289461806,2.3446983323403288,-0.8780677743296199,12.952589852469307,3.8753981034692333,4.809598282508259,25.352996842241026
1228,2017-11-15,177.83999633789062,178.69000244140625,176.5500030517578,177.91000366210938,165.9021453857422,494400,-0.013474467896299691,19.618808527978643,0.0001527371619275742,0.012033285164842802,167.81644112723214,1.8876843132019256,171.591809753636,164.04107250082828,0.004385958138544385,-0.007253673598158787,2.4873845323212227,167.47921116977153,-0.013474467896299691,-2.2659759521484375,50.20202339341989,2.0077516725341127,-1.1251753429900244,12.764814104352679,3.8636617997993743,4.836014418586344,24.39253052016066
1229,2017-11-16,179.6699981689453,181.9199981689453,179.5,181.7899932861328,169.52029418945312,1853700,0.021808933183463663,18.41022736345492,0.00013449859983099362,0.013469127809918307,167.5859832763672,1.466775261796396,170.51953379996,164.6524327527744,0.0007235759121578842,-0.0009461689245717123,2.541631735388197,167.75135557239574,0.021808933183463663,3.6181488037109375,55.710931491040455,2.009509018309217,-0.7306115996771858,12.94882093157087,4.9670547209724205,4.757703136390563,23.397017632165234
1230,2017-11-17,181.27000427246094,181.3699951171875,179.77000427246094,180.3300018310547,168.1588134765625,553700,-0.00803137299519463,16.88218859552166,0.00011309852848204805,0.008826561521572369,167.42879377092635,1.307943627401541,170.04468102572943,164.81290651612326,0.005737260780165444,-0.0082749487761108,2.521218942904871,167.8056832929513,-0.00803137299519463,-1.361480712890625,54.70587744588776,1.8793773204573085,-0.8790828084830231,12.939034598214286,5.045388262996403,3.1717149326034075,22.791665506802847
1231,2017-11-20,179.94000244140625,182.36000061035156,179.7899932861328,181.52999877929688,169.27783203125,996700,0.006654534077355834,16.847189584543667,0.00011263007813395084,0.014282579133873359,167.89771597726005,1.2967485370682132,170.49121305139647,165.30421890312363,0.00461265877399863,-0.000833662072013614,2.5379964802769064,168.00196979139113,0.006654534077355834,1.1190185546875,51.633161524978455,1.8452713185773746,-0.7570524073781335,12.878461565290179,5.366659804661589,2.685159215173159,22.602738065067008
1232,2017-11-21,182.6699981689453,185.4499969482422,182.6699981689453,185.3699951171875,172.85861206054688,845900,0.02115327202817574,17.452418802257306,0.00012086782621007295,0.01521869385866938,168.6663600376674,2.250483659230871,173.16732735612914,164.16539271920567,0.00043795824085297527,0.0,2.591683410230756,168.64952209394525,0.02115327202817574,3.580780029296875,57.33274900639234,2.0831676292013697,-0.36418100932886094,13.002936226981026,5.371987362626576,2.682369359993105,23.114419244079674
1233,2017-11-22,184.88999938964844,185.19000244140625,182.35000610351562,183.0,170.64859008789062,526600,-0.012785142413859862,18.185495924192697,0.00013123502460667802,0.015360464856216716,169.21920122419084,2.183827253655417,173.5868557315017,164.85154671688,0.011844893983643245,-0.013737861942331862,2.558548368739318,168.91606449313798,-0.012785142413859862,-2.21002197265625,51.31157373967929,2.0695157764105545,-0.6036201204502585,12.934935433523995,5.3740826363526,2.6834155832367763,23.62610042309234
1234,2017-11-24,185.50999450683594,186.3699951171875,185.3699951171875,186.3699951171875,173.7911376953125,311400,0.018415315390553966,18.908680749630307,0.00014188024114739653,0.0053905451437181225,170.0224892752511,2.7047963928486887,175.4320820609485,164.61289648955372,0.0,-0.000754673029992886,2.6056648438916397,169.56607425342793,0.018415315390553966,3.142547607421875,53.02056083230753,2.2859232134039758,-0.23929704295013454,13.007839747837611,5.137479326164483,3.7389683086126864,23.38428038766322
1235,2017-11-27,185.8300018310547,185.94000244140625,184.5500030517578,184.72000122070312,172.2525177001953,863900,-0.008853270745109443,19.30775780781027,0.00014793234585914997,0.007479951439230681,170.92968532017298,2.08687571588874,175.10343675195045,166.7559338883955,0.006565146686121629,-0.00688800929174274,2.5825961875576535,169.9242667129969,-0.008853270745109443,-1.5386199951171875,49.67680859728267,2.3066838756726042,-0.39088531096378476,12.927898951939174,5.156050937880232,3.3375487934461248,22.285417663839105
1236,2017-11-28,184.8699951171875,185.0500030517578,183.47000122070312,184.2899932861328,171.85153198242188,787700,-0.002327894669565067,19.29229425584789,0.00014769548319611944,0.008546556351954993,171.2627192905971,2.0090353428345358,175.28078997626616,167.24464860492802,0.004111049849615868,-0.007572856242014454,2.576584175658999,170.1812354155869,-0.002327894669565067,-0.4009857177734375,51.284621613048174,2.264674891409186,-0.4303913167666381,13.01764896937779,4.9076718784429865,3.3453254461641544,21.804500774041223
1237,2017-11-29,182.47000122070312,182.52000427246094,172.08999633789062,172.44000244140625,160.80133056640625,2544800,-0.06430086068214924,29.839268623324028,0.0003533261714186069,0.05716012421107453,170.21165030343192,4.402471629253934,179.0165935619398,161.40670704492405,0.055241967247331866,-0.05688608984146146,2.4109075955441193,168.93058143569615,-0.06430086068214924,-11.050201416015625,38.608425586101184,1.324456059823632,-0.7905228807057512,12.947075980050224,4.931181221074834,3.3032126704735902,21.55243513515739
1238,2017-11-30,175.86000061035156,176.5500030517578,173.77999877929688,175.52000427246094,163.67344665527344,1584600,0.017861270667042684,29.992891656244502,0.00035697363091397635,0.01575118993999303,169.41102382114954,5.060955273936645,179.53293436902283,159.28911327327626,0.005856924688514112,-0.011827600499463738,2.453969468661362,168.2296301316398,0.017861270667042684,2.8721160888671875,46.83931586153723,0.801838531512999,-0.5893942858608288,13.37763432094029,4.918679075967097,3.0592308575110514,21.091041525899946
1239,2017-12-01,174.00999450683594,174.22000122070312,171.2100067138672,172.42999267578125,160.79200744628906,1143300,-0.017604805592279282,30.459193577006292,0.0003681597116514052,0.01729782542299713,167.68722316196985,5.704979803094322,179.0971827681585,156.27726355578122,0.010286814559100254,-0.01609095960783306,2.41076781323619,167.23794710692636,-0.017604805592279282,-2.881439208984375,41.23253530156093,0.15338419458123553,-0.6872036435922598,13.15205819266183,4.249937352922417,3.1029026002450006,20.721512592891152
1240,2017-12-04,175.19000244140625,175.30999755859375,168.35000610351562,169.3300018310547,157.90126037597656,1446200,-0.0179781763796818,30.8202211797499,0.0003769389022098031,0.039728245665194006,165.86617606026786,6.570929070216149,179.00803420070017,152.72431791983556,0.03413434353675018,-0.03904330294291947,2.3674266042793697,165.9930555427997,-0.0179781763796818,-2.8907470703125,38.99167836640164,-0.5870129490179181,-0.5798419588164863,13.353208269391741,4.629652122434399,2.594806567122138,20.610102940413572
1241,2017-12-05,169.5399932861328,172.97999572753906,168.6999969482422,170.5,158.99227905273438,737800,0.006909499481891457,30.499128936477852,0.00036912574043011917,0.02524477379253824,163.7520533970424,5.947289211368654,175.6466318197797,151.8574749743051,0.014627791823452365,-0.004954561585200504,2.383784337175054,165.05961867745768,0.006909499481891457,1.0910186767578125,38.5368176491086,-1.0733737460107307,-0.5192970452801878,13.451596941266741,3.815559823470492,2.7191348432413087,20.406728366008153
1242,2017-12-06,169.27999877929688,171.35000610351562,168.3000030517578,170.6699981689453,159.1508026123047,869500,0.0009970519355706475,30.481560408921492,0.0003687006051439404,0.018017503980103,161.88037981305803,4.771669434658912,171.42371868237586,152.3370409437402,0.0040170601339434685,-0.005789199755469971,2.3861610939624174,164.27177653543728,0.0009970519355706475,0.1585235595703125,41.096891550361384,-1.4295477190050576,-0.5063201138287586,13.582728794642858,3.556940086699502,2.728211469569146,19.963410643772587
1243,2017-12-07,170.42999267578125,172.8300018310547,170.42999267578125,172.1699981689453,160.54957580566406,989700,0.008788979825422594,30.740930212606333,0.00037500190092711603,0.01408208213585453,160.26581464494978,1.8579735425526802,163.98176173005515,156.54986755984442,0.003872579302194408,0.0,2.4071330156774615,163.77548310480086,0.008788979825422594,1.398773193359375,37.434657139400805,-1.580727212689851,-0.4289114913847336,13.415682111467634,3.5292680712883295,3.4310235754034557,19.14730625477146
1244,2017-12-08,173.8300018310547,174.5399932861328,171.77000427246094,171.97999572753906,160.3723602294922,487000,-0.0011038059445661608,30.602981974228033,0.0003716438514741767,0.01593504564513568,160.20453316824776,1.8443915361937626,163.8933162406353,156.51575009586023,0.014727017957934619,-0.01185064451990204,2.4044760079453953,163.32173338809304,-0.0011038059445661608,-0.177215576171875,38.71921173554092,-1.6952955546994417,-0.43871866648089275,13.568590436662946,4.116478791462405,3.402133347455605,18.610131155859207
1245,2017-12-11,172.52999877929688,175.41000366210938,172.25999450683594,175.1300048828125,163.3097686767578,1571600,0.018316176447501276,30.758269573081954,0.00037542505838507074,0.018257747508031802,160.15257917131697,1.7320947381211842,163.61676864755935,156.6883896950746,0.001622899097420466,-0.0015649700015724875,2.4485168147707066,163.32013809324835,0.018316176447501276,2.937408447265625,41.78640533669558,-1.5314142877775225,-0.2761614037754331,13.62833731515067,4.346976887587839,3.3381024394928653,18.559167006723456
1246,2017-12-12,173.3000030517578,173.5800018310547,171.8000030517578,172.16000366210938,160.54019165039062,1129300,-0.016959040777585477,31.054161535325626,0.0003826829161357529,0.010271198776408908,160.1166054861886,1.7191678832073742,163.55494125260336,156.67826971977385,0.00819387272902249,-0.008655510522709048,2.4069923182644066,162.949478567534,-0.016959040777585477,-2.7695770263671875,32.65948845813146,-1.6065001885856134,-0.42943081398539984,13.206770760672432,4.400474920723518,2.673244415651649,18.356929415918405
1247,2017-12-13,173.35000610351562,174.5399932861328,172.3800048828125,173.36000061035156,161.65924072265625,828900,0.006970522837686621,31.18767466903224,0.0003859805758973789,0.012460273015684116,160.65345982142858,1.4825490851064937,163.61855799164158,157.6883616512156,0.006806995294113919,-0.0055956226509959895,2.423770313189005,162.77744685488364,0.006970522837686621,1.119049072265625,36.9447960544044,-1.557751607230756,-0.3675022271761939,13.325942993164062,4.705733819647161,2.6514114934539723,18.869646401381804
1248,2017-12-14,173.39999389648438,174.3699951171875,171.61000061035156,171.91000366210938,160.30712890625,935500,-0.008363962433338035,31.07437149448528,0.00038318117610209473,0.015916923898414828,160.84129551478796,1.3102899527160192,163.46187542022,158.22071560935592,0.014186802431761795,-0.010322914354895511,2.403497989342452,162.44807112839916,-0.008363962433338035,-1.35211181640625,29.342948643025792,-1.6096668908714094,-0.45311079490162665,13.110896519252233,4.2586819805982365,2.6607789201884424,19.457094044542902
1249,2017-12-15,171.92999267578125,174.13999938964844,170.85000610351562,173.8000030517578,162.06954956054688,3118500,0.010994025445540734,31.10095129368635,0.000383836972766766,0.019135656524670197,161.25825936453683,1.1354138999154275,163.5290871643677,158.98743156470596,0.001977527786741529,-0.00628154841082452,2.4299221073955892,162.39760158601885,0.010994025445540734,1.762420654296875,34.50627479259312,-1.4914055151374725,-0.3719673726096082,13.231182643345424,4.208976346060595,2.629723371735921,20.024522658029827
1250,2017-12-18,175.47000122070312,177.0500030517578,174.9600067138672,176.3699951171875,164.4661102294922,1207900,0.014787235945577848,30.544353978792767,0.00037022125396102886,0.01191084700148753,161.81776428222656,1.598527596439569,165.0148194751057,158.62070908934743,0.0038753515121653774,-0.002906448414475562,2.4658539389270238,162.67340273848197,0.014787235945577848,2.3965606689453125,39.40616328408478,-1.1905758880210726,-0.26961269290777556,13.387108939034599,3.081636830942027,4.093513391416865,20.593558125536507
1251,2017-12-19,176.13999938964844,177.49000549316406,175.61000061035156,177.02999877929688,165.08154296875,708700,0.003742003373212066,30.48772188505302,0.00036884967688108745,0.010673355792704663,162.4905046735491,1.8586170423014454,166.207738758152,158.77327058894622,0.002611597112871465,-0.00300896321751675,2.475081172684337,162.99448810251772,0.003742003373212066,0.6154327392578125,58.762884665607864,-0.8922209942651875,-0.35021319129435674,13.555353437151227,3.0688875794616823,4.210463780956723,20.25452355120492
1252,2017-12-20,177.05999755859375,177.49000549316406,174.55999755859375,175.1699981689453,163.3470916748047,528400,-0.010506633647552222,30.545687197112624,0.00037025357394597204,0.016548107844634397,162.49583653041296,1.8614104259263278,166.2186573822656,158.7730156785603,0.013102944517160063,-0.01411950770626598,2.4490764015549886,163.04150191215598,-0.010506633647552222,-1.7344512939453125,49.29920811959203,-0.7866601864889446,-0.5389455996918356,13.316767011369977,2.7373585377698637,4.237228253577189,19.69270171513807
1253,2017-12-21,175.72999572753906,175.97000122070312,174.0500030517578,174.5399932861328,162.7595977783203,393400,-0.003596598448498689,29.41351036558447,0.0003433153142961685,0.010925842005494483,162.8128945486886,1.6497694401013387,166.11243342889128,159.51335566848593,0.008137528989572568,-0.00956007919323004,2.4402680571689013,163.00391469431122,-0.003596598448498689,-0.587493896484375,54.68679578846976,-0.7418566714380574,-0.6028731013688077,13.46507808140346,1.6626294214355803,4.291233325815553,20.20490285354568
1254,2017-12-22,174.25999450683594,175.38999938964844,173.7100067138672,175.22000122070312,163.39369201660156,285900,0.0038958946012197515,29.259714904556454,0.0003397344905936201,0.009640724943987914,163.0606733049665,1.576234098356514,166.21314150167953,159.9082051082535,0.0009755432933784682,-0.0031561334230799307,2.449775084318355,163.05588500394992,0.0038958946012197515,0.63409423828125,64.6588909884668,-0.6477169791400001,-0.5338748347933505,13.330250331333705,1.660846088904536,4.286630558722919,20.717103991953287
1255,2017-12-26,173.64999389648438,173.6999969482422,171.3800048828125,173.08999633789062,161.40748596191406,281400,-0.012155953085910443,28.491552738020026,0.000322130387866419,0.01336016209025998,163.2178671700614,1.283558585462846,165.78498434098708,160.6507499991357,0.0035128167681663953,-0.013072209003503064,2.4199957333223487,162.83609846501182,-0.012155953085910443,-1.9862060546875,56.15203971931559,-0.7250232077232397,-0.7500016603683362,12.989362444196429,1.6937467275623816,3.2667719056555535,21.4768945059947
1256,2017-12-27,173.1999969482422,174.69000244140625,172.9199981689453,174.0399932861328,162.29331970214844,334800,0.005488182502535244,28.575944159834815,0.000324041501835713,0.010219424385959271,163.24983433314733,1.252606432296615,165.75504719774057,160.7446214685541,0.0037529397617003506,-0.00161662115606473,2.4332771115621785,162.7637279632967,0.005488182502535244,0.885833740234375,57.71865808355046,-0.7066635932016823,-1.1525011616974832,13.055418831961495,1.6867515422555077,3.814315077345556,22.299047304873927
1257,2017-12-28,174.11000061035156,174.7100067138672,173.66000366210938,174.1999969482422,162.4425506591797,402100,0.000919513861107335,28.603024686276115,0.00032465596079512713,0.006030687772540191,162.96075439453125,1.1548121523461419,165.27037869922353,160.65113008983897,0.0029292387791461406,-0.0025845554342926887,2.435514543594175,162.72090432274777,0.000919513861107335,0.14923095703125,54.95359374925132,-0.6723216696600787,-1.266183165233857,12.96523938860212,1.689094800585545,4.089579900912479,23.37570226337746
1258,2017-12-29,174.61000061035156,174.8699951171875,173.72000122070312,173.82000732421875,162.08819580078125,194400,-0.002181416488232224,17.721540545145302,0.00012462420606874146,0.006586071201331861,162.53313337053572,0.7053536683922638,163.94384070732025,161.1224260337512,0.006013331363029058,-0.0050970699647066775,2.4302016720114494,162.63654318648557,-0.002181416488232224,-0.3543548583984375,54.44880603191458,-0.6660214428298161,-1.3195498656812796,12.853598458426339,1.736319163334835,4.063504337396245,24.344976199189112
1259,2018-01-02,174.13999938964844,177.83999633789062,173.97999572753906,177.72999572753906,165.73428344726562,818600,0.022494467462428336,18.356758182416236,0.00013371848054274005,0.022166076857015403,162.87416076660156,1.3997546620553671,165.6736700907123,160.07465144249082,0.0006316791704209766,-0.0009188219976466029,2.4848677644496497,163.04957522125625,0.022494467462428336,3.646087646484375,56.06343803305464,-0.3626393851340879,-0.7318640634277531,12.904609680175781,2.8128830283855835,3.4508562136330445,23.720105744276545
1260,2018-01-03,177.72999572753906,179.5800018310547,177.67999267578125,179.0800018310547,166.99317932128906,1054200,0.007595868807819706,17.239187697543723,0.00011793237796473904,0.010690424806998593,163.4789581298828,2.0876066401834295,167.65417141024966,159.30374484951597,0.002813256130194829,-0.0002813427837722307,2.5037424939931894,163.57538910126064,0.007595868807819706,1.2588958740234375,67.45728176901402,-0.02038950513545501,-0.4417902256309329,13.160001482282366,2.779641288438984,4.735421993249385,24.216530481150727
1261,2018-01-04,180.49000549316406,181.77000427246094,179.39999389648438,180.75,168.55047607421875,915600,0.009325511133203346,15.816239173617513,9.926723079248917e-05,0.013130978468867767,164.21564156668526,2.8302742933051164,169.8761901532955,158.55509298007502,0.00565130611899488,-0.006039179807775954,2.5270911724955973,164.23873403098838,0.009325511133203346,1.5572967529296875,68.21105637869242,0.372216147577376,-0.2105797083223294,13.215503147670201,3.1707261001430864,4.731035604266901,23.815591776067777
1262,2018-01-05,180.83999633789062,183.4499969482422,180.75,182.8699951171875,170.52737426757812,516100,0.01172881999151909,16.046629455902124,0.00010218028448215286,0.014930308576192272,165.5184827532087,3.3697967579134622,172.25807626903563,158.77888923738178,0.003207265222296193,-0.0004976572645050893,2.556730969959955,165.07721939586702,0.01172881999151909,1.976898193359375,76.14507720244387,0.8332726698559725,-0.02560571987022754,13.371843610491071,3.7743663854584817,4.608740097279759,23.490568840480222
1263,2018-01-08,183.19000244140625,184.4600067138672,182.80999755859375,183.8300018310547,171.42254638671875,763900,0.00524943354687446,16.03435794291268,0.00010202406136565335,0.009007091725986504,166.8226579938616,3.6670460503461078,174.15675009455381,159.4885658931694,0.0034390789585474705,-0.002074375663235473,2.5701523592839957,165.92326299464725,0.00524943354687446,0.895172119140625,75.03745664097667,1.2564130467309553,0.003252408100222699,13.378969464983259,3.753199329828526,5.316441940432765,23.68344942580195
1264,2018-01-09,184.07000732421875,184.1699981689453,181.24000549316406,182.83999633789062,170.49940490722656,854300,-0.005385181231701175,16.206355256905695,0.0001042245836162835,0.01591781691310739,167.973637172154,3.3101665751570493,174.59397032246812,161.3533040218399,0.0072255216935588965,-0.015374595091257619,2.556311623036167,166.53341524965782,-0.005385181231701175,-0.9231414794921875,67.53396835532851,1.4999742718817117,-0.06732414773025544,13.219469342912946,3.76569343312409,4.573143307415256,24.07733057092096
1265,2018-01-10,181.38999938964844,181.5500030517578,179.3300018310547,180.7100067138672,168.51318359375,668700,-0.011649432527681358,16.931515521584227,0.00011376040391176476,0.012238829197712738,168.89149257114954,2.061500141590153,173.01449285432986,164.76849228796922,0.004630885609554514,-0.011356731713574889,2.5265320432638796,166.79738436220345,-0.011649432527681358,-1.9862213134765625,59.237067874968375,1.5152598646212994,-0.21917590884857988,13.078519548688616,3.1882395863302633,4.621686279146413,24.4989085316139
1266,2018-01-11,180.0800018310547,180.22999572753906,177.91000366210938,178.5500030517578,166.49893188476562,831900,-0.011953080857105558,16.59306228259192,0.00010925782377538657,0.012883118846290495,169.000728062221,1.8784544818007638,172.7576370258225,165.24381909861947,0.009329146261101028,-0.01205018962061726,2.4963322014626783,166.75759069854507,-0.011953080857105558,-2.014251708984375,58.35802258327918,1.3492867896735277,-0.3731706662653652,13.029115949358259,2.9089855262544497,4.677775197787483,24.983977962491945
1267,2018-01-12,181.11000061035156,181.47000122070312,179.94000244140625,180.8699951171875,168.662353515625,710300,0.012993606663835422,15.736397866735539,9.826754675404696e-05,0.00844789781978183,169.2391815185547,1.676194721777519,172.59157096210973,165.88679207499965,0.0033129374495807435,-0.006460152200333215,2.5287685601907506,167.01155907415574,0.012993606663835422,2.163421630859375,64.44551159732123,1.3764550600288885,-0.2077714821671677,13.196841648646764,2.8598552773379557,5.3281083153637,25.25670763987717
1268,2018-01-16,187.6999969482422,188.5,185.25999450683594,186.3800048828125,173.8004608154297,1518900,0.030463865780982813,18.464226717051037,0.0001352887572455004,0.017261617186160563,169.98917933872767,2.3541186955023727,174.69741672973242,165.2809419477229,0.011294593242705717,-0.012999480453263271,2.605804626199571,167.91674597299226,0.030463865780982813,5.1381072998046875,70.86769374622128,1.7919321497785745,0.14138181208867212,13.711644853864398,4.93713147124981,5.218651420161798,24.05905039251886
1269,2018-01-17,194.99000549316406,201.1999969482422,194.75999450683594,199.17999267578125,185.73654174804688,2653200,0.0686769233902833,28.678840001012006,0.0003263793110331928,0.033027346325358316,172.16191755022322,6.427745570496633,185.01740869121647,159.30642640922997,0.010359527235008744,-0.0011796039789136203,2.7847632708831247,170.29271874299954,0.0686769233902833,11.936080932617188,84.87037353748957,3.049193509309447,0.4532017019917361,14.932589939662389,8.94393401963659,4.9621593090764815,24.322880180370657
1270,2018-01-18,202.17999267578125,205.5800018310547,201.80999755859375,203.36000061035156,189.63441467285156,3618500,0.02098603154834322,29.052413228371066,0.0003349375850762022,0.018646772227885924,174.76361301967077,9.17655735635523,193.11672773238124,156.4104983069603,0.010980321006654456,-0.0018300283440054797,2.8432044007405453,172.87161153364647,0.02098603154834322,3.8978729248046875,86.07286944057465,4.310420123919926,0.5004515014754466,15.401228768484932,8.767603326930129,7.176775532816375,23.6983313464633
1271,2018-01-19,205.22000122070312,206.02999877929688,203.1699981689453,205.52000427246094,191.64865112304688,1122900,0.010621682006771715,28.959390329572628,0.00033279614613513655,0.013936266413310196,177.7849339076451,10.864909963243488,199.51475383413208,156.05511398115812,0.002485111118810811,-0.009989294608536446,2.873404013765465,175.3752168122332,0.010621682006771715,2.0142364501953125,86.72610995665514,5.410118867873393,0.5548948083276819,15.685435703822545,8.727094612357602,6.245766979794541,23.815933874566916
1272,2018-01-22,204.5,205.5399932861328,203.3000030517578,205.5399932861328,191.6672821044922,1002300,9.721425815478746e-05,29.04581635347586,0.00033478549509517676,0.010953497478606357,181.09266226632255,11.09387503961853,203.2804123455596,158.9049121870855,0.0,-0.005867955737125612,2.8736833496050425,177.5474921845344,9.721425815478746e-05,0.0186309814453125,87.5118573380813,6.211538658745695,0.551865357029445,15.789999825613839,8.702448105018199,6.058835872898602,23.92196744594002
1273,2018-01-23,204.4199981689453,205.9199981689453,204.0500030517578,205.42999267578125,191.56472778320312,559900,-0.0005350643060361149,28.475762654958263,0.00032177343602441083,0.009147809088825157,184.6734902518136,9.533932964911523,203.74135618163666,165.60562432199055,0.0023970526247588148,-0.0018099751516567042,2.8721457442178187,179.41645693102356,-0.0005350643060361149,-0.1025543212890625,85.99281174546503,6.760463920451713,0.48976127400904007,15.68292236328125,8.650507736651392,6.265393095113383,23.659378583130447
1274,2018-01-24,203.50999450683594,204.00999450683594,200.47000122070312,202.25,188.59933471679688,669800,-0.015479849034433113,29.357108884537496,0.0003419999373248373,0.017394690097217332,187.5216304234096,6.424532470609077,200.37069536462775,174.67256548219143,0.008648196915836579,-0.014937808305187187,2.827685361692437,180.64084063579335,-0.015479849034433113,-2.96539306640625,78.739784148335,6.876935673807765,0.38013274931736984,15.582890101841517,8.655483754934492,6.268997127563409,22.318467220699993
1275,2018-01-25,207.13999938964844,208.5800018310547,200.64999389648438,200.8300018310547,187.2752227783203,1380200,-0.007020766751191676,29.752812690183095,0.00035128169165758727,0.03828332508417785,189.44659641810827,2.362889034876871,194.17237448786202,184.72081834835453,0.037414309273128714,-0.03133149325232832,2.8078328423222354,181.5254249214636,-0.007020766751191676,-1.3241119384765625,75.06250589726444,6.784191671529527,0.30535440741217984,15.954593113490514,9.899683513361714,6.123257303762407,21.338434639863777
1276,2018-01-26,204.0399932861328,206.6699981689453,203.72999572753906,206.50999450683594,192.5718231201172,1069200,0.028282440481016025,29.824721435644552,0.00035298174948960123,0.014408951863095662,190.42306518554688,1.9505368942282408,194.32413897400335,186.5219913970904,0.0007841779424340401,-0.0015192980238880375,2.887245207565856,182.99827801461743,0.028282440481016025,5.296600341796875,77.09774699528722,7.056737091067049,0.4780508749052855,16.275682721819198,9.623064926447643,6.899095356574075,20.613475709821557
1277,2018-01-29,204.33999633789062,204.58999633789062,201.92999267578125,204.02000427246094,190.2498779296875,1064500,-0.012057554178013685,30.663338722198258,0.0003731112466635963,0.01301753797485085,190.51098850795202,1.9227357104974008,194.35645992894683,186.6655170869572,0.0027894297525931505,-0.011794086842030982,2.8524320920504205,183.96515800329345,-0.012057554178013685,-2.3219451904296875,72.35888656054543,7.0046247739061585,0.40234349541216397,16.13893563406808,9.660617450331987,6.450705172571645,19.720516609339988
1278,2018-01-30,202.86000061035156,203.4199981689453,200.02999877929688,200.22999572753906,186.7156524658203,744900,-0.01857675548771376,31.929773599433066,0.00040456763575835405,0.016711029179970593,189.8062744140625,2.3027310395327105,194.41173649312793,185.20081233499707,0.0157251426195819,-0.013950516723553031,2.799443158531092,184.33189059829704,-0.01857675548771376,-3.5342254638671875,68.1334405331233,6.602038736005454,0.28710953144519696,16.16912623814174,9.638204366435351,6.20786936431791,18.773252118920073
1279,2018-01-31,202.38999938964844,203.66000366210938,202.0,202.9600067138672,189.26144409179688,701800,0.013634591381901373,31.8365345635453,0.0004022083067523071,0.008202004383198187,189.46258326939173,2.1533712591465264,193.76932578768478,185.15584075109868,0.0034586538383970665,-0.00192696966660688,2.837612422094523,184.98916439743036,0.013634591381901373,2.5457916259765625,72.91449417699744,6.414468508542853,0.3701154583433044,16.590108598981583,9.45739706056612,6.721009866127284,17.667953078731657
1280,2018-02-01,202.0800018310547,203.39999389648438,200.41000366210938,201.4199981689453,187.82534790039062,741500,-0.007587896194587329,31.768045881409535,0.0004004796583822781,0.014796071888769712,188.92838614327567,2.0035804945153872,192.93554713230645,184.9212251542449,0.009798078531266057,-0.008264044704143877,2.816080913595198,185.36732219782508,-0.007587896194587329,-1.43609619140625,73.857683630941,6.079852041460896,0.27532631379295464,16.763089861188615,8.597514419815905,6.754101826684651,17.754751036495215
1281,2018-02-02,199.33999633789062,199.5,194.47000122070312,194.57000732421875,181.4376983642578,917300,-0.03400845310570311,34.66828801838067,0.00047694055322436353,0.02523326413014873,187.9052952357701,3.482363476968125,194.87002218970633,180.94056828183386,0.024731578039284607,-0.024430597003386265,2.72031035790333,184.84337235334945,-0.03400845310570311,-6.3876495361328125,63.05757218942756,5.238845991246933,-0.16390630111889026,16.527631487165177,8.654862561936342,5.662378276791857,17.510772798171956
1282,2018-02-05,193.33999633789062,196.57000732421875,186.55999755859375,186.67999267578125,174.08021545410156,912600,-0.04055101545316797,37.89132644475081,0.0005697431030724887,0.05177412824675453,186.02029418945312,6.30640374764516,198.63310168474345,173.4074866941628,0.05115348523723574,-0.035067750634730596,2.6099990105425794,183.40828476678308,-0.04055101545316797,-7.35748291015625,50.27352552228545,3.9333144548987775,-0.5667474878785506,16.19153594970703,7.9733047598563065,5.656200698798903,17.380025029827944
1283,2018-02-06,186.69000244140625,194.2899932861328,185.83999633789062,194.11000061035156,181.0087432861328,2881200,0.03980077698064455,40.00638627511813,0.000635123389997603,0.04526218242936854,184.36842564174108,5.798229508575234,195.96488465889155,172.77196662459062,0.0009641259490461561,-0.004553034937060459,2.7138789990808876,183.08834590269637,0.03980077698064455,6.92852783203125,44.875694989066396,3.41834109017384,-0.21245610750666483,15.677981785365514,7.338120830987553,5.565498277999318,17.560233067729712
1284,2018-02-07,191.10000610351562,191.60000610351562,187.0,187.14999389648438,174.5185089111328,1275500,-0.035855916444546776,42.207210208312866,0.0007069240450669484,0.0240711980983605,182.12108721051897,6.175117556479716,194.4713223234784,169.77085209755953,0.023286300705928572,-0.02145476699406656,2.616570380449233,181.9457009704879,-0.035855916444546776,-6.490234375,34.488068491786464,2.458176981455722,-0.4978665211915273,15.017110552106585,7.412919232986001,5.347677444346724,17.51016316428036
1285,2018-02-08,186.8800048828125,187.3699951171875,178.1999969482422,179.89999389648438,167.75784301757812,1767200,-0.03873896204898997,44.38663541434691,0.0007818148426214901,0.04906891015277731,179.41282871791296,7.774344199989681,194.96151711789233,163.8641403179336,0.039972180145154454,-0.046446959052753214,2.515207159782499,180.05398657676662,-0.03873896204898997,-6.7606658935546875,27.659576896778844,1.1385858622453497,-0.34371798065680087,14.763960702078682,7.41056737298231,5.345980813330157,17.81975935056103
1286,2018-02-09,182.07000732421875,184.91000366210938,175.8800048828125,183.6699981689453,171.27333068847656,2070900,0.02095572765876641,44.7809843073189,0.0007957684744175957,0.04959630041216412,176.84309823172433,6.900171089985647,190.64344041169562,163.04275605175303,0.006810597260843403,-0.03399792493215802,2.5679151560282802,178.88323245832794,0.02095572765876641,3.5154876708984375,32.10013248069977,0.3721806017134952,-0.14087689982440726,14.996876307896205,7.2751947574467595,5.248323053960495,17.716443088383958
1287,2018-02-12,183.3300018310547,187.38999938964844,183.07000732421875,186.33999633789062,173.76319885253906,1563400,0.014537395600668468,44.74456223089949,0.0007944745433471573,0.023564021285565243,174.83421979631697,4.937965013540701,184.71014982339838,164.95828976923556,0.005727393450448055,-0.001418177626352352,2.6052459545204156,178.20056131088944,0.014537395600668468,2.4898681640625,35.00395518671901,-0.03389877281458098,-0.06473413540753337,15.130015781947545,7.1806063456806415,7.3047195434459535,16.647045868578797
1288,2018-02-13,185.27999877929688,186.24000549316406,183.8300018310547,185.24000549316406,172.73741149902344,496300,-0.0059033636597939365,44.66020757678537,0.0007914818019053796,0.013007360092765005,173.59132167271204,4.005789486656188,181.6029006460244,165.57974269939967,0.005397236650412476,-0.007825976672038977,2.5898662402276744,177.472141335974,-0.0059033636597939365,-1.025787353515625,36.18647705180967,-0.4334950087188645,-0.09610378217353305,15.132268633161273,7.233923986256988,6.980888250143302,15.296340623018699
1289,2018-02-14,183.7100067138672,192.0800018310547,183.5500030517578,191.33999633789062,178.42568969726562,930600,0.03293020399506408,44.869349082988286,0.0007989120980678813,0.04643186798519123,174.21210370744978,4.410453513967413,183.0330107353846,165.39119667951496,0.004028117501060457,-0.0008709577935979535,2.6751510638383014,177.59928111747953,0.03293020399506408,5.6882781982421875,42.83770816738603,-0.2878630864624938,0.08267896620814301,15.086691720145089,6.889823249530655,6.991191477226176,15.19911438667567
1290,2018-02-15,193.2100067138672,195.1999969482422,190.97000122070312,194.89999389648438,181.74542236328125,1125900,0.018605687732793363,38.315865109899974,0.0005825815552063689,0.02189325387169745,174.31734357561385,4.604194710479141,183.52573299657212,165.10895415465558,0.0015527304038765427,-0.01159363084377602,2.724924089170127,178.1520999502531,0.018605687732793363,3.319732666015625,40.948093843363225,0.09433846799555567,0.20429882362195184,14.899515424455915,3.2050797199159744,9.50440051906666,16.19581170213665
1291,2018-02-16,192.86000061035156,195.3000030517578,192.0500030517578,192.22999572753906,179.255615234375,738800,-0.013699421402369683,37.715234831484416,0.0005644598961881012,0.016851602145155027,174.99407305036272,4.972121840850534,184.93831673206378,165.04982936866165,0.01591832061859887,-0.00419992510645193,2.687594205783117,178.29923532146935,-0.013699421402369683,-2.48980712890625,40.833475396738564,0.19409195515970623,0.12151225701558287,15.009258815220424,3.268363375052399,7.817699263428948,17.674820083327987
1292,2018-02-20,191.99000549316406,197.38999938964844,191.97000122070312,195.52000427246094,182.3235626220703,764000,0.017114930451043397,38.06333412516341,0.0005749275415570748,0.02823062666737772,177.07489013671875,4.460600999638919,185.99609213599658,168.15368813744092,0.00974006491840057,-0.00010419434287505016,2.7335921936957224,178.83581229488283,0.017114930451043397,3.0679473876953125,46.30937642001307,0.5147710662849647,0.23194953284374845,15.363849094935826,3.903237819630008,7.35058013015621,18.344366741664437
1293,2018-02-21,196.74000549316406,197.97999572753906,194.27000427246094,194.41000366210938,181.28851318359375,703400,-0.005676992175838835,38.07393148536422,0.0005752477217270669,0.018857331256946785,178.50563049316406,3.8546329060975295,186.21489630535913,170.796364680969,0.018145735314385413,-0.012554646496586316,2.7180736122001776,179.16283908004428,-0.005676992175838835,-1.0350494384765625,43.12590840824249,0.6775810008062138,0.19653017659615757,15.271854945591517,3.8818424403179757,7.9841756162199795,19.137843835953394
1294,2018-02-22,195.72999572753906,196.02999877929688,192.52000427246094,193.2899932861328,180.2440643310547,796500,-0.0057612522393039045,38.085186563138855,0.0005755878712496396,0.01793283903056911,179.4314684186663,3.2578221850712525,185.9471127888088,172.9158240485238,0.0139989043732378,-0.016400099755514794,2.7024141045152965,179.30700244684567,-0.0057612522393039045,-1.0444488525390625,43.41913520675974,0.7140990638233973,0.18476123414041706,15.31492178780692,3.8759592727144723,7.739517557570321,19.960307737201624
1295,2018-02-23,193.9499969482422,197.08999633789062,193.66000366210938,196.82000732421875,183.53585815429688,741700,0.018262980450752364,38.44185009218844,0.0005864189835358284,0.017684932868014345,180.97410365513392,1.7822263738672128,184.53855640286835,177.40965090739948,0.0013920547456565556,-0.001495196136611441,2.7517682404758967,179.87084987450584,0.018262980450752364,3.2917938232421875,51.92473671259085,0.9971654402485228,0.346418843576634,15.684298924037389,3.823782085496911,7.984058861598646,20.87662938188758
1296,2018-02-26,200.10000610351562,201.0,198.36000061035156,200.83999633789062,187.28445434570312,1172200,0.020424325955175737,39.072067923928216,0.0006058041634333571,0.013193399845688732,182.23964146205358,2.6195736179245284,187.47878869790264,177.00049422620452,0.0007996184769060026,-0.008695679360768854,2.807971251972477,180.85933047066547,0.020424325955175737,3.74859619140625,62.97172717420144,1.5066106969872237,0.45399887259880556,15.850858415876116,2.444624113053493,9.494892772398485,22.566200559892525
1297,2018-02-27,198.97999572753906,200.52999877929688,197.44000244140625,197.44000244140625,184.114013671875,861100,-0.016928477512478945,38.118370075260884,0.0005765913242835494,0.015529180843494037,182.57801164899553,2.696928920637921,187.97186949027136,177.1841538077197,0.015529180843494037,-0.0077394377284111865,2.7604365737777736,181.29328823082673,-0.016928477512478945,-3.170440673828125,53.29379832289119,1.635666719631132,0.32778703780195645,15.35341317313058,2.4918612942834004,8.710524831922829,24.42454298626861
1298,2018-02-28,198.22000122070312,198.74000549316406,195.0,195.38999938964844,182.20233154296875,623700,-0.010383142981789661,38.06631176798375,0.0005750174966735467,0.018867952124568127,182.99897112165178,2.2913941564284883,187.58175943450874,178.41618280879482,0.016900444369312883,-0.016244582791208315,2.7317745661400776,181.414494005779,-0.010383142981789661,-1.91168212890625,59.02713516672433,1.5656400522213403,0.25168502743180926,15.641608101981026,2.47160742751085,8.639725622564955,26.119239321660828
1299,2018-03-01,193.16000366210938,194.91000366210938,189.02999877929688,191.92999267578125,178.9759063720703,901900,-0.017707924720697377,38.01917101973104,0.0005735941924712524,0.030441109812248013,182.52073451450892,2.757741366040469,188.03621724658984,177.005251782428,0.015427681351368133,-0.021381263224849737,2.6834005077689533,181.08934898795118,-0.017707924720697377,-3.2264251708984375,64.37279208935061,1.2355551561195455,0.12324450999353688,15.631335667201451,2.475175023259834,8.652196473744784,27.7318155276027
1300,2018-03-02,190.5,193.8800048828125,189.08999633789062,193.57000732421875,180.50518798828125,696000,0.00854462283337587,37.80007899236962,0.0005670023697735645,0.025144401810613518,182.40883091517858,2.8309958829020094,188.07082268098262,176.74683914937455,0.0016272837721456692,-0.007401594026820866,2.706329153018728,181.01146085466186,0.00854462283337587,1.5292816162109375,62.46230015114956,1.0848552079754938,-0.14304631252872194,15.470759800502233,2.4910384687375147,8.10766156100444,29.449895806121678
1301,2018-03-05,194.72000122070312,199.58999633789062,194.3800048828125,198.35000610351562,184.9625701904297,730700,0.024693928478320526,38.836805399497905,0.0005985307355708209,0.026756324067464032,183.08290318080358,2.791116327483711,188.665135835771,177.50067052583617,0.006368068131683851,-0.0017460781417377874,2.7731590515621662,181.53827543276424,0.024693928478320526,4.4573822021484375,64.35571950523013,1.3099970743248832,0.08094942038452155,15.682769775390625,4.219155165518687,7.983615191677251,30.347099916510007
1302,2018-03-06,200.02999877929688,203.38999938964844,199.2899932861328,202.83999633789062,189.1494903564453,1538800,0.022636580804997086,37.6062900244141,0.0005612035910318836,0.020496956099266727,183.88485063825334,3.624878292240898,191.13460722273513,176.63509405377155,0.0027496028351460347,-0.003699472567514974,2.8359338905179623,182.55310408925504,0.022636580804997086,4.186920166015625,69.46044664969307,1.8054608623511683,0.2822322751135565,16.107814243861608,4.132829188367937,9.307962049780825,31.18528668902987
1303,2018-03-07,204.3800048828125,206.4199981689453,202.83999633789062,206.0500030517578,192.14288330078125,1308300,0.015825540627653734,34.46051761764755,0.00047124098193499853,0.017516399576893008,184.57891191755022,4.6922668024650545,193.96344552248033,175.1943783126201,0.0018103293294255863,-0.007535025482580284,2.880814077519694,183.83174131745855,0.015825540627653734,2.9933929443359375,67.37545691825261,2.4118588700412715,0.17900429158941483,15.959808349609375,4.106226557355934,10.316752399283736,32.42620534048611
1304,2018-03-08,206.9499969482422,207.22999572753906,204.3000030517578,205.02000427246094,191.18238830566406,458100,-0.004998858030113018,32.16789383426759,0.00041062436259234537,0.014157973998492186,185.58867972237724,5.29711492803684,196.1829095784509,174.99444986630357,0.010678866816465042,-0.012804996064566908,2.8664132969350224,184.8118275825526,-0.004998858030113018,-0.9604949951171875,62.713600936733876,2.7828507696746954,0.11826318061965785,15.83929443359375,4.1705423412618785,10.924753181909987,33.90270092182975
1305,2018-03-09,207.39999389648438,209.88999938964844,206.92999267578125,209.41000366210938,195.276123046875,645100,0.021412718909368467,29.502766115664436,0.00034540206685539554,0.014271971075103114,187.45636422293526,6.141634497194639,199.73963321732455,175.17309522854598,0.002314347838306271,-0.002266158315017636,2.927790999140368,186.2070669777956,0.021412718909368467,4.0937347412109375,70.68892675798338,3.3683662741601665,0.29943068479482926,16.20736803327288,4.8631746710434065,10.314112619353635,34.84225218878864
1306,2018-03-12,210.89999389648438,212.75,210.32000732421875,211.3000030517578,197.03854370117188,788800,0.00902527470741421,24.725034485200005,0.00024259021043425755,0.011522013969208355,190.03674098423548,5.767865497215673,201.5724719786668,178.50100998980415,0.006875282077788426,-0.00275005495045343,2.9542151171935047,187.65126387424576,0.00902527470741421,1.762420654296875,69.66609117979704,3.9293095133544114,0.33762835201226876,16.160188947405135,4.797018458468413,11.17147173377364,35.97246286531776
1307,2018-03-13,212.77000427246094,213.60000610351562,207.1199951171875,208.02000427246094,193.9799041748047,656900,-0.015523051829929857,25.49752586651206,0.00025798564496565523,0.030455472370204018,191.96170043945312,4.049061320581648,200.0598230806164,183.86357779828984,0.02622550979464784,-0.026554537960333746,2.9083566828125478,188.49508258098695,-0.015523051829929857,-3.0586395263671875,66.09126488950281,4.080022464883541,0.20146129100371377,16.22483389718192,5.055960995476525,11.190926042993091,36.99990768104127
1308,2018-03-14,212.35000610351562,212.47000122070312,209.2899932861328,211.52999877929688,197.2530059814453,733400,0.016873406658099332,25.607894774708743,0.0002602239185684742,0.014975313600980701,193.71747698102678,3.0495960583691737,199.81666909776513,187.61828486428843,0.0044266654786344626,-0.014410231831550447,2.9574305678284447,189.66280570104806,0.016873406658099332,3.273101806640625,70.41188612245615,4.4127085685784095,0.3346766280384047,16.492591857910156,5.020829925261715,9.643510720427106,38.46021517163898
1309,2018-03-15,214.3000030517578,215.47999572753906,212.75,214.44000244140625,199.9665985107422,700500,0.013756913441167695,25.343335575401422,0.0002548748643203994,0.012739130605050495,195.26277814592635,3.089486067683008,201.44175028129237,189.08380601056032,0.00485297840094586,-0.007232865280843954,2.998115684158324,191.03664474234063,0.013756913441167695,2.713592529296875,69.9954950923246,4.8395417169034545,0.41348207914149254,16.591238839285715,4.937707430657875,10.261226110081587,40.04333525241315
1310,2018-03-16,213.5399932861328,214.5800018310547,212.55999755859375,214.05999755859375,199.61224365234375,822000,-0.0017720702409177447,23.686421109245444,0.00022263751784305858,0.009459606331232922,196.329829624721,3.1220575296966357,202.57394468411425,190.08571456532772,0.002435161041539221,-0.004589284248154479,2.9928028125755985,192.18005793034104,-0.0017720702409177447,-0.3543548583984375,66.35338239330508,5.0905360556117785,0.4000849184880586,16.38761465890067,3.3012457324340003,10.402871057442436,42.47623258254637
1311,2018-03-19,214.0,214.10000610351562,210.02999877929688,212.75,198.39064025878906,1063300,-0.006119882083397199,23.505739227835893,0.0002192538796218344,0.019018725814106307,197.35957990373885,2.191329436240553,201.74223877621995,192.97692103125775,0.006308439736054322,-0.01855140757337909,2.974487212263776,193.00813557413412,-0.006119882083397199,-1.2216033935546875,69.97120542336992,5.131722391517229,0.35389952966003185,16.476344517299108,3.323426734669968,8.292411800700036,42.15307624985144
1312,2018-03-20,210.5500030517578,214.3000030517578,210.47999572753906,212.60000610351562,198.2508087158203,790400,-0.0007048293346215706,22.66909988533744,0.00020392384508389105,0.018142993440278928,197.78453499930245,2.000039027834177,201.7846130549708,193.7844569436341,0.008074077053441271,-0.0003324973792640633,2.972390706421116,193.70715865969228,-0.0007048293346215706,-0.13983154296875,73.62072644054017,5.094355068453979,0.3486128922648603,16.568013872419083,3.3005883341498587,8.051572950682653,42.19185680985134
1313,2018-03-21,213.08999633789062,216.0,212.35000610351562,213.72999572753906,199.30450439453125,465400,0.00531496282681676,22.232588599761158,0.00019614603009771004,0.017128884317481923,198.10824366978235,2.042107959082887,202.19245958794812,194.0240277516166,0.010652796055528846,-0.0034726652920938576,2.9881888525325198,194.4534714243375,0.00531496282681676,1.0536956787109375,81.96476583092723,5.091078843062803,0.37958032949000153,16.92812238420759,2.693694224634203,8.60697185887022,43.2249120138683
1314,2018-03-22,210.0800018310547,212.02000427246094,204.4600067138672,204.72000122070312,190.9026336669922,1008300,-0.04215595002763828,27.31448104754812,0.0002960638392447877,0.03598627900181314,197.66863359723772,3.1237279788375782,203.91608955491287,191.42117763956256,0.03474868139818677,-0.02675169015710059,2.862218912592013,193.9800263900248,-0.04215595002763828,-8.401870727539062,63.44345383126606,4.3602593053821295,-0.1608405180931732,16.771793910435267,2.717039469202394,8.00377805012234,43.92685094469103
1315,2018-03-23,205.52000427246094,206.27000427246094,199.02999877929688,199.11000061035156,185.67129516601562,1149000,-0.027403176166244214,29.118997249125155,0.00033647460348990396,0.035227741060018074,196.01410348074776,5.524900492140092,207.06390446502795,184.96430249646758,0.03483847563868893,-0.03157846126044336,2.7837850235038983,192.8721955601569,-0.027403176166244214,-5.2313385009765625,50.89837129946729,3.3206755785699897,-0.7871952063847732,16.506262642996653,2.712037336799282,7.989042909913432,44.69116867502669
1316,2018-03-26,205.00999450683594,207.52999877929688,202.08999633789062,207.4499969482422,193.44837951660156,776800,0.041886304200291935,31.846954768529173,0.0004024716381066438,0.02653530358113763,195.08292933872767,5.292105412892463,205.6671401645126,184.49871851294273,0.00039023380907422,-0.014243199098510033,2.9003874898265996,192.94902008768287,0.041886304200291935,7.7770843505859375,54.99462478442407,3.088738640190485,-0.3289109523389915,16.751353672572545,2.67262961043005,8.429512413904138,45.48262732652001
1317,2018-03-27,207.17999267578125,207.9199981689453,198.8800048828125,200.2899932861328,186.77163696289062,681900,-0.034514336953326286,33.6308236751255,0.00044882234169340527,0.043633524499055366,193.2485569545201,5.672252884355997,204.5930627232321,181.9040511858081,0.036827904008823846,-0.0400617245216217,2.800282538707512,192.12536900437723,-0.034514336953326286,-6.6767425537109375,44.25147889568821,2.339204725321423,-0.7072646830235227,16.55143301827567,2.8100557896471785,7.128950301712418,44.73996649327812
1318,2018-03-28,197.49000549316406,199.16000366210938,193.17999267578125,194.52999877929688,181.400390625,2776600,-0.028758361950630862,34.61995796984848,0.00047561170231510903,0.030280068965490597,190.82137843540735,6.6551530463612005,204.13168452812977,177.51107234268494,0.023444249096305603,-0.021823954111601863,2.71975099989533,190.69537188712695,-0.028758361950630862,-5.371246337890625,40.434050663019384,1.2968299590786785,-0.5161962432097742,16.358665466308594,2.8171168067454673,7.146863696940618,44.16577759072415
1319,2018-03-29,195.85000610351562,200.4199981689453,194.8300018310547,198.55999755859375,185.15834045410156,1193200,0.02071632710466531,35.170838909326086,0.0004908682180895893,0.02854223213521912,188.9510258265904,6.029544000723716,201.01011382803784,176.89193782514297,0.009497066900107563,-0.005208089051178374,2.776094251252402,189.95710102939023,0.02071632710466531,3.7579498291015625,40.04027275887023,0.7651553569754412,-0.3515183894426866,16.380950927734375,2.781294749384897,7.533525412240841,43.7162497955896
1320,2018-04-02,197.47000122070312,199.16000366210938,190.6300048828125,193.0500030517578,180.02029418945312,705200,-0.027749472435577904,36.00598651206197,0.0005144567717090431,0.04319642845276173,186.1961386544364,4.788354465761042,195.7728475859585,176.6194297229143,0.03094141172117934,-0.03463815412775471,2.699059100348707,188.63219345073196,-0.027749472435577904,-5.1380462646484375,34.29155166750891,-0.06999117412553346,-0.4181991618189779,16.132935660226003,2.7709175897947684,7.505417425665019,43.26672200045505
1321,2018-04-03,197.60000610351562,200.08999633789062,196.39999389648438,199.42999267578125,185.96969604492188,1165600,0.03304850646009716,37.656555818186305,0.000562704839717532,0.018674100847310648,185.4914332798549,4.320376994277335,194.13218726840958,176.85067929130022,0.0033400994014323184,-0.006072936082818774,2.7882589724627653,188.27719379662395,0.03304850646009716,5.94940185546875,42.98087298350704,-0.24891447726838578,-0.1836937223032175,16.383524213518417,2.730252283060385,9.017508701202237,43.29173410254842
1322,2018-04-04,191.66000366210938,198.30999755859375,191.49000549316406,198.25999450683594,184.878662109375,1704900,-0.005866729680965466,36.78221038185024,0.0005368773811804329,0.03558380431554787,185.3781999860491,4.32526164899459,194.02872328403828,176.72767668805994,0.00026089455704053063,-0.0008869778028649836,2.7719010107907995,187.8240562383241,-0.005866729680965466,-1.091033935546875,38.72554512465136,-0.47329396630121323,-0.2266986157021811,15.944253104073661,1.1296593126320247,9.19367329614991,45.54245889183627
1323,2018-04-05,199.44000244140625,200.92999267578125,197.27000427246094,198.67999267578125,185.27029418945312,861200,0.002118319527033563,35.883421728593596,0.0005109602995841676,0.01835132550399755,184.20990208217077,2.502556561256436,189.21501520468365,179.2047889596579,0.011281588309552044,-0.01088045598867679,2.777772782828962,187.48355463180798,0.002118319527033563,0.391632080078125,36.0183886474432,-0.6124548933001961,-0.2112617944387507,15.788848876953125,1.1374880762040598,9.511137050154577,47.45354353358794
1324,2018-04-06,197.49000549316406,199.27999877929688,194.00999450683594,194.6300048828125,181.49366760253906,837900,-0.02038441512405742,35.96914183253909,0.0005134044302259178,0.026684916329314468,183.4559064592634,2.3948769769177773,188.24566041309893,178.66615250542785,0.023545464414123633,-0.017621200514112003,2.721149509303468,186.68490302790545,-0.02038441512405742,-3.7766265869140625,33.81637205230034,-1.0157739240270018,-0.3601237303385924,15.7457275390625,1.1484100924538623,8.55711568895754,49.03806659641286
1325,2018-04-09,198.00999450683594,202.57000732421875,196.88999938964844,198.52999877929688,185.1304473876953,774100,0.020038053300683645,36.78347394937874,0.0005369142681685014,0.02868546079563787,183.98877171107702,2.2731746797294385,188.5351210705359,179.44242235161815,0.020403053669002556,-0.005656255483350535,2.77567604821002,186.47764227587743,0.020038053300683645,3.63677978515625,38.64578863831515,-1.0300753592674141,-0.21677408567538048,16.21634020124163,2.0805053419675152,7.986349168672089,49.7010387300052
1326,2018-04-10,204.4199981689453,207.07000732421875,202.0,205.5500030517578,191.67660522460938,885800,0.03535970408587241,38.158918647284835,0.0005778186794960721,0.024801914536896643,184.91995239257812,3.711898651707851,192.34374969599384,177.49615508916241,0.007435692623403274,-0.01183836312798162,2.8738231319129697,187.17083733570837,0.03535970408587241,6.5461578369140625,44.927281302901285,-0.5073408117473264,0.04125347036775072,16.647068568638392,1.2986609635276174,9.377284108807753,51.59418963596619
1327,2018-04-11,204.13999938964844,206.6999969482422,203.8800048828125,205.5500030517578,191.67660522460938,855500,0.0,37.999514238062226,0.0005730012231463069,0.013814010354957825,186.58513968331474,3.7617574703816743,194.1086546240781,179.06162474255137,0.00563335896895613,-0.0012736088351782435,2.8738231319129697,187.77160638756183,0.0,0.0,44.016950191160014,-0.0920092909068444,0.04892942364006663,16.452368600027903,1.3078486425297706,9.007674870058317,53.24772054972258
1328,2018-04-12,205.8699951171875,207.32000732421875,205.07000732421875,206.24000549316406,192.320068359375,1044500,0.0033570248910219647,37.65409331050512,0.0005626312472365975,0.010929227441421132,187.4923357282366,4.313825042732588,196.1199858137018,178.86468564277143,0.005246038066110204,-0.0038858882398737733,2.883470627699196,188.3780679838036,0.0033570248910219647,0.643463134765625,51.265849176263906,0.2857718292304696,0.09774807014633087,16.66150447300502,1.0652690821122885,9.376088798616514,55.23983176315386
1329,2018-04-13,205.8300018310547,207.14999389648438,204.8300018310547,205.64999389648438,191.76986694335938,526000,-0.002860863251085699,37.147688521313135,0.0005475995089192457,0.011271398944717192,188.47679356166296,4.403339678124926,197.2834729179128,179.6701142054131,0.007287567345168662,-0.004858378230112441,2.8752214125448265,188.8303078450777,-0.002860863251085699,-0.550201416015625,55.94328955327927,0.5346068180407428,0.06592611354343815,16.62311553955078,1.0766767624598101,8.841608519091656,57.466773518900666
1330,2018-04-16,207.63999938964844,207.97000122070312,205.55999755859375,206.6999969482422,192.74900817871094,828600,0.0051058138119308705,36.83184328417298,0.0005383272538531261,0.011606644525108402,189.54518127441406,4.402961414444625,198.3511041033033,180.73925844552483,0.006116375824475424,-0.01001734654772101,2.889901757745357,189.35280122289547,0.0051058138119308705,0.9791412353515625,49.21433821613601,0.8015787531988678,0.12220321473010241,16.218932015555247,1.324444095945525,7.876003725166029,59.18979884311518
1331,2018-04-17,208.47999572753906,213.35000610351562,207.83999633789062,212.6999969482422,198.34400939941406,1233000,0.029027393051566985,38.31773203195077,0.0005826383286001529,0.026429441090482324,191.95237295968192,3.837249809435363,199.62687257855265,184.2778733408112,0.0031178490435261213,-0.003069835968746123,2.973788071947846,190.55162897976462,0.029027393051566985,5.595001220703125,63.32403493872652,1.4479348823594762,0.3395248284393725,16.656744820731028,2.8575293267717976,7.739611012329138,58.91592712331088
1332,2018-04-18,208.75,208.75,203.0,206.32000732421875,192.39468383789062,1700600,-0.029994984872686592,39.66503704575444,0.0006243314142226473,0.027544910179640718,192.99012102399553,2.3967144068641226,197.78354983772377,188.1966922102673,0.011640683476796407,-0.027544910179640718,2.884589343715194,190.79736962751474,-0.029994984872686592,-5.9493255615234375,62.492163378984536,1.4632485013539736,0.07767072448350479,16.51514652797154,2.891666678203614,7.832071943035287,59.072695369114626
1333,2018-04-19,203.50999450683594,203.6199951171875,194.19000244140625,195.10000610351562,181.93194580078125,2623900,-0.05438163793509565,43.73629089510921,0.0007590726751038145,0.04633675460820916,191.5980268205915,4.855544447715355,201.30911571602223,181.8869379251608,0.04186521175197461,-0.045796237614839246,2.7277206504338394,189.61531311728362,-0.05438163793509565,-10.462738037109375,46.81875039305799,0.6239367810662486,-0.38283708691464885,15.958411080496651,2.9318601305609775,7.807400846181769,59.241661750280045
1334,2018-04-20,194.8300018310547,195.99000549316406,192.3000030517578,193.02000427246094,179.99232482910156,1729200,-0.010661244583200391,43.67060059877556,0.0007567941891499111,0.018939600712040268,189.92884390694755,6.540142891631219,203.00912969021,176.8485581236851,0.015244065045374984,-0.012985673435915397,2.6986397534249176,188.33224801219268,-0.010661244583200391,-1.9396209716796875,49.97056546109775,-0.19548161611442083,-0.5259689086476008,15.962439400809151,2.9643293161258297,7.332800407783728,58.7701073118465
1335,2018-04-23,194.44000244140625,195.27999877929688,190.64999389648438,191.32000732421875,178.40707397460938,808200,-0.008807324734526056,41.52049344492262,0.0006841076888531197,0.02381199765828914,187.94127328055245,7.703040344405278,203.347353969363,172.5351925917419,0.02036613559635936,-0.01949191780155413,2.674871956775003,187.00889147384825,-0.008807324734526056,-1.5852508544921875,41.23620777457138,-0.961707133738372,-0.5393353893476233,15.620865958077568,2.94162770487328,7.276643899347074,58.44207551884196
1336,2018-04-24,196.02000427246094,197.07000732421875,191.6699981689453,194.0500030517578,180.95278930664062,1147600,0.014269138971437556,40.925975964264445,0.0006646569478680755,0.027548255471761006,186.39597647530692,7.8897208082187165,202.17541809174435,170.6165348588695,0.015406612624409687,-0.022191643754222497,2.7130400764570264,186.20141118488723,0.014269138971437556,2.54571533203125,45.59896052499235,-1.3479896394784134,-0.427189399785436,16.07248251778739,3.440814461402068,7.205938913775229,57.777848437775866
1337,2018-04-25,193.64999389648438,193.8300018310547,190.32000732421875,191.66000366210938,178.7240753173828,830300,-0.012316549514365671,37.98640318505853,0.0005726058837054856,0.018125456325664566,184.39241463797433,7.787633379170573,199.96768139631547,168.81714787963318,0.01120577452796247,-0.017195903316401185,2.679624784020885,185.20443306922,-0.012316549514365671,-2.2287139892578125,42.95176888811198,-1.8130600731531104,-0.5035142258565926,15.845759800502233,3.5344099012851307,6.475194104244173,56.70764954618132
1338,2018-04-26,193.94000244140625,195.97999572753906,193.3000030517578,195.67999267578125,182.4727783203125,875600,0.02097480709452637,37.1296088997543,0.0005470666099399656,0.013818668877200502,182.1250959123884,4.777312174419438,191.67972026122726,172.57047156354952,0.0015468858821348645,-0.0032999864988750636,2.735829396951435,184.84021243603232,0.02097480709452637,3.7487030029296875,51.05483040223515,-1.857728007300949,-0.34073944506504367,16.077632359095983,3.3877265211700833,7.316028881792885,56.38604180502937
1339,2018-04-27,194.47999572753906,194.64999389648438,191.17999267578125,191.75,180.39178466796875,1109600,-0.01140440602428261,35.953871558964494,0.00051296860320576,0.017842458334709644,180.410396030971,1.5217770094102963,183.4539500497916,177.36684201215039,0.014911527973021883,-0.016968341856511672,2.7046288876954327,184.24708873362385,-0.01140440602428261,-2.08099365234375,44.71780186479949,-2.0375587541017524,-0.4310995737079721,15.441980634416852,3.3898762087686993,7.320671280304109,56.06443406387743
1340,2018-04-30,189.6199951171875,190.2100067138672,187.6300048828125,188.4499969482422,177.2872772216797,645900,-0.017209805047404214,35.59643503777637,0.000502819915634378,0.013606169694605331,179.7468719482422,1.744120577570579,183.23511310338336,176.25863079310102,0.009281773077450468,-0.010494622326855147,2.6580827518126164,183.31911386536464,-0.017209805047404214,-3.1045074462890625,32.62719748628166,-2.402884762221163,-0.40212780599743947,14.576170785086495,3.4862788559032283,7.018896932254945,55.471840464571166
1341,2018-05-01,188.5,191.75999450683594,187.97999572753906,191.44000244140625,180.1001434326172,484200,0.015866148180618156,34.791559523104574,0.00048033833890862227,0.020053043921999338,179.76227460588728,1.7471229906402987,183.25652058716787,176.2680286246067,0.0016975706388842838,-0.002758643355230438,2.700256286629221,182.889917807665,0.015866148180618156,2.8128662109375,36.912225353823175,-2.4373373527559465,-0.29276287297118037,14.536836896623884,3.959563503740999,7.008693184592818,54.601731526729296
1342,2018-05-02,191.2100067138672,192.19000244140625,189.97000122070312,190.33999633789062,179.06529235839844,509500,-0.005745975847076035,32.71729681125169,0.0004247704407283888,0.01161027740574899,179.85630580357142,1.6783898487278677,183.21308550102714,176.4995261061157,0.009675257771859366,-0.00648504497476247,2.684740679225334,182.3799677477628,-0.005745975847076035,-1.03485107421875,35.14625720872445,-2.5191064213148024,-0.33299813833290026,14.283012390136719,4.059538429242689,5.989633072047069,52.96781446268514
1343,2018-05-03,192.52000427246094,193.8000030517578,189.9499969482422,192.75,181.33251953125,1588200,0.012661455176437686,33.040529849559746,0.0004332050050554159,0.01999795355326797,179.91055297851562,1.7252191412124194,183.36099126094047,176.46011469609078,0.005453994538000384,-0.013349300161979985,2.718733402995704,182.24030798556112,0.012661455176437686,2.2672271728515625,38.7369969189103,-2.3736013139888428,-0.24484778587387412,14.276211329868861,4.534603037453441,5.944596001288781,49.88880087109384
1344,2018-05-04,191.25,196.3000030517578,190.74000549316406,195.50999450683594,183.92909240722656,788000,0.014319399976842506,33.44022054003348,0.0004437493451452685,0.029071882659313725,180.6541268484933,2.188184243849081,185.03049533619145,176.27775836079513,0.004130763633578431,-0.002666637944240196,2.757664034023602,182.46547924178319,0.014319399976842506,2.5965728759765625,40.80340789183947,-2.02541797980669,-0.1438923911328167,14.188164847237724,5.337846716555057,4.143604477540537,46.74401993252421
1345,2018-05-07,194.83999633789062,195.5500030517578,194.0,194.8800048828125,183.33644104003906,570300,-0.003222173063711642,32.649769373274665,0.0004230188254476285,0.007955261141915668,180.77750723702567,2.3277191595520113,185.4329455561297,176.12206891792164,0.0034387096157782963,-0.004311211012516687,2.7487783632544045,182.58160748155063,-0.003222173063711642,-0.5926513671875,32.52891726950206,-1.7768201150258278,-0.20329378955581887,13.546730041503906,5.378330248402982,5.210054713892593,43.1847020200531
1346,2018-05-08,192.75,194.3800048828125,192.13999938964844,193.8699951171875,182.3861846923828,843800,-0.0051831285818879635,31.92701257171357,0.0004044976713310935,0.011621299575429636,181.06242152622767,2.3937587982162816,185.84993912266023,176.2749039297951,0.002645965061608301,-0.003164724307919909,2.7345310915545453,182.5555511096616,-0.0051831285818879635,-0.95025634765625,36.8138038345325,-1.6376049710359268,-0.32794392701732955,13.592270987374443,4.476363941513292,5.3814724838326295,40.82829185183375
1347,2018-05-09,194.8699951171875,198.08999633789062,194.63999938964844,197.9499969482422,186.2245330810547,518200,0.021045170691770032,30.240830535105133,0.0003628999331162486,0.017704095215723123,182.33917236328125,2.4278083185294626,187.19478900034017,177.48355572622233,0.000718424555633858,-0.0011802521337405058,2.792079765138263,183.04474870584735,0.021045170691770032,3.838348388671875,56.85141590424544,-1.2036780782604808,-0.13436643880578725,13.912163870675224,5.811862307743117,3.7830679438301837,38.23177621777141
1348,2018-05-10,199.3300018310547,201.1199951171875,199.0,201.07000732421875,189.15975952148438,414200,0.01576176023570497,30.807124529896768,0.00037661861976212964,0.010635604764526794,183.63340323311942,3.2951338669904637,190.22367096710036,177.0431354991385,0.0002507790724404746,-0.0016555552502045617,2.836087856955336,183.86008348126563,0.01576176023570497,2.9352264404296875,64.18146703382561,-0.6158406191199788,0.11339923988779296,13.971978323800224,5.814352530969838,4.615309214412723,35.22479415174133
1349,2018-05-11,199.8800048828125,200.61000061035156,198.2899932861328,198.8000030517578,187.0242156982422,405000,-0.011289630673270268,30.996436721557302,0.0003812615434259943,0.011607000538042539,184.77039228166853,2.790705010762472,190.35180230319347,179.1889822601436,0.009055420824383771,-0.007954830687601265,2.8040694724933637,184.2819677768625,-0.011289630673270268,-2.1355438232421875,63.107044433231785,-0.3186228507742612,-0.04490656954121799,13.6978759765625,5.897172873435004,4.27680773445267,32.19295414480922
1350,2018-05-14,201.4199981689453,203.6699981689453,201.3000030517578,201.94000244140625,189.9782257080078,406800,0.015794799613178645,31.53532692083592,0.00039463366825555487,0.011766434012175971,186.0054931640625,2.925532639912552,191.8565584438876,180.1544278842374,0.008588996838774628,-0.0005957457962384229,2.848359187912828,185.04146883434854,0.015794799613178645,2.954010009765625,63.559658130944044,0.15351862492829582,0.14639786833486015,13.553793770926339,6.894124602346746,4.250588211536076,29.594432237529603
1351,2018-05-15,201.08999633789062,201.25999450683594,197.63999938964844,199.92999267578125,188.08726501464844,569700,-0.009953565395782404,31.64396369328542,0.00039735731675474823,0.018001865747239054,186.59951782226562,2.8549583837069545,192.30943458967954,180.8896010548517,0.006613963177063723,-0.017156482227217176,2.8200078584652597,185.44757499172186,-0.009953565395782404,-1.890960693359375,64.2113191047063,0.3708346702400718,0.028507501448348883,13.439833504813057,6.729013391653667,4.322361914843973,27.240518070617306
1352,2018-05-16,200.9600067138672,202.97000122070312,200.82000732421875,202.8800048828125,190.862548828125,490900,0.014755298894161717,30.29656979494514,0.0003642389449761832,0.010698615767592007,187.67467607770647,2.8383895253795317,193.35145512846552,181.9978970269474,0.0004478320804336181,-0.0006966529905016015,2.8616179173007996,186.16957150324228,0.014755298894161717,2.7752838134765625,63.12160523879073,0.7582606547333057,0.20153025550872006,13.270320347377233,4.979726200848955,5.522530308637746,25.292834695807837
1353,2018-05-17,203.49000549316406,204.16000366210938,201.22000122070312,202.3800048828125,190.39212036132812,524400,-0.002464749997761473,28.499281117288948,0.00032230516833423094,0.01444789602457903,188.8183811732701,1.7606184268282565,192.33961802692662,185.29714431961358,0.008747352357591201,-0.011155360023503438,2.8545647445455384,186.73257801765374,-0.002464749997761473,-0.470428466796875,66.47027779592781,1.0156313272301247,0.16709713747680718,13.350337437220983,5.342360585018978,5.467171489410302,23.154017284716026
1354,2018-05-18,200.7899932861328,201.14999389648438,196.67999267578125,197.33999633789062,185.6507110595703,1002100,-0.024903390396406766,22.69480650947307,0.00020438660416762723,0.02226207166775097,188.73640659877233,1.9086518224919886,192.5537102437563,184.91910295378835,0.018975037033665165,-0.02046915059404712,2.7834764043003015,186.58832908990928,-0.024903390396406766,-4.7414093017578125,63.06964775050003,0.8274687892771055,-0.14396066289881013,13.417455400739398,5.35103204481411,5.476045536193378,21.047132401596507
1355,2018-05-21,202.32000732421875,202.88999938964844,200.91000366210938,202.50999450683594,190.5144500732422,1089000,0.02619833226553725,23.857997116278487,0.0002258746136509334,0.00978645539670286,188.92993382045202,2.0239298439023043,192.97779350825664,184.8820741326474,0.001878236798417768,-0.006969175618157415,2.8563988439934436,187.111811887687,0.02619833226553725,4.863739013671875,65.29423575431413,1.0586087302703504,0.03972222788953114,13.615067618233818,5.292566973250948,6.869013619787976,19.644196761358693
1356,2018-05-22,202.99000549316406,203.6300048828125,201.5500030517578,202.5399932861328,190.54263305664062,463600,0.00014793094900467096,23.507359381580784,0.00021928410519634665,0.010246818930820386,189.43256487165178,1.905182560277064,193.24292999220592,185.62219975109764,0.005369779630437987,-0.007093957349810229,2.856821393785171,187.56925471021415,0.00014793094900467096,0.0281829833984375,67.36894073289648,1.2298855746783488,0.041705547388665117,13.688331604003906,5.588412578799128,6.920642668027366,18.131147362215025
1357,2018-05-23,198.1199951171875,200.1999969482422,197.64999389648438,200.1999969482422,188.34127807617188,719300,-0.011553083659835761,23.682492551442564,0.00022256367200362387,0.012871003001234135,189.19871520996094,1.9273766713527556,193.05346855266646,185.34396186725542,0.0,-0.0023723058362944156,2.8238162972215624,187.67219115900852,-0.011553083659835761,-2.20135498046875,60.627714622333734,1.1744543794087292,-0.17874275292697042,13.32566397530692,5.128838149998253,7.143241357740189,17.228788326687912
1358,2018-05-24,200.36000061035156,201.0800018310547,198.6300048828125,200.8300018310547,188.93399047851562,325300,0.0031470127440891282,23.102259085901434,0.00021179141860004557,0.012227974350064006,189.3196759905134,1.8717648567330094,193.0632057039794,185.57614627704737,0.001247754038922097,-0.008634436625419349,2.832702883095885,187.84043106827613,0.0031470127440891282,0.59271240234375,58.0802076409955,1.1649231858157236,-0.2667227763369525,13.166466849190849,5.131376277390153,7.496972060734248,16.72177872690586
1359,2018-05-25,199.4600067138672,201.25,198.8000030517578,201.10000610351562,189.1879425048828,309800,0.0013441309619512953,22.131409819259062,0.0001943648018206333,0.012283148830716724,189.08044651576452,1.7443864251020058,192.56921936596854,185.5916736655605,0.0007519998567910751,-0.0033089523708688872,2.8365104067470632,188.0200992598237,0.0013441309619512953,0.2539520263671875,59.551473005688784,1.1644385298525606,-0.24559532741008172,13.216116768973214,5.223584057737972,6.609524303256903,15.531881981582913
1360,2018-05-29,196.00999450683594,198.5800018310547,194.4600067138672,195.60000610351562,184.01376342773438,654000,-0.027349412487082225,23.946299718606753,0.00022754971040212118,0.021019311426202877,188.16925266810827,2.462930965395707,193.0951145988997,183.24339073731684,0.015203284582690674,-0.007907697752191373,2.7589335136090365,187.48592114887845,-0.027349412487082225,-5.1741790771484375,52.33476296021634,0.7380338327886591,-1.0769326363577731,13.098152160644531,5.277047281277348,6.677172582945347,14.341985236259967
1361,2018-05-30,197.0,198.64999389648438,196.11000061035156,197.10000610351562,185.42489624023438,583200,0.007668626445185289,23.090809154534174,0.00021158153468695188,0.012893366934684328,188.13699340820312,2.5025763189214483,193.142146046046,183.13184077036024,0.007867958339942893,-0.004517763399230647,2.7800907441120066,187.2111178277259,0.007668626445185289,1.4111328125,48.767062439505956,0.5081144359973848,-0.9314549810523534,13.021896362304688,5.185240772838324,7.156803206961905,13.50136397533839
1362,2018-05-31,198.3699951171875,198.86000061035156,194.80999755859375,196.64999389648438,185.00152587890625,785700,-0.002283244428944453,22.591888149345056,0.00020253706752084008,0.020416409494617694,187.34943280901228,2.497145835532718,192.34372448007773,182.35514113794684,0.011140831619023942,-0.017946250169995084,2.7737431174085527,186.9165055678833,-0.002283244428944453,-0.423370361328125,43.05021136473066,0.28841454431997704,-0.9751014237870439,12.917585100446429,4.719068586793595,7.1837185306340245,13.16359782422965
1363,2018-06-01,200.38999938964844,202.24000549316406,198.8000030517578,202.16000366210938,190.1851806640625,518000,0.028019524490566772,24.219959640571506,0.00023278033531385403,0.017166537511272385,187.2983681815011,2.4235342252654695,192.14543663203204,182.45129973097016,0.0003992306567112059,-0.007934509420297746,2.8514620806173228,187.35232891404053,0.028019524490566772,5.18365478515625,54.79451737748414,0.5265091471570145,-0.44070385512640414,13.331030709402901,4.6326190556206495,7.763734196763733,13.4517812382033
1364,2018-06-04,203.55999755859375,204.14999389648438,202.33999633789062,203.9199981689453,191.84092712402344,441300,0.00870596990879946,24.05904182125169,0.0002296974179987053,0.0088917153679605,187.7983180454799,2.9731756445098303,193.74466933449958,181.85196675646023,0.0011298670185573142,-0.005993324991821901,2.87628682368726,187.95080867537158,0.00870596990879946,1.6557464599609375,52.94115946358788,0.8391327371013517,-0.27000829008697513,13.139532906668526,4.070919978831125,9.04807731201667,14.61765696283206
1365,2018-06-05,208.6300048828125,209.83999633789062,207.47000122070312,209.32000732421875,196.92108154296875,611000,0.026481077292026534,25.137701514943533,0.0002507555704184102,0.011359799941138508,188.9393310546875,4.580035073088572,198.09940120086463,179.77926090851037,0.0024923980324112675,-0.0055600998656015425,2.9524539973793598,189.14684505771788,0.026481077292026534,5.0801544189453125,62.672127767341706,1.4797574664938224,0.16001797720704444,13.619340079171318,5.153325859562221,8.951258283781225,15.300103282340714
1366,2018-06-06,210.10000610351562,213.80999755859375,209.19000244140625,213.61000061035156,200.95697021484375,569900,0.020494954832930734,25.69001885660429,0.0002618956622431284,0.021989504916583594,190.62062072753906,6.460585966801812,203.5417926611427,177.69944879393543,0.0009519131005814898,-0.004331288127907141,3.0129644087019556,190.72152841200133,0.020494954832930734,4.035888671875,63.97503561632724,2.2867593284011036,0.33576054650936304,13.762638636997767,6.434953069676672,7.65818762601191,15.637741298875973
1367,2018-06-07,211.0500030517578,211.3300018310547,205.91000366210938,207.55999755859375,195.26531982421875,923400,-0.028322731898973386,27.941322717265365,0.000309808537773956,0.025681109171157485,192.22798592703683,5.919914587410826,204.06781510185849,180.38815675221517,0.017863085609794487,-0.024354415140131064,2.9276290255331414,191.32736726696365,-0.028322731898973386,-5.691650390625,55.894458245818676,2.4389310200632224,0.041618268288278484,13.553751264299665,6.449939859940837,7.676023288605241,15.613837978980444
1368,2018-06-08,207.39999389648438,208.27999877929688,205.2899932861328,207.4499969482422,195.16183471679688,837500,-0.0005299717713059815,27.214919797371152,0.0002939094680862475,0.0144166132167603,193.61897713797433,5.148685526837517,203.91634819164935,183.3216060842993,0.004001937586695159,-0.010173580870039403,2.926077464792753,191.8386295936081,-0.0005299717713059815,-0.103485107421875,62.95821537312707,2.522104547467819,0.036270198190866645,13.714951651436943,5.210007158058271,7.748394786708053,15.539756966633465
1369,2018-06-11,209.75999450683594,210.75999450683594,209.22999572753906,209.86000061035156,197.4290313720703,528100,0.011617008307814869,26.995016196226096,0.0002891789283470273,0.007294044714741892,195.3943350655692,3.588094958619324,202.57052498280785,188.21814514833056,0.004290588863717027,-0.0025266914243726427,2.9600697310105604,192.58401649740307,0.011617008307814869,2.2671966552734375,60.137891104596434,2.7393860522941793,0.1534380394299913,13.597728184291295,5.197202815713211,7.582460111583394,15.881090476412288
1370,2018-06-12,208.67999267578125,210.16000366210938,207.3300018310547,209.33999633789062,196.93988037109375,363900,-0.002477604218473428,26.61097273147119,0.0002810094721091677,0.013561443024638981,196.35929216657365,2.768332165090722,201.8959564967551,190.8226278363922,0.003929496612033941,-0.006469191547385167,2.952735849758033,193.1647983472285,-0.002477604218473428,-0.4891510009765625,59.25430499010667,2.839382182182277,0.12815890597190646,13.570258004324776,5.174026891428136,7.548647592104772,16.01146748822384
1371,2018-06-13,213.32000732421875,215.50999450683594,212.61000061035156,213.75,201.08863830566406,998900,0.021066113814798726,27.000182634426757,0.00028928962789380946,0.013594570583699448,197.6803937639509,2.439805459768421,202.56000468348773,192.80078284441404,0.008250489623136821,-0.003328364379755854,3.014938519234072,194.22131034168657,0.021066113814798726,4.1487579345703125,67.45686097425303,3.2163241455967295,0.31489954564301514,14.206883021763392,5.931623802618057,7.498406586885095,15.437475562604464
1372,2018-06-14,215.08999633789062,216.89999389648438,214.61000061035156,215.88999938964844,203.10189819335938,710700,0.010011803275703057,26.691488388857408,0.00028271252079861486,0.01064667499708076,198.56336757114954,3.1377954073113408,204.83895838577223,192.28777675652685,0.004695683314110574,-0.00223160414575964,3.0451234905769833,195.40538872190962,0.010011803275703057,2.0132598876953125,68.67560996410131,3.635597707454423,0.3851112484674904,14.426356724330358,5.840130276843489,8.06381029629772,15.16205761206444
1373,2018-06-15,215.0,215.5,213.80999755859375,214.82000732421875,202.0952911376953,821300,-0.0049561676410613265,26.544984354320828,0.0002796175374488638,0.007860476471656977,198.72598484584265,3.3074310254003794,205.3408468966434,192.1111227950419,0.003162756631540698,-0.005534895076308139,3.03003134806995,196.29737571068105,-0.0049561676410613265,-1.0066070556640625,66.68295723036749,3.842357938572519,0.3402535109174522,14.432220458984375,5.88996515468729,7.040484611502248,15.339643355096985
1374,2018-06-18,209.83999633789062,211.2899932861328,208.5500030517578,211.10000610351562,198.5956268310547,599700,-0.017316901779053206,27.405038041603696,0.00029803020240545445,0.013057521360050854,199.20174298967635,2.9464942464688875,205.09473148261412,193.30875449673857,0.000905390706885376,-0.006147509095718944,2.9775605928279703,196.60380919339755,-0.017316901779053206,-3.499664306640625,69.70004564065754,3.681386517539039,0.171373014941044,14.418123517717634,5.559610276876783,7.141105737121493,15.87761386398553
1375,2018-06-19,203.75999450683594,206.44000244140625,201.77999877929688,206.17999267578125,193.96705627441406,749300,-0.02330650795537481,27.211289781611885,0.0002938310680868473,0.022870061777279037,199.03106035505022,3.2395505935280786,205.51016154210637,192.55195916799406,0.0012760589548223458,-0.009717293781496621,2.9081640531836146,196.2522421375331,-0.02330650795537481,-4.628570556640625,60.61740444186173,3.144085484945606,-0.038159412581422816,13.932991027832031,5.6166136484213744,7.214324377151965,16.415584372874076
1376,2018-06-20,205.58999633789062,206.55999755859375,204.4199981689453,205.5,193.32733154296875,542300,-0.003298110224141726,25.820376072543727,0.00026456024624110645,0.010409063805474817,198.44510323660714,3.884386128571906,206.21387549375095,190.67633097946333,0.005155881013060705,-0.0056909294702374566,2.898572607586328,195.86225405825786,-0.003298110224141726,-0.6397247314453125,60.29312893462607,2.6362609311466088,-0.30235769485947156,13.872836521693639,5.709979415348288,6.76539387423868,16.201178111237365
1377,2018-06-21,206.83999633789062,206.9499969482422,203.52000427246094,204.24000549316406,192.14198303222656,893400,-0.006131303325203841,25.93248054853552,0.0002668625188095923,0.016582830866899007,197.7596893310547,4.558980449939534,206.87765023093377,188.6417284311756,0.013101873443524554,-0.01605101587802293,2.8808005797190894,195.36621792145368,-0.006131303325203841,-1.1853485107421875,52.684581320366604,2.113792115419841,-0.637435109758362,13.614564078194755,5.574644475191364,6.753141788535288,16.149252285294438
1378,2018-06-22,207.02999877929688,207.6199951171875,204.10000610351562,206.3699951171875,194.14581298828125,730900,0.010428902233816428,25.759867512857284,0.0002633217358253807,0.017002313840634945,196.76785714285714,4.468368452729281,205.7045940483157,187.83112023739858,0.0060377723391311765,-0.01415250298535118,2.9108441673201013,195.20349726369736,0.010428902233816428,2.0038299560546875,53.13220958949274,1.8402113347446232,-0.5049066307129652,13.722649710518974,5.695523120436426,6.61562476294811,15.723500158682782
1379,2018-06-25,201.36000061035156,201.49000549316406,195.7899932861328,196.64999389648438,185.00152587890625,1060000,-0.04710009950061067,30.76688013667891,0.00037563528307332013,0.028307569476329363,194.18208966936385,5.34354784094533,204.86918535125452,183.49499398747318,0.024036608969054955,-0.027661935376118617,2.7737431174085523,193.8432344123919,-0.04710009950061067,-9.144287109375,35.41323079497107,0.875437548171476,-0.5110595497536982,12.961587088448661,5.805080390705199,6.393431000746117,15.061153028373868
1380,2018-06-26,198.72000122070312,199.2899932861328,197.25,197.97000122070312,186.24337768554688,1106500,0.0067126571023716775,30.87050574862504,0.00037816989094281386,0.010265666634468,191.9175306047712,4.757937532083028,201.43340566893727,182.40165554060513,0.006642472108097831,-0.007397349092558162,2.7923623038457794,192.82992018214588,0.0067126571023716775,1.241851806640625,30.672249032079094,0.20864925496817932,-0.4522318960002602,12.775840759277344,5.764536446175594,6.805553184265517,14.897786516758986
1381,2018-06-27,199.74000549316406,200.38999938964844,193.72999572753906,193.89999389648438,182.41439819335938,663000,-0.02055901014989292,30.210731846541144,0.0003621779042474662,0.03334336376764197,189.60592651367188,4.901288596866512,199.4085037074049,179.80334931993886,0.03249226651986939,-0.03008916391479066,2.734954098898836,191.44118391697435,-0.02055901014989292,-3.8289794921875,32.25045838689962,-0.6215866522455826,-0.4883728281578353,13.045382908412389,6.052144737850968,6.692876672572251,14.579449269058118
1382,2018-06-28,190.69000244140625,193.66000366210938,190.0399932861328,193.5800018310547,182.11338806152344,887500,-0.0016501445873634557,30.07545635952852,0.00035894169652139036,0.018983744976818547,187.91254534040178,5.183012003002953,198.2785693464077,177.54652133439586,0.0004195386754964768,-0.003408721731351214,2.7304410291958505,190.19747780291425,-0.0016501445873634557,-0.3010101318359375,32.075442431966195,-1.2889849757960121,-0.29510815504429083,12.919020516531807,6.124456126093413,6.191410170358038,13.844653144730083
1383,2018-06-29,198.02000427246094,199.5399932861328,197.60000610351562,197.97000122070312,186.24337768554688,894300,0.02267812195459351,31.132791466798864,0.00038462329544253324,0.009796925263913781,186.90055193219865,4.609392168395868,196.1193362689904,177.6817675954069,0.007928451830904387,-0.0021209885864229452,2.79236230384578,189.67026445393194,0.02267812195459351,4.1299896240234375,35.38244648500982,-1.4677282510111809,-0.14134830656417638,13.049623761858259,5.966530886584094,8.732618366059866,13.75472535122028
1384,2018-07-02,193.6199951171875,195.3800048828125,189.80999755859375,195.25,183.68450927734375,1963200,-0.013739379300366394,29.81520804305775,0.0003527565994646091,0.028767727841577165,185.69234139578683,4.0851539842835445,193.86264936435393,177.52203342721972,0.0006714434773837032,-0.019677707130855822,2.7539969790091976,188.87216376372018,-0.013739379300366394,-2.558868408203125,33.56666903760562,-1.7951692855120882,-0.22611624619093484,12.792884826660156,6.139377268842354,7.558913176260629,13.045416410520536
1385,2018-07-03,193.44000244140625,194.89999389648438,191.27000427246094,191.47000122070312,180.12840270996094,434600,-0.01935986099956566,30.189250719843596,0.00036166303929586373,0.018765454808774496,183.68985421316964,2.29337617827752,188.2766065697247,179.1031018566146,0.017731558273838467,-0.011217939110617069,2.700679980302356,187.70632895655228,-0.01935986099956566,-3.5561065673828125,23.627027242888232,-2.314931653695652,-0.3573863476345776,12.267554146902901,6.200330334425724,6.882846992345002,11.487235464760042
1386,2018-07-05,195.67999267578125,196.6699981689453,194.52000427246094,195.99000549316406,184.38067626953125,540800,0.023606902052072387,29.852275340132174,0.000353634263088517,0.01098729546687311,183.60116141183036,2.2457045455097324,188.09257050284984,179.10975232081088,0.003475024025107758,-0.005927986747435528,2.7644346680713463,187.26290859828282,0.023606902052072387,4.2522735595703125,27.700678877445824,-2.3565591892162274,-0.21133985103526925,12.319714137486049,4.16752387640714,8.099094886221817,11.73123733287443
1387,2018-07-06,194.19000244140625,197.83999633789062,194.16000366210938,197.32000732421875,185.6319122314453,380300,0.006786155616898659,28.856314826553174,0.0003304313116544254,0.018950474429761797,183.51380920410156,2.134961460668837,187.78373212543923,179.2438862827639,0.0026777331846873703,-0.00015448158463217824,2.783194551921628,187.04544241603782,0.006786155616898659,1.2512359619140625,30.503671065584797,-2.262504284879185,-0.1945105287796589,12.395515441894531,3.1907792664974797,8.201202199058153,13.412302552625667
1388,2018-07-09,199.97999572753906,200.22000122070312,197.44000244140625,199.11000061035156,187.31585693359375,1242600,0.009071418173233647,27.70601010176848,0.00030461229990448276,0.013901384331883171,184.2140175955636,2.488747424499763,189.19151244456313,179.23652274656408,0.005550558226153144,-0.012701236825674322,2.8084420735595748,187.0814976850453,0.009071418173233647,1.6839447021484375,36.04196901190274,-2.0286992492884224,-0.1400416039808224,12.780757359095983,3.1420937223856034,9.263402141178686,15.348677594318158
1389,2018-07-10,200.47000122070312,200.69000244140625,198.5500030517578,199.42999267578125,187.6168975830078,977300,0.001607128485234366,27.728534012625687,0.00030510777717830917,0.010674910842607575,185.00023324148995,2.582091688731431,190.16441661895283,179.83604986402707,0.006285278385556647,-0.009577483699576237,2.812955600815123,187.15288433810696,0.001607128485234366,0.3010406494140625,41.19952293143408,-1.7983849473847044,-0.12313870164051281,13.175740923200335,3.1380104096516552,9.652653781552656,16.841251878810084
1390,2018-07-11,196.6999969482422,197.49000549316406,193.3300018310547,193.58999633789062,182.122802734375,842500,-0.029283582232789263,28.84541610551647,0.0003301817580557097,0.021148976749623436,184.41157967703683,2.717590600022334,189.8467608770815,178.97639847699216,0.019827194792990513,-0.017132664816839064,2.7305821841614684,186.4822067909427,-0.029283582232789263,-5.4940948486328125,36.31352848903442,-2.035720226440702,-0.43162245244157793,12.981467110770089,3.204331535755759,8.402157543728116,18.08502879850793
1391,2018-07-12,196.8000030517578,199.3699951171875,196.27000427246094,199.3300018310547,187.52279663085938,625100,0.02965028988907137,31.074586075739163,0.00038318646816608,0.015751985755362383,184.95990644182478,2.925696381397698,190.81129920462018,179.1085136790294,0.00020321791419024716,-0.002693083186373157,2.8115447374877895,186.6209521029316,0.02965028988907137,5.399993896484375,44.884339426934076,-1.7676988353668435,-0.1284223043944633,13.240361894880023,3.1517843241874566,9.331913830292372,19.553653621459507
1392,2018-07-13,200.32000732421875,200.32000732421875,198.57000732421875,199.19000244140625,187.39111328125,422900,-0.000702225819875113,29.919161616934954,0.00035522072692867985,0.00873602204480563,185.9974365234375,2.0972304590433732,190.19189744152425,181.80297560535075,0.005640998609707429,-0.00873602204480563,2.8095703981793916,186.72364026004072,-0.000702225819875113,-0.131683349609375,42.19567475549118,-1.5480705046041123,-0.20709611593536445,13.048876081194196,1.235042857659464,10.38475035733816,22.747756754184664
1393,2018-07-16,199.86000061035156,201.13999938964844,199.3699951171875,200.0800018310547,188.22837829589844,1153300,0.004468008114087096,29.671706917812102,0.00034936912357799135,0.00885622068976048,186.54710824148995,2.10707016495055,190.76124857139106,182.33296791158884,0.005303700367040069,-0.002451743678913424,2.822123581515556,186.9242719981551,0.004468008114087096,0.8372650146484375,54.613963088295286,-1.2915648254351026,-0.13959567582418322,13.506354195731026,1.5510287925267026,9.717314517859666,25.43717947858169
1394,2018-07-17,199.80999755859375,204.8800048828125,199.38999938964844,204.33999633789062,192.2360382080078,1383900,0.02129147553834443,30.872361586337416,0.00037821536107839743,0.02747613012484089,187.4905548095703,2.9420562117769813,193.37466723312428,181.60644238601634,0.002702610237325682,-0.0021019877587564115,2.8822107567175794,187.63250749280212,0.02129147553834443,4.007659912109375,57.940633536127976,-0.7561807838046661,0.1609847027423281,13.67515127999442,2.902682915465119,9.565253513702556,27.55812634034494
1395,2018-07-18,213.08999633789062,218.47999572753906,212.75,217.89999389648438,204.99282836914062,3615000,0.06636003467429674,38.399273926925666,0.0005851207294107429,0.026890026871337378,190.01583644321985,7.229498572065257,204.47483358735036,175.55683929908935,0.002721863255068039,-0.001595552788651339,3.073474362471989,189.9472169429806,0.06636003467429674,12.756790161132812,74.19361695309215,0.6895327748714237,0.5295720886021043,14.539246695382255,7.439413411849347,9.000700960373818,27.417402469074233
1396,2018-07-19,215.75,216.6999969482422,214.64999389648438,215.25999450683594,202.50917053222656,843000,-0.012115827937363877,37.66651690050736,0.0005630025775461133,0.009501752267707126,192.14330400739397,8.487633739438925,209.1185714862718,175.16803652851613,0.006674402972914253,-0.005098521916642526,3.036236675926379,191.6221440882134,-0.012115827937363877,-2.4836578369140625,70.87823484573957,1.616229863483511,0.4429429293577098,14.572215488978795,7.341244585031465,9.530990983158018,27.442468322575444
1397,2018-07-20,216.7100067138672,221.4600067138672,216.7100067138672,219.80999755859375,206.7896728515625,1371300,0.0211373258212757,38.15523686127856,0.0005777071825159799,0.021918692505379585,195.6671425955636,8.750458699955038,213.16805999547367,178.16622519565354,0.007613903853789388,0.0,3.100414599815942,193.64448125665993,0.0211373258212757,4.2805023193359375,70.967696727193,2.6653205895684096,0.5364824765031591,14.681089128766741,8.77669820095339,8.44569966429762,27.131131388812925
1398,2018-07-23,219.57000732421875,221.66000366210938,217.0,220.77999877929688,207.70220947265625,930500,0.004412873276069096,37.994939290315955,0.0005728632586011089,0.021223316057135153,198.54991585867745,8.942063114808782,216.43404208829503,180.66578962905987,0.004007855597112943,-0.011704728507950804,3.1140963365482044,195.51884501879277,0.004412873276069096,0.91253662109375,75.36253041362531,3.529678688445017,0.5407109420934215,15.090639386858259,8.610382893455998,8.507170742314594,26.70462080152693
1399,2018-07-24,219.4600067138672,219.8699951171875,213.16000366210938,213.6999969482422,201.04161071777344,918500,-0.032068020710004363,39.8915163018604,0.0006314813781196799,0.030575007973214174,200.49998692103796,7.470309953034032,215.44060682710602,185.5593670149699,0.028114453568707762,-0.02870683887279645,3.0142334307348277,196.25521377865687,-0.032068020710004363,-6.6605987548828125,70.72532153275995,3.6353282534039124,0.2722064379913122,15.158660888671875,8.480772529450466,8.601979849706828,26.382516178364074
1400,2018-07-25,215.72000122070312,219.07000732421875,214.88999938964844,218.97000122070312,205.9994659423828,2240200,0.024660841140838885,36.36014259158195,0.000524626971936576,0.019377006818638697,203.03871372767858,5.313020789104199,213.66475530588698,192.41267214947018,0.00046359217017298625,-0.0038475886628867237,3.0885669625315852,197.554447400487,0.024660841140838885,4.957855224609375,71.12907714181833,4.072172309355892,0.4472101409269997,15.26486097063337,8.186305072279753,8.86552185976599,26.34252164851833
1401,2018-07-26,216.07000732421875,216.83999633789062,214.22999572753906,216.64999389648438,203.81686401367188,1511000,-0.010595182461887509,36.77216017396452,0.0005365840332776596,0.01207942112222539,204.69311741420202,2.384585848428118,209.46228911105825,199.9239457173458,0.0008793559261612202,-0.008515812164150583,3.0558430320178056,198.389436282245,-0.010595182461887509,-2.1826019287109375,67.45524395941749,4.193911831137825,0.3701680728845465,15.077804565429688,8.279073625516718,8.486134217168988,26.006967566059785
1402,2018-07-27,216.86000061035156,217.50999450683594,212.42999267578125,213.3000030517578,200.66529846191406,920600,-0.015462732031567339,36.37382707035569,0.0005250219427556111,0.023425259691769083,204.07489885602678,2.8158964696681004,209.70669179536299,198.44310591669057,0.019413407005575586,-0.02042796238173049,3.008591350083182,198.69288457286754,-0.015462732031567339,-3.1515655517578125,62.46263853762728,3.9900909927226564,0.2589232670934244,15.013878958565849,8.149892189167868,8.49880140150315,25.86736774228601
1403,2018-07-30,216.42999267578125,216.60000610351562,213.61000061035156,214.5,201.794189453125,692600,0.005625740971975768,36.298560262312094,0.000522851379808215,0.01381511617774336,203.97275870186942,2.894038109811009,209.76083492149144,198.1846824822474,0.009702934780677549,-0.013029580746020362,3.025516905709277,199.10639189023522,0.005625740971975768,1.1288909912109375,63.03402622901329,3.8749851614373085,0.29877116396060616,15.196776253836495,8.02601510106866,8.752123516679147,26.04756130750193
1404,2018-07-31,215.14999389648438,216.3000030517578,213.9600067138672,214.0,201.3238525390625,1162300,-0.0023307753079370164,35.806930059646284,0.0005087842223398412,0.010876116217862749,203.19192722865515,2.740637197560443,208.67320162377604,197.71065283353425,0.010690230615876374,-0.0055309654491076995,3.018465105611704,199.40205331007886,-0.0023307753079370164,-0.4703369140625,69.44924611682778,3.703123401200912,0.19904877463927897,15.527683803013392,8.102730294900812,6.476297954307414,25.682702331892784
1405,2018-08-01,214.00999450683594,215.3699951171875,212.74000549316406,213.91000366210938,201.23915100097656,802500,-0.0004207228155913567,35.2709577382211,0.0004936668491156263,0.01228909719886671,202.26863316127233,1.9394990342309162,206.14763122973417,198.3896350928105,0.0068220713637347895,-0.0059342509521503155,3.0171951684737066,199.64699966886522,-0.0004207228155913567,-0.0847015380859375,65.57025968937599,3.5195162196162357,0.11559740580719602,15.299037388392858,7.974606809768539,6.3738922423484405,25.72046914697852
1406,2018-08-02,212.6699981689453,216.1199951171875,212.1999969482422,215.82000732421875,203.0360565185547,613900,0.008929204424885429,34.195838861055236,0.0004640299188139899,0.018432304522010015,202.55355398995536,1.8746126001935572,206.30277919034248,198.80432878956825,0.001410578810135877,-0.002210002467436688,3.044136320922785,200.0988739154905,0.008929204424885429,1.796905517578125,67.1125615992934,3.4788988825163756,0.16447106307648285,15.447868347167969,8.120301796350413,5.834777689032177,26.251943997052226
1407,2018-08-03,214.05999755859375,214.92999267578125,212.35000610351562,214.77999877929688,202.05764770507812,456100,-0.004818891926159696,33.75984410493659,0.00045227264840857996,0.01205263291456133,201.99043709891183,1.098251931743875,204.18694096239958,199.79393323542408,0.0007007096056950939,-0.007988374635994546,3.029466956983761,200.36004375410218,-0.004818891926159696,-0.9784088134765625,65.08000105157265,3.32938090528026,0.11978660995267515,15.315371922084264,8.242240442635453,4.920793395688802,25.92728525493853
1408,2018-08-06,212.99000549316406,213.75999450683594,212.3800048828125,213.57000732421875,200.91929626464844,501000,-0.005633795371562611,33.931344913428646,0.0004568794316008173,0.00647912854327678,201.57649884905135,0.8009408137161946,203.17838047648374,199.97461722161896,0.0008920004587881245,-0.002863987016382046,3.012399560063204,200.43461075550834,-0.005633795371562611,-1.1383514404296875,60.1006396921526,3.083486866268629,-1.1924622280719581,14.961851937430245,7.909113906301394,4.958634905779094,24.92477292409408
1409,2018-08-07,214.5399932861328,215.0,212.97000122070312,213.55999755859375,200.90992736816406,537600,-4.663014781836061e-05,33.9062854566485,0.00045620483867767173,0.009462099575017036,201.6114458356585,0.7587840572214744,203.12901395010144,200.09387772121553,0.0067120466415122575,-0.007317945905478719,3.0122590914264302,200.49798630386246,-4.663014781836061e-05,-0.009368896484375,43.24834158859285,2.8549480135767737,-1.1934525969763101,14.093048095703125,8.325771949047246,3.8992506755084957,24.29930507970069
1410,2018-08-08,213.64999389648438,214.3699951171875,212.88999938964844,213.0,200.38307189941406,491500,-0.0026223466189629896,33.96850582613035,0.0004578807095475598,0.006927197612072648,201.40985761369978,0.8799206490600181,203.1696989118198,199.65001631557976,0.0064123339870127815,-0.003557194142510309,3.0043599039825875,200.48266438326934,-0.0026223466189629896,-0.52685546875,46.240916321161336,2.6013299803301493,-1.2491455245487288,14.218255179268974,8.323444219015173,3.536978833000601,23.79567728437266
1411,2018-08-09,213.22000122070312,213.38999938964844,209.02999877929688,209.1699981689453,196.77996826171875,1016800,-0.017981077960038228,32.805936361941285,0.0004270751827713257,0.020448365938421247,200.76073128836495,1.963181335098627,204.6870939585622,196.8343686181677,0.019791769986601863,-0.019651075965754244,2.9503382743290634,199.9889715670626,-0.017981077960038228,-3.6031036376953125,31.867844526875004,2.085554536114728,-0.9699149470835549,13.793690272739955,8.239426004183285,3.5012759869638623,23.58485934631504
1412,2018-08-10,204.74000549316406,205.60000610351562,202.64999389648438,203.88999938964844,191.81271362304688,842500,-0.025242684418290917,32.88626730115405,0.0004291692765884737,0.014408577356073902,199.41409737723214,3.878759685991037,207.17161674921422,191.65657800525005,0.008352088834559897,-0.010208125137270594,2.87586381634297,198.89880384119385,-0.025242684418290917,-4.967254638671875,24.903502260611376,1.2614417293155498,-0.629342596120617,13.361526489257812,8.469319052321547,2.625557563634789,23.73558374164287
1413,2018-08-13,204.91000366210938,206.0399932861328,204.5,204.6999969482422,192.57470703125,914400,0.00397259073087608,32.89066530147935,0.0004292840730055307,0.007515461708117562,197.91961887904577,4.248393237890613,206.416405354827,189.42283240326455,0.006539438358022969,-0.0020008962704693477,2.887288446283036,198.05559093320133,0.00397259073087608,0.761993408203125,33.56464025297245,0.6621796969584182,-0.6135979674789193,13.508633204868861,8.429407194917449,2.4648965564056082,22.593034348001
1414,2018-08-14,207.13999938964844,207.3300018310547,204.92999267578125,205.61000061035156,193.4307861328125,408800,0.004445438940346325,32.890409696602546,0.00042927740079776427,0.011586410941127844,196.6872100830078,4.096494179930898,204.8801984428696,188.494221723146,0.008303568725360727,-0.01066914512107327,2.900123710774155,197.4389502931495,0.004445438940346325,0.8560791015625,20.981627943844572,0.2534174096584536,-0.6204042654782748,13.274840218680245,8.55591716103846,2.4567489204708157,21.77932821098771
1415,2018-08-15,201.27000427246094,201.60000610351562,195.82000732421875,197.13999938964844,185.46255493164062,1281400,-0.04119422435527287,35.194712432666975,0.0004915348346103663,0.028717636292551776,194.4791041782924,5.3950563081777565,205.26921679464792,183.6889915619369,0.022159321405039758,-0.027078038617540247,2.780655363974478,195.84209757828165,-0.04119422435527287,-7.968231201171875,16.558054137970544,-0.7053682663499217,-0.47752229198543766,13.084032331194196,7.537536789794132,2.527154890452751,21.605239422472593
1416,2018-08-16,198.27000427246094,199.60000610351562,197.27000427246094,197.86000061035156,186.13987731933594,1250600,0.0036520708341636343,25.27004512015405,0.0002534028493550083,0.011751660769890431,192.36909702845983,5.348864395205571,203.06682581887097,181.6713682380487,0.008775939152010921,-0.005043627268125786,2.79081051432911,194.54846821042224,0.0036520708341636343,0.6773223876953125,20.911696581901737,-1.394483824701581,-0.4658388148957512,13.115769522530693,3.068216896843852,3.145709772009049,21.21239499427517
1417,2018-08-17,194.74000549316406,197.66000366210938,193.89999389648438,197.3699951171875,185.6788787841797,730900,-0.002476624255883575,25.12235133063017,0.0002504494191982599,0.0193078446110909,190.26849801199776,4.496474827348421,199.2614476666946,181.27554835730092,0.001489208877176781,-0.004313502993657738,2.7838987253157477,193.36585628692325,-0.002476624255883575,-0.46099853515625,16.840803783188775,-1.9552724350499489,-0.3670139175085677,12.800442286900111,3.0702398172378462,2.4780453003714014,21.102636346522292
1418,2018-08-20,198.8300018310547,199.9499969482422,197.52000427246094,199.49000549316406,187.67335510253906,538300,0.010741535770891986,24.04663816394685,0.00022946063769356526,0.01222145880100131,188.9675532749721,3.5070889325245074,195.9817311400211,181.95337540992307,0.0023134911775989342,-0.006588530636874667,2.813802073056267,192.60685612900537,0.010741535770891986,1.994476318359375,23.570185623417558,-2.213250899983109,-0.2802267530095247,12.783678327287946,1.4157131206125035,3.817046253931359,23.196373112042455
1419,2018-08-21,199.80999755859375,201.61000061035156,199.49000549316406,200.49000549316406,188.61407470703125,699000,0.005012536830165448,24.07551648618904,0.00023001210082411106,0.010610055267959337,188.51060485839844,3.2753227166109666,195.06125029162038,181.9599594251765,0.005605300690017097,-0.0016014817543644215,2.8279063595802576,192.07448527274215,0.005012536830165448,0.9407196044921875,26.33987320596738,-2.315105388105337,-0.23789013947164214,12.775857107979911,1.4204665643445815,4.434011281621704,25.61881232361506
1420,2018-08-22,200.13999938964844,201.14999389648438,199.2100067138672,200.80999755859375,188.91514587402344,385600,0.001596228528861543,21.94294727333249,0.00019106862501597191,0.00969315073715108,187.98781040736608,2.7718814934811853,193.53157339432846,182.4440474204037,0.0016987925398595268,-0.004646710695599966,2.8324203443883684,191.65324001957967,0.001596228528861543,0.3010711669921875,21.96478102654146,-2.3445058724512364,-0.23624865310490956,12.608362470354352,1.418588569365911,4.428149087374212,28.036176796178232
1421,2018-08-23,201.8300018310547,202.22000122070312,199.36000061035156,199.5399932861328,187.72036743164062,374400,-0.006324418494108142,19.5387962537193,0.00015149387263664878,0.01417034427193622,187.17203630719865,1.4075446353703016,189.98712557793925,184.35694703645805,0.013278540902029321,-0.012238028034953309,2.8145069327792305,191.12885700785446,-0.006324418494108142,-1.1947784423828125,21.777678724828107,-2.4361323855339663,-0.29287320745438633,12.709142412458148,1.833977312870257,3.872540048432672,29.547613135413744
1422,2018-08-24,201.69000244140625,203.17999267578125,201.52000427246094,202.97999572753906,190.9565887451172,301900,0.017239585441654492,20.75747996730648,0.00017098133912425768,0.008230395077726087,187.95689828055245,1.7783674050851872,191.51363309072283,184.40016347038207,0.0009916056612686562,-0.0008428685948114822,2.863027865523007,191.10588790615617,0.017239585441654492,3.2362213134765625,31.88498118903081,-2.221997242452119,-0.13949783412037808,12.97751944405692,1.8035424188690425,4.584299677317035,31.561754443674317
1423,2018-08-27,206.16000366210938,209.22999572753906,205.47999572753906,208.58999633789062,196.23431396484375,546200,0.027638350969764636,22.773001531585603,0.00020579745982444433,0.01818975520657318,189.39896065848214,3.4066792650367352,196.2123191885556,182.58560212840868,0.003104381928016353,-0.0032984474315630443,2.942157234506548,191.7896780473145,0.027638350969764636,5.2777252197265625,42.865325483245606,-1.6078905203163458,0.11403614700317997,13.276998247419085,3.6759273346695354,4.510083726831229,31.947197658994053
1424,2018-08-28,207.6199951171875,208.05999755859375,204.94000244140625,206.69000244140625,194.4468536376953,437600,-0.009108806156443494,22.807781975015804,0.00020642655500787907,0.015027430837894361,190.65152849469865,3.422779396357958,197.49708728741456,183.80596970198275,0.006598570221592723,-0.012908162695353956,2.91535769457565,192.14396812603195,-0.009108806156443494,-1.7874603271484375,41.27730578442724,-1.251018664166935,0.028058470347930044,13.160256522042411,3.730101457297317,4.153326359578462,31.99676116570067
1425,2018-08-29,205.5800018310547,207.57000732421875,205.50999450683594,206.82000732421875,194.5691680908203,401500,0.0006290379650621958,22.819945102891694,0.00020664678353134522,0.010020492261089324,191.6366446358817,3.4151066197800497,198.4668578754418,184.8064313963216,0.0036482147743940037,-0.00034053567270751317,2.917191565247274,192.46732812133706,0.0006290379650621958,0.122314453125,46.38127183857376,-0.9474043058043549,0.04365127947867303,13.168558393205915,3.748691541782882,4.253319710847784,31.7658228067532
1426,2018-08-30,205.3800048828125,206.85000610351562,204.72999572753906,205.1999969482422,193.04510498046875,352800,-0.007833014476580247,22.919015604665375,0.00020844495090749777,0.01032237961619592,192.2696489606585,3.1628228316904377,198.59529462403935,185.94400329727762,0.00803393278822305,-0.003164909630050527,2.8943411614857344,192.54436503588795,-0.007833014476580247,-1.5240631103515625,52.27349497706407,-0.8203108622628292,-0.05576574128542094,13.415758405412946,3.772697384862947,4.280557088052577,31.53488444780572
1427,2018-08-31,204.3000030517578,205.66000366210938,203.6999969482422,205.0500030517578,192.90399169921875,388400,-0.0007309860628906817,22.586993514256882,0.00020244931587820714,0.009593767423344751,192.83948407854353,2.7957528773918465,198.43098983332723,187.24797832375984,0.0029858081313734663,-0.00293688739379812,2.8922254384354376,192.5923152576654,-0.0007309860628906817,-0.14111328125,50.621700636450896,-0.7226448550036366,-0.06497078136337713,13.30058833530971,3.529641838665994,4.316034503004658,31.232291100970635
1428,2018-09-04,199.0500030517578,199.89999389648438,197.3300018310547,199.47999572753906,187.66392517089844,693000,-0.027164116626942403,24.16738385732075,0.00023177081051868536,0.012911288751708421,192.8314208984375,2.8130056454043584,198.45743218924622,187.20540960762878,0.00211001337606663,-0.008641050963741423,2.813660689314368,191.9351965794298,-0.027164116626942403,-5.2400665283203125,40.658400856999776,-1.0559016395525873,-0.40678851798655674,12.746353149414062,3.5940286150881753,4.3388974445573645,30.477835992425153
1429,2018-09-05,197.8000030517578,198.14999389648438,194.1999969482422,195.1199951171875,183.56216430664062,633900,-0.021856949120735325,24.995429692715007,0.0002479252006045471,0.019969650593021488,191.7750745500837,4.5105626676750585,200.79619988543382,182.75394921473358,0.015318497131185702,-0.018200232800672005,2.7521626507850105,190.81879227639126,-0.021856949120735325,-4.1017608642578125,46.480770035004674,-1.6321731876778358,-0.6743527955033857,12.911842346191406,3.6103831913240376,4.347418031741052,29.82700430408481
1430,2018-09-06,191.55999755859375,192.1300048828125,183.42999267578125,184.4499969482422,173.52420043945312,2100300,-0.054684274970843605,30.433129681493433,0.0003675299135756333,0.04541664396487643,188.53077261788505,7.763184247107226,204.0571411120995,173.0044041236706,0.04009191915040183,-0.042441036680039214,2.6016626316249973,188.51284669813285,-0.054684274970843605,-10.0379638671875,32.65205920257229,-2.865816980455577,-0.3839453901015419,12.523453848702568,3.211099719171004,4.436733425455405,28.8659185419171
1431,2018-09-07,181.1999969482422,184.42999267578125,180.27999877929688,180.8699951171875,170.15626525878906,889600,-0.019409022903633666,30.698864760671363,0.0003739763085690434,0.022902836459041308,185.06068856375558,9.831363932034474,204.72341642782453,165.39796069968662,0.019646785974343172,-0.00507725267350915,2.55116690202026,186.06530250622035,-0.019409022903633666,-3.3679351806640625,30.2348679552631,-4.068355328463127,-0.3496972223730239,12.47957284109933,3.2427250212319563,4.480429681260309,27.707312778416345
1432,2018-09-10,187.6300048828125,187.7100067138672,184.5800018310547,185.6699981689453,174.6719512939453,1003600,0.026538464677091866,32.61159450362949,0.0004220301968528398,0.01668179289750271,182.21822902134485,9.494664694601678,201.20755841054822,163.2288996321415,0.010872507018245813,-0.016255412100334078,2.6188709547348905,184.54618901125036,0.026538464677091866,4.51568603515625,34.44394298558865,-4.60392631251969,-0.19371495946537837,12.714045933314733,3.1868545192721616,6.032657859184557,27.255434801219106
1433,2018-09-11,182.4600067138672,183.85000610351562,181.27999877929688,183.3699951171875,172.5081787109375,610500,-0.012387636177296324,31.92562255612923,0.0004044624506335028,0.014085318588467564,179.28438241141183,8.734067289065766,196.75251698954335,161.8162478332803,0.0026307736965113437,-0.006467214135428564,2.586429334152346,182.94112097120865,-0.012387636177296324,-2.1637725830078125,31.277409421639476,-5.14367545123676,-0.26845668005610174,12.374146597726005,3.1825369200590274,6.024484722108983,26.217166587382675
1434,2018-09-12,177.3800048828125,177.47999572753906,172.69000244140625,175.3699951171875,164.98208618164062,3094700,-0.04362745340850149,34.42951500694076,0.00047039345381474527,0.027004133240932985,175.29553876604353,7.803731942269848,190.90300265058323,159.68807488150384,0.011895368994636972,-0.026440423454180968,2.473590008882233,180.54658299926623,-0.04362745340850149,-7.526092529296875,26.179825892248303,-6.108310500132944,-0.21094465451614722,11.833853585379464,3.2980501879465973,5.517655874083619,24.80902194747058
1435,2018-09-13,182.30999755859375,184.6300048828125,181.14999389648438,182.0,171.2193145751953,2444700,0.03780548869219458,37.63083639060994,0.000561936447403513,0.0190884264874704,172.94630868094308,5.633173185187376,184.21265505131782,161.67996231056833,0.014426004706446371,-0.0063628088291568,2.5671052879921556,179.3029472093901,0.03780548869219458,6.2372283935546875,35.07486355133376,-6.296911643797841,-0.040248717472235386,12.286929539271764,2.7395998368981767,8.668973459552303,24.646629140163192
1436,2018-09-14,183.44000244140625,185.00999450683594,182.27000427246094,184.35000610351562,173.43016052246094,1095400,0.012912363028381835,35.79085439188026,0.000508327483373323,0.014936710629679575,171.4988795689174,3.247260525027054,177.99340061897152,165.00435851886328,0.0035978434067625116,-0.006378097216385663,2.6002526834027893,178.51990898446624,0.012912363028381835,2.210845947265625,33.84780930995457,-6.196552616473696,0.020256108841037547,12.167719159807477,2.6815970127201108,8.907261443827043,24.834217071633002
1437,2018-09-17,184.0500030517578,185.0399932861328,182.75,183.08999633789062,172.24478149414062,574900,-0.006834907058549389,35.73162728297337,0.0005066465032894152,0.012442234437175367,171.31610543387276,3.1487776958350238,177.6136608255428,165.01855004220272,0.010594930268454367,-0.007063314480860024,2.5824801979829877,177.6832253190895,-0.006834907058549389,-1.1853790283203125,26.08779106624209,-6.1418679150860385,-0.012587532053383768,11.691749572753906,2.707370434329135,8.624029978886645,27.2612475948351
1438,2018-09-18,184.7100067138672,187.61000061035156,184.7100067138672,186.57000732421875,175.51866149902344,687000,0.01900713610295468,36.57010890830675,0.0005307035180815141,0.015700253321828592,172.08216203962053,3.456808620998494,178.9957792816175,165.16854479762355,0.005630411176065073,0.0,2.631565750589236,177.39461680974736,0.01900713610295468,3.2738800048828125,31.675810459080424,-5.767866762155364,0.08109686529920872,11.944573538643974,3.6315148548454843,8.499755962339,28.663924660194684
1439,2018-09-19,186.67999267578125,189.27999877929688,186.27999877929688,189.0500030517578,177.85174560546875,1053800,0.013292513095300107,36.69625657570861,0.0005343711296310462,0.016070281324738887,172.53641836983817,4.017333267644665,180.5710849051275,164.50175183454886,0.0012320320150135766,-0.0021426714815607974,2.6665458727900866,177.45556731584355,0.013292513095300107,2.3330841064453125,34.48034461901099,-5.223000269035623,0.1511048773624096,11.990158081054688,4.2655270996100185,7.156762546919995,27.68401245616415
1440,2018-09-20,191.19000244140625,192.05999755859375,189.83999633789062,191.49000549316406,180.147216796875,561200,0.012906655392060706,36.995125370938794,0.0005431108338140788,0.011611492192869687,173.6277095249721,4.9399871798363435,183.5076838846448,163.7477351652994,0.0029812859362474886,-0.00706107059091314,2.70096206145731,177.81445391331442,0.012906655392060706,2.29547119140625,38.195293624746874,-4.5534746848662735,0.22618180404512936,12.127830505371094,4.261181358429062,7.745884341799757,26.61486573014521
1441,2018-09-21,189.44000244140625,190.10000610351562,187.9600067138672,188.42999267578125,177.2684326171875,1116700,-0.015980175718914746,37.284321790185274,0.0005516351791087634,0.011296449335247125,175.38290187290735,3.249717947077979,181.88233776706332,168.8834659787514,0.008815526848670253,-0.007812477346207936,2.6578002131051,177.74165107383084,-0.015980175718914746,-2.8787841796875,36.37256607368846,-4.206672755080547,0.1682628303408302,11.937679835728236,4.3028736646607895,7.821671724417266,25.54571900412626
1442,2018-09-24,190.75999450683594,191.5800018310547,189.44000244140625,191.47000122070312,180.12840270996094,509400,0.016133555481643747,37.8216168046627,0.00056764868957093,0.011218281879179599,176.65562874930245,3.0878655926298335,182.83135993456213,170.47989756404277,0.0005766440213837425,-0.006919648267144321,2.700679980302356,178.05988462531485,0.016133555481643747,2.8599700927734375,43.14801186785523,-3.658876788388085,0.2921603599780887,12.460220336914062,3.8827775050560986,8.35041346410616,25.58368078842439
1443,2018-09-25,192.1199951171875,192.35000610351562,189.16000366210938,190.2100067138672,178.94302368164062,515600,-0.006580744682608386,37.21461670316662,0.0005495744826839713,0.016604218834486453,177.44318062918526,2.819466499725819,183.0821136286369,171.80424762973362,0.011138868644792028,-0.01540699318294599,2.682907494882554,178.17763649949163,-0.006580744682608386,-1.1853790283203125,45.56461491034872,-3.282555463029098,0.31805798959670545,12.58418709891183,4.2249480310798715,7.628576409773719,24.87806333232987
1444,2018-09-26,186.8000030517578,191.3000030517578,186.58999633789062,188.8000030517578,177.61651611328125,701000,-0.007413016395203975,35.5425717000806,0.0005012993662918134,0.025214168291861093,178.2105712890625,1.6623688272664567,181.53530894359542,174.88583363452958,0.013383297425896239,-0.0011242329252478633,2.6630190576361743,178.10282044799692,-0.007413016395203975,-1.326507568359375,54.71899697428459,-3.056127045901519,0.25058559278754583,12.845399039132255,1.9580887332608627,7.804975707571982,27.24462535601611
1445,2018-09-27,188.11000061035156,189.83999633789062,187.74000549316406,188.74000549316406,177.5601043701172,298700,-0.0003176041530287277,35.52923194447576,0.0005009231438747447,0.011163632119041105,178.50220598493303,1.2357314993752486,180.97366898368352,176.03074298618253,0.005847593648171148,-0.001966908277002788,2.662173271723874,178.03045830427962,-0.0003176041530287277,-0.0564117431640625,59.24359278188293,-2.848398287824324,0.24771622693525028,12.939519609723773,1.9550491602546536,8.241626393973462,29.92484752039004
1446,2018-09-28,185.52999877929688,188.27000427246094,185.4600067138672,188.02000427246094,176.8827667236328,609800,-0.0038146950233397536,35.48840944785027,0.0004997727004516937,0.015145785463710763,178.36378043038505,1.3679392900767142,181.0996590105385,175.6279018502316,0.0013474909806763674,-0.00037725470754165633,2.652017892592961,177.8774327601934,-0.0038146950233397536,-0.677337646484375,53.05275702171198,-2.7072200897588914,0.21326365723457397,12.45067378452846,1.9736352918709388,8.09543557166002,32.519695074404694
1447,2018-10-01,190.8699951171875,192.52000427246094,189.50999450683594,190.0800018310547,178.82073974609375,513900,0.010956256838117406,35.846954891545636,0.0005099222916652806,0.01576994730773142,178.17428370884485,1.1550144947565368,180.48431269835794,175.86425471933177,0.012783583087054483,-0.007125271887373234,2.6810740817634926,178.0032070249801,0.010956256838117406,1.9379730224609375,58.771260288262155,-2.4111627408815934,0.30916473719566107,12.912043980189733,3.60027024096011,7.989793349196265,34.02288038063878
1448,2018-10-02,188.27000427246094,192.33999633789062,188.27000427246094,190.16000366210938,178.89596557617188,421000,0.00042067732291539706,35.859947694973116,0.0005102920034469076,0.02161784656646456,178.4067884172712,1.1050037963641464,180.6167960099995,176.1967808245429,0.011579075935146866,0.0,2.682201948830747,178.12224149847233,0.00042067732291539706,0.075225830078125,74.38167457231934,-2.1457304185255452,-0.19824329492917486,13.522575378417969,3.5876556043580803,7.961798689662445,35.34906592840881
1449,2018-10-03,191.25999450683594,192.33999633789062,189.94000244140625,191.80999755859375,180.4482421875,826600,0.008676979418337893,34.99841832805416,0.00048606717677201447,0.012548331932523377,178.45247977120536,1.1912993021831584,180.83507837557167,176.06988116683905,0.0027710906332684853,-0.006901558628783234,2.7054753599365773,178.43237492367604,0.008676979418337893,1.552276611328125,69.34905245700882,-1.7894895198383551,-0.17773288633765244,13.079440525599889,3.500213462819114,8.39899194332144,36.862369249865885
1450,2018-10-04,190.94000244140625,191.0800018310547,184.89999389648438,187.4600067138672,176.3559112548828,610400,-0.02267869657807431,35.059359112728714,0.0004877613735695529,0.03236622947287733,178.08289228166853,1.397257193749441,180.8774066691674,175.28837789416966,0.018958809421291214,-0.03163301805641996,2.6441187051491193,178.15551310117027,-0.02267869657807431,-4.0923309326171875,55.6854828666348,-1.8164441092826564,-0.6544612025544795,12.853803362165179,3.4982869540224386,8.394369159015882,38.38175804247127
1451,2018-10-05,185.89999389648438,186.97999572753906,181.58999633789062,183.7899932861328,172.90328979492188,691200,-0.019577577158561787,30.133840977703663,0.0003603366555831475,0.02899408050895245,177.4095742361886,2.4204421376612717,182.25045851151114,172.56868996086607,0.017159777009904342,-0.023184495428190857,2.592353267182666,177.45521666033716,-0.019577577158561787,-3.4526214599609375,51.17602303867174,-2.092284954122988,-0.794757569708045,12.783392769949776,3.47304195287531,8.333792121787674,39.5790466005117
1452,2018-10-08,181.0,182.8800048828125,179.69000244140625,181.67999267578125,170.91824340820312,603900,-0.011480674480359387,29.6109871975096,0.0003479406995282052,0.017624322880697513,176.46073695591517,3.4390868981139664,183.3389107521431,169.58256315968723,0.006629901696305248,-0.00723755557234116,2.5625913031840457,176.5836202267193,-0.011480674480359387,-1.98504638671875,41.387700722650095,-2.442907151680629,-0.6836911754736705,12.398499625069755,3.48518636142533,8.362933427211335,40.77633515855213
1453,2018-10-09,180.67999267578125,183.9600067138672,180.38999938964844,182.9499969482422,172.11306762695312,596000,0.006990618408688087,28.174478641742446,0.0003150004947357146,0.01975873073354005,175.77935137067522,3.795568192322522,183.37048775532026,168.18821498603018,0.005590047634313326,-0.0016050105041413578,2.580505401122028,175.98754654675048,0.006990618408688087,1.19482421875,38.77856454898834,-2.594458141984404,-0.5905638139593519,12.347101484026227,3.958895068654954,6.861055398054317,40.583722230521104
1454,2018-10-10,174.61000061035156,176.52000427246094,171.85000610351562,171.9199981689453,161.73643493652344,1515900,-0.06028962724039377,34.814156361348886,0.00048096249331446364,0.026745307557535493,173.33873639787947,6.227563408265685,185.79386321441083,160.8836095813481,0.02634445958098759,-0.01580662331589451,2.424927692396558,174.08739833205354,-0.06028962724039377,-10.376632690429688,22.644786165424165,-3.511393769043167,-0.48928747280620744,11.665797642299108,4.0284259466720425,6.981557507273564,40.39110930249008
1455,2018-10-11,176.08999633789062,180.17999267578125,169.58999633789062,171.77999877929688,161.6046905517578,1665300,-0.0008145621907477141,31.493705779796215,0.0003935926602160195,0.060139681743021846,170.8685542515346,7.033108759642881,184.93477177082036,156.80233673224882,0.04770284554022042,-0.036912943013113944,2.4229524379830347,172.42303729468077,-0.0008145621907477141,-0.131744384765625,24.65765058066708,-4.200284268013036,-0.34824697003675287,12.272281101771764,5.182345174088477,6.633401145036292,39.77695891015147
1456,2018-10-12,175.4600067138672,176.33999633789062,171.35000610351562,174.27999877929688,163.95668029785156,906100,0.014553969554123025,28.8194138627964,0.0003295867521409289,0.02843947363180298,168.51261683872767,5.971295307545241,180.45520745381816,156.57002622363717,0.0117405532871836,-0.0234241448369142,2.458216013996528,171.29418969510354,0.014553969554123025,2.35198974609375,23.398535781194468,-4.50452369038922,-0.24567440430519963,12.302547999790736,5.2783310812552235,4.230211551135674,37.82695708565412
1457,2018-10-15,173.4199981689453,175.1199951171875,172.8300018310547,173.35000610351562,163.0817108154297,672600,-0.005336589401739311,28.326603564636276,0.000318411297423835,0.013204897418473659,166.61630249023438,5.111158089199958,176.8386186686343,156.39398631183445,0.010206372000693693,-0.003402124000231231,2.4450975244690483,170.19919251114703,-0.005336589401739311,-0.874969482421875,23.63994889712427,-4.761352442240252,-0.28383267642261706,12.226955958775111,5.331140225110845,4.409615254885206,35.71930895652923
1458,2018-10-16,178.3800048828125,182.24000549316406,177.77999877929688,181.72000122070312,170.9559326171875,823600,0.04828390481302702,33.324347153113656,0.0004406794099925529,0.025002839958420273,166.3381086077009,4.752333803726845,175.84277621515457,156.8334410002472,0.0029151488856755917,-0.0033636399096961655,2.56315638059908,170.30009119195245,0.04828390481302702,7.8742218017578125,40.909189360301895,-4.280168073410749,0.05956981276214597,12.712764195033483,7.81769619191173,4.108732614277356,34.71378367040138
1459,2018-10-17,187.5800018310547,189.25,183.30999755859375,185.00999450683594,174.051025390625,1709500,0.018104623373136564,33.260394527268396,0.00043898962067839077,0.03166650167087724,166.785648890904,5.363727930369931,177.51310475164388,156.05819303016415,0.022603718156388838,-0.022763643409635683,2.609561361516278,170.80021575177545,0.018104623373136564,3.0950927734375,45.57741783248454,-3.607492941279702,0.19454982595137818,13.146377563476562,9.35971210238545,4.064666329699895,34.681108438011954
1460,2018-10-18,182.3800048828125,182.8000030517578,175.85000610351562,176.44000244140625,165.98863220214844,847700,-0.04632200913715978,36.47181574989398,0.0005278545016246881,0.03810723084862224,165.91072954450334,4.822048700849532,175.5548269462024,156.26663214280427,0.03487224717664721,-0.035804356861886794,2.4886812362841417,170.15867127849185,-0.04632200913715978,-8.062393188476562,38.42461777914687,-3.6825111070237995,-0.15705900085244232,13.006311689104352,8.911753516023175,4.140666427297878,35.21639666844442
1461,2018-10-19,176.19000244140625,178.24000549316406,173.7100067138672,175.75999450683594,165.3489532470703,740400,-0.0038537515888382723,36.0083682951837,0.0005145248362228534,0.025710873015075707,166.4268035888672,4.482176782164979,175.39115715319716,157.46245002453722,0.014075775878105668,-0.01407568927393488,2.4790904770156996,169.51737554096897,-0.0038537515888382723,-0.639678955078125,35.27964746662488,-3.7503486052964945,-0.18641947651957416,12.764464242117745,8.977285902176938,2.8333534592700924,36.3115498769043
1462,2018-10-22,176.4600067138672,177.02000427246094,174.25999450683594,176.3300018310547,165.88519287109375,518600,0.0032430784319641415,35.805963702667384,0.0005087567605860052,0.015640993203068394,167.0383039202009,3.9783265258956733,174.99495697199222,159.08165086840955,0.003910248300767099,-0.01246748341452013,2.487130361872597,169.03308451831896,0.0032430784319641415,0.5362396240234375,35.925189116952424,-3.7179816768952207,-0.16284850403502749,12.632449558803014,8.91969310861692,3.0205226633486757,37.28220662671412
1463,2018-10-23,167.52999877929688,174.4199981689453,167.25999450683594,172.9499969482422,162.70538330078125,1260800,-0.01916873661402363,35.527452924442194,0.0005008729806739902,0.04273863615042417,166.8595472063337,4.1636644694502225,175.18687614523415,158.53221826743325,0.008774555192587906,-0.0016116771588868671,2.4394552150411197,168.18939102264727,-0.01916873661402363,-3.1798095703125,31.45898575774777,-3.9039128334502493,-0.1912094796639224,12.281790597098214,9.116317705321306,2.522346887226913,38.24102204320793
1464,2018-10-24,167.3000030517578,167.6999969482422,157.9499969482422,158.16000366210938,148.79148864746094,1942800,-0.08551588380821262,45.270997019219294,0.0008132790361564132,0.058278540479067595,164.8180868966239,8.031462940653542,180.88101277793098,148.75516101531682,0.057023270245735815,-0.05588766248033481,2.230843046316325,165.6030040392891,-0.08551588380821262,-13.913894653320312,26.10124448127563,-5.115036671090735,-0.2926040705375237,12.218807765415736,8.9064893040152,2.546362983090101,39.51812008315265
1465,2018-10-25,165.14999389648438,170.2899932861328,163.69000244140625,169.0399932861328,159.0270233154297,1067700,0.06879113019845051,52.57668828583919,0.0010969476790104362,0.03996361543230465,163.11395699637276,7.77347239115219,178.66090177867716,147.56701221406837,0.007568877058412107,-0.008840396663854824,2.3843052607677793,164.72620660944116,0.06879113019845051,10.23553466796875,39.235205309935225,-5.189121964434463,0.03440978473409491,12.995552062988281,8.603509878076174,4.595736243339797,38.11220724147082
1466,2018-10-26,164.39999389648438,169.16000366210938,162.25999450683594,166.2100067138672,156.36465454101562,876000,-0.016741612330460676,52.71101698198804,0.0011025600441569169,0.04197086016692967,160.58733258928572,6.374533190856107,173.33639897099795,147.8382662075735,0.01794402103262652,-0.013017028400839865,2.344388146414527,163.61133300031776,-0.016741612330460676,-2.6623687744140625,38.827173220377105,-5.400413398894216,-0.05064991222540886,13.0067138671875,8.670963524133498,4.200466501674085,36.83024214176655
1467,2018-10-29,168.52000427246094,169.6999969482422,160.3800048828125,163.3699951171875,153.69287109375,745500,-0.01708687589985236,52.85774396798285,0.0011087067846765187,0.055304959821631895,158.83079528808594,6.332056527173571,171.4949083424331,146.16668223373878,0.03756231705774481,-0.04830286721621365,2.304329877095657,162.2888714127754,-0.01708687589985236,-2.671783447265625,36.17234280708361,-5.717545670701327,-0.13601039742560367,13.027683803013392,8.786962675975166,4.159509864401667,35.63714200291967
1468,2018-10-30,166.10000610351562,169.41000366210938,165.66000366210938,168.74000549316406,158.7447967529297,1307500,0.032870266676833015,54.27664552143875,0.001169029463912665,0.022576760157750703,157.88734436035156,5.654790803357317,169.1969259670662,146.57776275363693,0.004033703457709455,-0.0026490212235876433,2.380073814667185,161.81632812479597,0.032870266676833015,5.0519256591796875,47.559107544182815,-5.497851293513634,0.025392962530170232,13.816764831542969,7.2064385259187,6.11860623768314,34.222411480635984
1469,2018-10-31,170.9600067138672,173.08999633789062,169.97999572753906,172.36000061035156,162.15036010742188,731400,0.021453070740911295,55.02958806373596,0.0012016887152636788,0.01819139265452134,157.35379682268416,4.900254514014877,167.1543058507139,147.5532877946544,0.004269979520770865,-0.005732399086579076,2.431133706581831,161.86086572247942,0.021453070740911295,3.4055633544921875,50.42263621659453,-4.9914036216434,0.1341968929598489,13.524024963378906,7.184407413028099,7.698901379309215,32.58353976400112
1470,2018-11-01,171.02999877929688,176.05999755859375,169.64999389648438,175.72000122070312,165.3113250732422,1352600,0.019494036052255526,55.47160767166878,0.0012210711339998184,0.037478826567619104,157.72607421875,5.44346107149464,168.61299636173928,146.83915207576072,0.001987933931575175,-0.008068788473730312,2.4785263147057908,162.32092696924778,0.019494036052255526,3.1609649658203125,51.03622455601715,-4.285575293170865,0.23518617914596615,13.465048653738839,8.269471226207148,7.068586778239223,30.99594395101291
1471,2018-11-02,178.07000732421875,178.67999267578125,172.82000732421875,174.99000549316406,164.62457275390625,948400,-0.0041542968640029265,55.03726283516516,0.0012020239287250198,0.03290832319051352,159.9879433768136,4.276636308921887,168.54121599465736,151.43467075896984,0.020722115071847496,-0.02948278645511104,2.46822978060926,162.62807974053558,-0.0041542968640029265,-0.6867523193359375,51.183607955164,-3.7385210864437397,0.21324521261633606,13.622573852539062,8.186679707051281,8.157420334772542,29.04404234765089
1472,2018-11-05,172.49000549316406,173.5,169.7100067138672,172.86000061035156,162.62074279785156,567400,-0.012172119401944737,54.810327630185476,0.0011921317519556635,0.021972248625634218,160.50133187430245,4.357005850625415,169.21534357555328,151.78732017305163,0.0037103563642346877,-0.016116868750445074,2.438186193008248,162.62710148151106,-0.012172119401944737,-2.0038299560546875,42.97270643458778,-3.427162817423209,0.1492250924667902,12.888083321707589,8.239384165868632,8.209936426701672,27.09214074428887
1473,2018-11-06,174.30999755859375,177.6699981689453,174.0500030517578,177.42999267578125,166.9200439453125,1493800,0.026437593836385664,55.58210205055413,0.001225940503316751,0.020767570236300704,162.00924464634485,4.510583086632371,171.03041081960959,152.98807847308012,0.0013768888562079489,-0.0014915639405510357,2.5026459692764833,163.1994938100179,0.026437593836385664,4.2993011474609375,44.107604777704985,-2.8012009730379077,0.36096759733999767,12.65631103515625,8.08833459867369,9.62794140622135,25.5455406333544
1474,2018-11-07,178.25999450683594,178.52000427246094,176.08999633789062,177.4199981689453,166.91062927246094,1039400,-5.640229075576375e-05,55.51544891924826,0.0012230020113911354,0.013631818744822895,163.89749581473214,2.9432185769691914,169.7839329686705,158.01105866079376,0.006170796238151134,-0.012173220216620713,2.5025048143108655,163.69431187167697,-5.640229075576375e-05,-0.0094146728515625,50.878811202195806,-2.279603536404693,0.43225442214225196,12.859952654157366,7.738334963784796,10.419507853302717,24.971427058167723
1475,2018-11-08,175.3300018310547,177.36000061035156,174.1999969482422,174.99000549316406,164.62457275390625,1891400,-0.013696290814547152,51.42768704999327,0.0010495265854412875,0.018023177032498443,164.73746381487166,1.8714843981925748,168.48043261125682,160.9944950184865,0.013517339259889993,-0.006445017230430166,2.4682297806092595,163.8183466559742,-0.013696290814547152,-2.2860565185546875,49.33055966300808,-2.02732967116188,0.32197670917978655,12.731238228934151,7.5791976078699825,10.20523269754011,24.397313482981037
1476,2018-11-09,172.5500030517578,175.86000061035156,171.75,175.5,165.10433959960938,1748000,0.0029143088281256,51.424150190373794,0.0010493822312706831,0.023819185961525213,165.15946088518416,1.4837814682385735,168.1270238216613,162.191897948707,0.0020863552824370414,-0.004636354897761694,2.4754229644487316,163.98981238179223,0.0029143088281256,0.479766845703125,49.27761600577298,-1.7683037358168292,0.34512031480367833,12.700122288295201,6.442091694465904,10.473874660245983,24.94747966188413
1477,2018-11-12,170.1300048828125,170.27999877929688,167.0500030517578,169.0,158.98939514160156,2888200,-0.03703684877597413,52.86264028925628,0.0011089121977584527,0.018985456032661146,164.25632803780692,2.7551996491895303,169.766727336186,158.74592873942785,0.007523650987834585,-0.018103813217287733,2.3837410984578704,163.32309008310014,-0.03703684877597413,-6.1149444580078125,46.73933738380598,-2.0330134157628663,0.05013981705642956,12.460183279854911,6.675131439268288,10.186759097826153,25.414284376038875
1478,2018-11-13,169.8300018310547,173.69000244140625,169.49000549316406,170.88999938964844,160.7674102783203,1433100,0.011183231027045437,52.9987406685991,0.0011146295684354838,0.02473059472978341,163.70530482700892,3.0402386844627816,169.78578219593447,157.62482745808336,0.016487093102332,-0.00200198041703403,2.410399025870588,162.98233277579618,0.011183231027045437,1.77801513671875,63.3522079643639,-2.0754028302756637,0.021169707864868742,12.813798086983818,7.860293533204316,9.499559987932074,25.41344392844449
1479,2018-11-14,173.58999633789062,174.5800018310547,172.02999877929688,172.72999572753906,162.49842834472656,1166700,0.010767219944698425,50.19877365186173,0.0009999670143455738,0.014689804168174907,163.68783133370536,3.04785296940438,169.7835372725141,157.5921253948966,0.010657331312540687,-0.008986678907217875,2.4363523223366235,162.9178121849869,0.010767219944698425,1.73101806640625,54.77606237587595,-1.9468756844367192,0.11576092213176264,12.264804295131139,5.307552726202346,10.660825534689213,25.52894474285593
1480,2018-11-15,169.4600067138672,176.8000030517578,168.9600067138672,176.7899932861328,166.3179473876953,2028800,0.023504959905618072,50.5042808197061,0.0010121755480617986,0.04626458177314037,163.60181753976005,2.948303744534699,169.49842502882944,157.70521005069065,5.9068601607584405e-05,-0.0029505486851788506,2.493618685989105,163.37116354534803,0.023504959905618072,3.81951904296875,63.271462141789,-1.5193001828795332,0.3244779489505615,12.56256103515625,3.536281810132993,10.825503565304166,26.067553265368822
1481,2018-11-16,170.08999633789062,171.0399932861328,167.88999938964844,168.99000549316406,158.97996520996094,3096800,-0.0441202064659274,50.26420974695489,0.0010025757069388388,0.018519571781439665,162.46886553083147,2.9883995692925542,168.44566466941657,156.49206639224636,0.012052371315808406,-0.012934311221171437,2.383599714715971,162.78567043396308,-0.0441202064659274,-7.337982177734375,56.26952129116729,-1.7523572692522293,-0.5130602218737621,11.947325570242745,3.592250034453273,10.996837255449224,26.743791879448416
1482,2018-11-19,168.25,168.5399932861328,163.38999938964844,163.58999633789062,153.8998260498047,1476500,-0.031954587192461914,51.35592004253085,0.0010465994140535,0.03060917620495914,160.93675885881697,4.201846814779734,169.34045248837643,152.53306522925752,0.0294204870623607,-0.028885590551866642,2.3074327698001524,161.60089118274198,-0.031954587192461914,-5.08013916015625,44.258597457378876,-2.3202352355196183,-0.6206787120338907,11.507532392229352,3.630653873974763,11.114401670273285,26.68350456817212
1483,2018-11-20,157.0399932861328,163.08999633789062,156.5800018310547,161.3300018310547,151.7737274169922,2125600,-0.013814821545831135,51.43841855726339,0.0010499646443143718,0.04145437331351945,159.03238568987166,4.95208804000734,168.93656176988634,149.12820960985698,0.011207301210393972,-0.0029291357281199266,2.2755559978563604,160.290602680642,-0.013814821545831135,-2.1260986328125,37.318909629448406,-2.9083157526142145,-0.2174785703682479,11.139316013881139,3.666789076819115,11.004376831216804,26.71244600075126
1484,2018-11-21,164.3000030517578,166.5,163.89999389648438,163.91000366210938,154.20089721679688,1074000,0.01599202866736049,51.54971847013768,0.0010545132834724018,0.01582474774937509,158.3483145577567,5.278964785156989,168.90624412807068,147.79038498744274,0.015763824040068482,-0.002434626584562062,2.3119467546082633,159.47864195212932,0.01599202866736049,2.4271697998046875,36.174184093570005,-3.142299014141372,-0.10765183709682431,11.197647094726562,3.5779173439982133,13.60312706914023,26.793144835413052
1485,2018-11-23,162.1199951171875,164.52999877929688,162.1199951171875,163.66000366210938,153.96572875976562,742800,-0.0015250783962730274,41.67957455198976,0.0006893598947757426,0.014865554741519193,157.37664576939173,5.384404450959758,168.14545467131126,146.6078368674722,0.00536636530588734,0.0,2.308420854559477,158.74358685981417,-0.0015250783962730274,-0.23516845703125,36.58536772720674,-3.3085694348258983,-0.11915555060993421,10.980535234723773,3.569824786866503,13.572359426293037,26.927301416830556
1486,2018-11-26,165.13999938964844,167.66000366210938,164.2899932861328,167.42999267578125,157.5123748779297,1056800,0.02303529588521558,34.896461612943284,0.0004832392988506443,0.02040699036231077,156.6643524169922,4.902127100417479,166.46860661782713,146.86009821615724,0.0013928241926743213,-0.005147184853198603,2.3615960119718564,158.5794252622296,0.02303529588521558,3.5466461181640625,43.81122557631901,-3.118210450895276,0.042496487836089746,11.32473863874163,4.942983636206161,11.686699492975464,27.412474061802797
1487,2018-11-27,166.72999572753906,168.1699981689453,165.6300048828125,167.41000366210938,157.49356079101562,544300,-0.00011944513520689704,34.37630702539689,0.00046894066853347266,0.01523417112229481,155.40372576032365,2.5998889190543126,160.60350359843227,150.20394792221504,0.004558235028554061,-0.006597438210962992,2.361313930816902,158.4346433327344,-0.00011944513520689704,-0.0188140869140625,37.25832492515136,-2.9350344738271588,0.04163896345958577,11.011050633021764,4.93255852869069,12.200737902173124,27.778637601438422
1488,2018-11-28,170.27999877929688,174.4199981689453,167.75,174.30999755859375,163.98486328125,613300,0.04121630406749088,36.4727065851643,0.000527880287955352,0.03917076707047915,156.11871119907923,4.037832290908257,164.19437578089574,148.04304661726272,0.0006459984210719685,-0.014857874074664837,2.458638563788254,159.17467265920314,0.04121630406749088,6.491302490234375,46.63493415111075,-2.240248145292668,0.35634561526407693,11.391513279506139,7.1251289018391715,12.027111501920027,27.295393009622824
1489,2018-11-29,172.52999877929688,173.25,170.9600067138672,171.52000427246094,161.36009216308594,1079700,-0.01600617926340142,35.40130998645988,0.0004973225193481838,0.013273015141339033,157.18446350097656,4.328632674378688,165.84172884973393,148.5271981522192,0.010027216946498102,-0.009099820764724206,2.4192851541923472,159.4660619263875,-0.01600617926340142,-2.6247711181640625,46.27438988500014,-1.8797534398238156,0.23640405753966756,11.306925092424665,7.312084314307096,11.50086813850998,27.966898147245832
1490,2018-11-30,168.9600067138672,171.4499969482422,168.36000061035156,171.35000610351562,161.2001953125,1360900,-0.0009909318248549903,34.613761675157015,0.0004754414671843522,0.018288329871598053,158.5311017717634,3.798647995522197,166.1283977628078,150.93380578071898,0.0005918018510492629,-0.0035511723465525896,2.4168878075396587,159.69727971120253,-0.0009909318248549903,-0.1598968505859375,45.511599300835215,-1.5886481807160635,0.22849620190500913,11.225102015904017,7.440850994233732,9.915613506259287,28.481259871552158
1491,2018-12-03,173.86000061035156,178.1999969482422,173.1300048828125,177.66000366210938,167.1364288330078,2413300,0.03682522536030386,36.325274457787344,0.0005236212557276099,0.0291613484851663,160.37903485979353,4.434248245598966,169.24753135099147,151.5105383685956,0.003105908686512805,-0.004198756039205943,2.5058902457228776,160.68916626077657,0.03682522536030386,5.9362335205078125,59.40488545896385,-0.8689243130473869,0.48827147946767846,12.069683619907924,8.89145935719255,9.790410399123813,28.337566895350488
1492,2018-12-04,175.58999633789062,176.30999755859375,169.3800048828125,169.63999938964844,159.5915069580078,1625300,-0.04514229439794004,39.6487000811728,0.0006238172294153935,0.0394668991418267,161.1827174595424,3.4867298441626513,168.1561771478677,154.2092577712171,0.037986208258186466,-0.035366430802402544,2.392768610521529,160.54281168707408,-0.04514229439794004,-7.544921875,48.80204670562844,-0.8970099302522954,0.1392925905223278,11.67489515032087,9.046533125699552,8.643257285811687,28.437599682767683
1493,2018-12-06,164.52999877929688,166.5,162.25999450683594,166.35000610351562,156.496337890625,1097300,-0.019394321955974902,39.9785700448145,0.000634240501122277,0.025770409801386264,161.0375693184989,3.680737538290283,168.39904439507947,153.67609424191832,0.0009116507481749828,-0.013796902019709834,2.3463624857229237,160.00328184754753,-0.019394321955974902,-3.0951690673828125,44.05071921696053,-1.1557000695601403,-0.0038697483499048617,11.181745256696429,9.121119772516947,8.714519013323336,28.537632470184878
1494,2018-12-07,164.85000610351562,165.9199981689453,158.89999389648438,159.52999877929688,150.080322265625,1412200,-0.04099786430455732,40.851407242212964,0.000662237092725845,0.04258419176553022,159.97853524344308,5.491468645159355,170.9614725337618,148.99559795312436,0.03876250623634137,-0.036093490971999174,2.2501666349239513,158.68022056995787,-0.04099786430455732,-6.416015625,34.693133098449934,-1.8570260682251671,-0.30063279525269465,10.83332279750279,9.34139688097813,7.061851159054185,28.785564107710588
1495,2018-12-10,161.52000427246094,163.0800018310547,158.80999755859375,161.41000366210938,151.84896850585938,915800,0.011784664461901073,41.22645840628895,0.0006744527272720129,0.02643638038331188,158.24483598981584,5.915186198319354,170.07520838645456,146.41446359317712,0.010339265259851446,-0.016778149097221404,2.2766840936998953,157.7693869614114,0.011784664461901073,1.768646240234375,42.48910097815567,-2.244246725300428,-0.21882675271439944,11.424582345145089,9.285600802198232,6.14914896664887,29.050078164720876
1496,2018-12-11,163.82000732421875,164.85000610351562,160.4600067138672,161.47000122070312,151.90541076660156,1475500,0.00037169999439279344,41.104730298143984,0.0006704757352710934,0.02679769987410708,156.89416721888952,6.1596795749869075,169.21352636886334,144.5748080689157,0.020632430299695196,-0.020510319009458548,2.277530337164758,156.9875234687701,0.00037169999439279344,0.0564422607421875,47.65071575289037,-2.5175467551970314,-0.21621610176668868,11.67036873953683,9.932756312292167,6.082914128452989,29.491604302666378
1497,2018-12-12,166.35000610351562,167.33999633789062,164.74000549316406,165.22000122070312,155.4333038330078,917700,0.02322427521575743,42.094289770717275,0.0007031465203575844,0.015629640813530542,156.07032557896204,5.866446302981103,167.80321818492425,144.33743297299984,0.012744184186373145,-0.009678392252956683,2.330424328527309,156.7802941840018,0.02322427521575743,3.52789306640625,54.17292168198841,-2.421553351611294,-0.17414614914266693,12.116398402622767,9.759755274324627,7.752220190323908,28.902537529515527
1498,2018-12-13,165.02000427246094,165.61000061035156,163.7100067138672,164.08999633789062,154.3702392578125,698200,-0.006839361636019947,40.23420524066172,0.0006423774886300362,0.011513718623757496,154.24658421107702,3.2568025624881334,160.7601893360533,147.73297908610076,0.00921103037878542,-0.00793841670510953,2.314485713779132,156.45895352717656,-0.006839361636019947,-1.0630645751953125,50.19929633918234,-2.4035516670327866,-0.2289715544370498,11.791428702218193,9.561420315141955,7.594681785742409,28.45672610907431
1499,2018-12-14,162.41000366210938,164.17999267578125,160.82000732421875,161.02999877929688,151.49148559570312,692500,-0.01864837209523007,40.41383392217769,0.0006481261794799045,0.020688290596636395,153.08943830217635,2.355491463741472,157.8004212296593,148.3784553746934,0.019395319410483308,-0.009790014789966875,2.271324322979485,155.7966244696468,-0.01864837209523007,-2.878753662109375,47.25867323788032,-2.591701047693306,-0.377437451947404,11.754332406180245,8.341545182228398,7.7486788976559975,28.182525051984165
1500,2018-12-17,161.0,164.1999969482422,159.6199951171875,160.60000610351562,151.08692932128906,686500,-0.002670488528271009,40.12438523833228,0.0006388755122040065,0.02844721634195458,152.31666564941406,1.8935361372009563,156.10373792381597,148.52959337501215,0.022360191582152564,-0.008571458899456522,2.265258777430985,155.16866511653242,-0.002670488528271009,-0.4045562744140625,42.34819702968354,-2.7418487718370557,-0.39830162353835513,11.683920724051339,8.388235056357493,6.726413824493874,27.10969464266005
1501,2018-12-18,163.17999267578125,164.72999572753906,161.77000427246094,162.5800018310547,152.94967651367188,710200,0.012328976442572692,39.36837485478226,0.0006150273566296236,0.018139426326358937,152.72657339913505,1.6194739422827793,155.9655212837006,149.4876255145695,0.013175597456706293,-0.008640694120643746,2.2931870995342627,154.87279996948436,0.012328976442572692,1.8627471923828125,44.81651679564973,-2.6796445201717347,-0.30223420471330553,11.897166660853795,7.484139936897501,7.642845717512123,24.742783679263177
1502,2018-12-19,159.9499969482422,162.97999572753906,153.33999633789062,153.8800048828125,144.76502990722656,1580600,-0.053512022993482455,40.695778632460836,0.0006572009517866094,0.06026883134463466,151.71458217075892,3.4443982493094243,158.60337866937778,144.82578567214006,0.056892722840571265,-0.04132541879629092,2.1704740187356277,153.52509729451666,-0.053512022993482455,-8.184646606445312,28.890326451468013,-3.2532780178692065,-0.3449302582516227,11.404586791992188,7.32181852743545,7.477082182940661,22.37587271586629
1503,2018-12-20,156.2100067138672,156.75999450683594,151.69000244140625,152.67999267578125,143.6360626220703,2719400,-0.007798618809250812,39.45658470636172,0.0006177865383691654,0.03245625662584144,150.53324672154017,4.594207661820147,159.72166204518047,141.34483139789987,0.02611869698288986,-0.028935433571424873,2.153547319228126,152.2065593381905,-0.007798618809250812,-1.12896728515625,29.871845168946166,-3.755691646871213,-0.3038076759034834,11.599574497767858,7.249693182872514,7.4034273761806695,20.008961752469414
1504,2018-12-21,151.77000427246094,152.58999633789062,148.0,148.4499969482422,139.65663146972656,1805700,-0.027704958488135922,40.222913597660906,0.0006420169755098786,0.030243106072861143,148.27943638392858,5.558372612771156,159.3961816094709,137.16269115838628,0.027278113415719597,-0.024840246203676326,2.093883380146674,150.5332356223953,-0.027704958488135922,-3.97943115234375,27.487257365343282,-4.4239681530071095,-0.27627050905245437,11.518433707101005,7.25662845195539,7.410509711900841,17.677318503867152
1505,2018-12-24,149.13999938964844,150.49000549316406,144.80999755859375,145.00999450683594,136.42041015625,321500,-0.02317270064027055,40.10146600573431,0.0006381458634162953,0.03808507414386212,145.71517508370536,6.362436743941276,158.4400485715879,132.9903015958228,0.036744072742087484,-0.029033135636147962,2.0453624474028973,148.6515255602426,-0.02317270064027055,-3.2362213134765625,15.982573928149549,-5.15529112552187,-0.2663361080109127,11.077974591936384,7.372854999208352,4.517526826596033,16.04224013643511
1506,2018-12-26,146.49000549316406,153.00999450683594,144.5,152.9199981689453,143.8618927001953,634500,0.05454816134493479,45.18582687183606,0.0008102218055918815,0.058092662896603246,144.62523324148995,5.840044061621075,156.3053213647321,132.9451451182478,0.0006143513858686057,-0.013584582009295684,2.1569332081927013,148.01290784556963,0.05454816134493479,7.4414825439453125,32.539737385357625,-5.075892668852362,-0.027938152456972745,11.607689993722099,8.19848425880324,4.404088139905646,14.697368653165919
1507,2018-12-27,149.83999633789062,154.41000366210938,149.57000732421875,154.38999938964844,145.24476623535156,725800,0.00961250758766341,44.45055128817821,0.0007840680594535561,0.032301097545253454,143.79063851492745,5.137949562643374,154.0665376402142,133.5147393896407,0.0001335042241714133,-0.0018018487738283655,2.177666745022537,147.64382229754057,0.00961250758766341,1.38287353515625,37.01694034310296,-4.845526272146117,0.03260798400900028,11.867662702287946,7.031775227761537,6.51994479349691,12.946158453071597
1508,2018-12-28,157.5399932861328,157.69000244140625,154.75999450683594,155.08999633789062,145.90333557128906,676500,0.004534203558635319,44.52405633297077,0.0007866633302942674,0.018598502345043715,142.78401838030135,3.4610614309070686,149.70614124211548,135.86189551848722,0.01650378452659542,-0.017646305051236662,2.1875407293273397,147.41175740070705,0.004534203558635319,0.6585693359375,44.44169652491056,-4.557284660781278,0.061442022604924235,12.083489554268974,6.981080348442326,8.025625790959834,11.257546674094034
1509,2018-12-31,156.0399932861328,157.02999877929688,153.9499969482422,155.6199951171875,146.4019317626953,356500,0.0034173049536803113,41.59571738613674,0.0006865887717727608,0.019738541166217836,143.01786150251115,3.6664194546163604,150.35070041174387,135.68502259327843,0.00903616843615105,-0.013393978645321833,2.1950162230980474,147.27711398230548,0.0034173049536803113,0.49859619140625,42.49807185923206,-4.239745415402865,0.0832719819459903,11.949702671595983,4.567301163879563,8.217844036093139,11.398412239547913
1510,2019-01-02,154.27999877929688,157.25,153.83999633789062,156.3000030517578,147.04164123535156,602500,0.004369542566509121,41.518813733700014,0.000684052338830824,0.02210269438093209,143.5043727329799,3.9750800448067225,151.45453282259334,135.55421264336647,0.006157615736056574,-0.0028519733269877024,2.2046074399190525,147.24571761604497,0.004369542566509121,0.63970947265625,43.40729526031455,-3.891613964191862,0.11128028208722096,11.795919145856585,4.627900396151669,6.847489119601745,11.259209359807627
1511,2019-01-03,151.19000244140625,152.22000122070312,147.3800048828125,147.67999267578125,138.9322509765625,1078600,-0.05515029749844369,45.094636550798185,0.0008069548593843583,0.03201267451375542,143.40088980538505,4.0994266202352705,151.59974304585558,135.20203656491452,0.030028497067333255,-0.025200062815465038,2.0830226837402344,146.13725539744732,-0.05515029749844369,-8.109390258789062,30.10435612590439,-4.221415452244003,-0.26374935397715155,11.063331604003906,4.723074289808384,6.988309393483701,11.501291087735208
1512,2019-01-04,150.64999389648438,154.9600067138672,150.0399932861328,154.07000732421875,144.94374084472656,589500,0.04326921809665474,45.92533366768539,0.0008369588382889828,0.032658570375482705,144.6185084751674,2.7113009887860278,150.04111045273945,139.19590649759536,0.00590772934421743,-0.004049124693431519,2.1731534465432696,145.9781201237512,0.04326921809665474,6.0114898681640625,39.845950691203484,-3.9521505835738537,0.021934796759373446,11.481264386858259,3.056480353305565,7.016868580396589,13.144320474129911
1513,2019-01-07,156.5,159.25999450683594,155.82000732421875,157.58999633789062,148.25526428222656,971900,0.022846957158691783,44.71444161837334,0.0007934052735090943,0.021980748770716853,145.24613298688615,3.0000848872996726,151.2463027614855,139.2459632122868,0.010670914817541934,-0.004345001123202875,2.222803390235707,146.28173934488126,0.022846957158691783,3.3115234375,46.546203639620565,-3.431982214717465,0.18562852572007849,11.803157261439733,2.9917946007830145,9.246992362508449,15.469554403603674
1514,2019-01-08,158.5,158.77000427246094,155.5500030517578,156.42999267578125,147.16397094726562,531700,-0.00736090782505705,44.35556279295205,0.0007807206153490124,0.020315465114846214,145.52030508858817,3.0863939090472656,151.6930929066827,139.34751727049365,0.014763480105234622,-0.018611968127710963,2.2064415393669576,146.3993702251992,-0.00736090782505705,-1.0912933349609375,45.873779162163466,-3.0723867249297996,0.13168420711227166,11.646459306989398,2.94804375074212,9.111767913585547,17.794788333077435
1515,2019-01-09,161.89999389648438,163.6300048828125,160.97000122070312,162.9199981689453,153.26950073242188,779900,0.041487938561701965,44.54985328531822,0.0007875751697394356,0.016429918235884113,146.57261439732142,4.268231499068272,155.10907739545797,138.03615139918486,0.004385464735231254,-0.005744241574066202,2.297982250392201,147.31538762616222,0.041487938561701965,6.10552978515625,50.30883152061805,-2.268588603631514,0.45841602164466255,11.848099844796318,2.866192800910931,10.995613786013974,19.925705955326723
1516,2019-01-10,161.2899932861328,163.0500030517578,160.50999450683594,162.61000061035156,152.97792053222656,1028100,-0.0019024019703982598,44.399049833519655,0.000782252232587048,0.01574808513021531,147.51204136439733,4.901155539132865,157.31435244266305,137.70973028613162,0.0027280207063166886,-0.004836002304948553,2.2936105644311144,148.07039201363747,-0.0019024019703982598,-0.2915802001953125,59.3569333513203,-1.636239338201051,0.4431739868421892,11.830255780901227,2.90303692050095,11.13695937489718,21.7507283221116
1517,2019-01-11,161.5,163.3699951171875,160.8699951171875,162.02000427246094,152.42283630371094,639600,-0.003628525126923021,44.424691559982875,0.0007831560397617513,0.015479876160990712,148.2807835170201,5.226308972986022,158.73340146299213,137.82816557104806,0.008359076437935372,-0.0039009590267027865,2.2852881408667,148.6507179189806,-0.003628525126923021,-0.555084228515625,60.14339735907045,-1.1664426232502194,0.4141575682936323,11.715763636997767,2.219365398974783,11.399473888339289,23.81594029086074
1518,2019-01-14,160.10000610351562,160.35000610351562,158.25999450683594,158.69000244140625,149.2900848388672,680200,-0.020553032214946865,44.19536455973894,0.0007750913684794556,0.013054412973153491,149.7604740687779,3.2192926884188937,156.1990594456157,143.32188869194013,0.010368542153808969,-0.011492888985213367,2.2383185400870307,148.73596684163215,-0.020553032214946865,-3.13275146484375,61.3425232244531,-1.0349815802620128,0.25039642531251394,11.642423357282366,2.2886992490269082,9.974574311959344,26.25451849543639
1519,2019-01-15,158.9199981689453,160.88999938964844,158.27999877929688,159.22999572753906,149.79808044433594,482700,0.003402741756205918,44.183295406295755,0.0007746680924444426,0.016423361694082782,150.4539511544364,2.4364316288277426,155.3268144120919,145.5810878967809,0.010445530337501336,-0.004027179694326854,2.245934960047075,148.87758198865933,0.003402741756205918,0.50799560546875,66.83239506332123,-0.8796665087636484,0.27695133779584336,11.697176252092634,2.4986073680566054,9.915848735395512,28.553710146997993
1520,2019-01-16,159.1699981689453,159.38999938964844,157.19000244140625,157.27999877929688,147.963623046875,537600,-0.012246200966123943,43.917056847380586,0.0007653602706889117,0.013821681055163921,150.41228812081474,2.482356204442392,155.37700052969953,145.44757571192994,0.01325627087154941,-0.012439503363174426,2.2184307891694948,148.75572079642143,-0.012246200966123943,-1.8344573974609375,56.00883226432058,-0.8942947037260467,0.03591496394230769,11.197343008858818,2.500860972645426,9.924792278305784,31.22333740088529
1521,2019-01-17,155.77999877929688,158.6300048828125,155.22000122070312,157.5399932861328,148.2082061767578,953000,0.001652995005436697,43.918850810001814,0.0007654228001869827,0.021889868332458633,150.56146458217077,2.2775422203985074,155.11654902296777,146.00638014137377,0.006997121615233635,-0.0035947975541271706,2.222097844183899,148.68271884713295,0.001652995005436697,0.2445831298828125,54.491073906206644,-0.8760532426520911,0.05096623347355769,11.20579092843192,2.51383377651203,10.009426414707706,33.54993705447183
1522,2019-01-18,159.17999267578125,164.00999450683594,158.86000061035156,162.6999969482422,153.0625457763672,1664700,0.03275351429474793,45.224053123675205,0.0008115932464019827,0.032353273862588454,150.53189958844865,2.2375216990048834,155.00694298645843,146.05685619043888,0.008229662136383941,-0.0020102530478277457,2.2948793576877047,149.26669577103084,0.03275351429474793,4.854339599609375,59.625615569507964,-0.46453722112784135,0.3417044160596332,11.445544651576451,4.717886897112657,9.03022101369882,34.993631793787436
1523,2019-01-22,160.89999389648438,161.0,157.97000122070312,159.5,150.05213928222656,968500,-0.01966781931445849,41.50513202463444,0.0006836015811041009,0.0188315655328504,150.11393083844865,1.960581821947105,154.03509448234286,146.19276719455445,0.00932256095028214,-0.018210023535900642,2.2497440851322223,149.37142157252362,-0.01966781931445849,-3.010406494140625,54.59722314039422,-0.3769768992824254,0.16068166365864334,11.21774400983538,4.759107105182962,9.10911811259564,36.43732653310305
1524,2019-01-23,163.3300018310547,164.0500030517578,160.66000366210938,162.1199951171875,152.51693725585938,1458900,0.016426276795673544,41.630202926819685,0.0006877276967175339,0.020755521653364,150.12737383161272,1.979285093135026,154.08594401788278,146.16880364534265,0.0118166161325748,-0.016347260999281108,2.2866990041940336,149.79082366363505,0.016426276795673544,2.4647979736328125,56.59273527530163,-0.10745741390826424,0.30815434536858627,11.44272940499442,5.982359571273728,9.033584433991287,37.35498099487887
1525,2019-01-24,167.52999877929688,169.5399932861328,167.2899932861328,168.89999389648438,158.8953399658203,1385700,0.04182094674023418,42.0937795419271,0.0007031294746525238,0.013430430468540372,151.49955313546317,3.796960667412567,159.0934744702883,143.90563180063805,0.0038202076900362737,-0.0014326120391145256,2.3823309214593786,151.0047591705931,0.04182094674023418,6.3784027099609375,75.08289061736112,0.6137476117682183,0.4541203425480769,12.288779122488839,5.788970102072354,11.397674078551503,38.859025174484614
1526,2019-01-25,173.2100067138672,176.83999633789062,172.6300048828125,176.66000366210938,166.19566345214844,1352900,0.045944226482025785,42.75925410492818,0.0007255372268292926,0.024305705743853386,153.8420649937221,6.597607878847873,167.03728075141782,140.64684923602636,0.0010391586444459147,-0.003348546900138493,2.4917852728700414,153.03021307480049,0.045944226482025785,7.300323486328125,75.86457536342769,1.7541619970421323,0.5076625675423887,12.42570059640067,8.472141182005888,11.0819567756499,38.35106704193167
1527,2019-01-28,171.74000549316406,175.42999267578125,171.24000549316406,174.14999389648438,163.83433532714844,2261100,-0.014208121174472677,40.25082029609115,0.000642908148614374,0.024397269410731243,156.10930960518974,6.957935255692233,170.0251801165742,142.19343909380527,0.007453119473364778,-0.002911377570789131,2.4563816857723375,154.47076270844687,-0.014208121174472677,-2.361328125,69.4093640357881,2.4392905453673563,0.39844292562291445,12.062705993652344,7.7114826811861,11.408825142481891,37.838169221499456
1528,2019-01-29,174.44000244140625,174.77999877929688,172.3300018310547,174.61000061035156,164.26707458496094,966800,0.002641322143788649,40.255673161744014,0.000643063183216332,0.014044926129057653,158.40343366350447,6.554360327907195,171.51215431931885,145.2947130076901,0.0009745366118211002,-0.012095852905415453,2.462869781112565,155.7769376253154,0.002641322143788649,0.4327392578125,71.66358264376076,2.982794499289639,0.4184586219941167,12.09348624093192,7.6992083101258695,9.797169065244631,38.22931028873494
1529,2019-01-30,175.14999389648438,177.58999633789062,173.74000549316406,177.19000244140625,166.6942901611328,687600,0.014776032155588759,40.35901802862954,0.0006463691810457316,0.02198110750150497,160.350825718471,6.725879164086169,173.80258404664332,146.89906739029865,0.0022837220121216554,-0.008050176719695643,2.499261224193312,157.23258463009108,0.014776032155588759,2.427215576171875,68.75179832961554,3.5682487598716364,0.5129321164497558,11.868978227887835,8.793360743647169,7.692197642823404,38.21593112893893
1530,2019-01-31,174.7100067138672,176.50999450683594,174.25999450683594,175.02999877929688,164.6621856689453,562100,-0.012190606470222742,40.876407743364226,0.0006630479007943516,0.012878483850584224,162.43797520228796,5.057275859512001,172.55252692131197,152.32342348326395,0.008471156033797986,-0.00257576664036343,2.468793714142884,158.22319810193832,-0.012190606470222742,-2.0321044921875,65.56385909884332,3.824168990183068,0.4220914845433958,11.871492658342634,8.839595105635393,7.941194578153031,37.11120451933058
1531,2019-02-01,176.7899932861328,178.6300048828125,176.17999267578125,178.41000366210938,167.8419952392578,795000,0.01931110993938545,41.13153892926106,0.0006713505931306816,0.013858319475502949,164.6272691999163,2.9063612956281357,170.43999179117256,158.81454660866004,0.0012444212289043717,-0.0034504249873706524,2.5164688609743613,159.50570438691426,0.01931110993938545,3.1798095703125,69.19656019282615,4.234756042444218,0.539170954466112,12.126902988978795,9.48297819279845,7.843059035518163,36.64086602524827
1532,2019-02-04,178.42999267578125,179.72000122070312,177.86000061035156,179.55999755859375,168.9238739013672,543000,0.00644581626050833,34.467106432038605,0.0004714212007132843,0.010424259859334876,166.05991690499442,1.9113720626876582,169.88266103036975,162.2371727796191,0.0008967307553507101,-0.0031944857301283405,2.5326895568774925,160.76146032217466,0.00644581626050833,1.081878662109375,75.75910813652456,4.594485437717992,0.5593417420679209,12.409105573381696,9.237822473740543,8.288570051459669,35.97772158208443
1533,2019-02-05,179.80999755859375,182.1300048828125,179.55999755859375,181.61000061035156,170.85243225097656,650800,0.011416730537066933,32.237447628733825,0.0004124019958791094,0.014292905617671648,166.7251695905413,2.6385572837934173,172.00228415812813,161.44805502295446,0.002891965294040374,-0.001390356506281214,2.561604591082406,162.1069232460149,0.011416730537066933,1.928558349609375,76.63021577179913,4.977811009622485,0.5809152323633712,12.52383531842913,9.210769439940833,8.379808687109156,34.33050203719095
1534,2019-02-06,184.0500030517578,187.0500030517578,184.02000427246094,186.86000061035156,175.79144287109375,1554900,0.02890804980090622,32.65353885384994,0.00042311650780947895,0.01646291077998402,168.4333278111049,3.9830403829456493,176.3994085769962,160.4672470452136,0.0010323414194827168,-0.00016299254984765668,2.6356555841716465,163.9315258626921,0.02890804980090622,4.9390106201171875,82.63456638130958,5.615405270586962,0.6462909351868231,12.995667593819755,11.04907280759988,6.080275085417573,33.278020627032326
1535,2019-02-07,183.55999755859375,184.00999450683594,180.30999755859375,181.10000610351562,170.37266540527344,1474500,-0.030825035492733632,35.00265192937836,0.000486184778606831,0.02015688057013141,169.30555507114954,3.565238789588063,176.43603265032567,162.1750774919734,0.015853064077272185,-0.01770538267174783,2.554411407242934,164.79034446836963,-0.030825035492733632,-5.4187774658203125,73.1798806098193,5.618684563008372,0.4265014925592419,12.820822579520089,11.148210027153512,6.134830031030286,32.22553921687371
1536,2019-02-08,178.11000061035156,181.57000732421875,177.83999633789062,181.07000732421875,170.34442138671875,633100,-0.0001657778757379047,32.7682914799792,0.00042609560576066535,0.020942176034731544,169.8270023890904,3.3818819567001865,176.59076630249078,163.06323847569004,0.0028072539345718275,-0.001515941112434341,2.5539879423460805,165.53088805748285,-0.0001657778757379047,-0.0282440185546875,70.10287283548689,5.5549701317956135,0.4255302402629465,12.49193355015346,11.382549665507758,4.101381983503375,31.672102876739007
1537,2019-02-11,179.4199981689453,179.88999938964844,178.07000732421875,178.52000427246094,167.9454803466797,653300,-0.014082885840992376,33.36912737887533,0.0004418645484236536,0.010143752558262475,170.2960444859096,2.706398081016935,175.70884064794345,164.88324832387573,0.00763568794542895,-0.007524193838500574,2.5180204217147497,165.85283369604244,-0.014082885840992376,-2.3989410400390625,71.11451618711513,5.250378398941535,0.27606960413299836,12.606799534388951,11.393228222495237,4.197082760495799,31.077418065547207
1538,2019-02-12,180.32000732421875,183.25999450683594,180.32000732421875,182.7899932861328,171.96253967285156,901600,0.023918829598032154,33.86737902820915,0.00045515847707951597,0.01630427608252608,170.8846936907087,2.525761823573473,175.93621733785565,165.83317004356175,0.0026064840373373212,0.0,2.57824852310611,166.667461159617,0.023918829598032154,4.017059326171875,72.13531163619903,5.272353957352266,0.2364647812496139,12.700845990862165,12.493421167040596,3.975177832421027,30.330595722858696
1539,2019-02-13,182.6199951171875,183.60000610351562,182.08999633789062,182.30999755859375,171.51097106933594,653800,-0.0026259707746507654,32.645374347072,0.0004229049469287563,0.008268589453504392,171.25427900041853,2.3758539775963,176.00598695561115,166.50257104522592,0.007063895408025144,-0.002902194685509514,2.571478117834647,167.31326248091287,-0.0026259707746507654,-0.451568603515625,66.6005811562729,5.19346490275143,0.01713887526975536,12.316161019461495,12.314477877949424,4.601517051350645,29.51734529925897
1540,2019-02-14,183.17999267578125,184.8699951171875,182.66000366210938,184.3300018310547,173.41131591796875,1060100,0.011080019177691858,32.65218070585761,0.0004230813114476107,0.012064589711987221,171.61983380998885,2.4974656473846535,176.61476510475816,166.62490251521953,0.002947883544730628,-0.0028386779913908374,2.59997014469527,168.12633627252032,0.011080019177691858,1.9003448486328125,61.067773245050475,5.224066914533438,0.1373378089881134,11.98861585344587,12.511319600698195,4.570480025958291,28.885932344887937
1541,2019-02-15,185.08999633789062,185.10000610351562,183.5,184.3699951171875,173.44894409179688,824400,0.00021698799544278558,31.996045420355667,0.0004062487787862945,0.008644476390797143,171.28519112723214,1.9400786129975782,175.1653483532273,167.40503390123698,0.003944086664713392,-0.0085903958579588,2.6005343070051783,168.83601731509054,0.00021698799544278558,0.037628173828125,65.87937978729141,5.1915110012830326,0.07601509293140801,12.163927350725446,12.411535180929766,4.853539126732325,28.12542787369837
1542,2019-02-19,180.94000244140625,183.60000610351562,180.92999267578125,182.4600067138672,171.652099609375,900500,-0.010359500842339497,32.55202462557627,0.0004204898044540174,0.014756346809484568,171.4679674421038,1.8996270914642404,175.26722162503228,167.66871325917532,0.006300427623889323,-5.53209101908875e-05,2.573594069661225,169.2114949543285,-0.010359500842339497,-1.796844482421875,61.671136721958376,4.963503691719467,-0.15686748811167006,12.107170104980469,12.43591121395867,4.863071390737997,27.359849301451
1543,2019-02-20,181.8699951171875,184.27000427246094,181.80999755859375,183.85000610351562,172.95973205566406,600400,0.007617922817517497,31.20401528324248,0.00038638514674477377,0.013526182327558143,171.84158325195312,1.899007768540501,175.63959878903412,168.04356771487213,0.002309331831645389,-0.0003298925617449471,2.593199510647525,169.71125990117324,0.007617922817517497,1.3076324462890625,60.265022844383196,4.832613901403903,-0.10166235984948807,12.056811741420201,10.513064183075816,5.262312977022392,27.451169641415866
1544,2019-02-21,181.80999755859375,183.2899932861328,181.13999938964844,182.52999877929688,171.71792602539062,712700,-0.0071797407148721515,30.192193974718094,0.00036173356230436625,0.011825498736896879,172.38050406319755,0.8602331859751374,174.10097043514781,170.66003769124728,0.004180157950835495,-0.003685155810693993,2.5745810105391422,169.97881538440222,-0.0071797407148721515,-1.2418060302734375,61.867121499634806,4.575930947586102,-0.41049332025037305,12.093565804617745,10.416900958898804,5.214178487050035,27.542489981380733
1545,2019-02-22,184.30999755859375,185.1300048828125,183.30999755859375,184.88999938964844,173.93820190429688,495600,0.012929785085908696,30.07307049732019,0.0003588847496574561,0.009874707548841207,172.6627415248326,1.011115658141579,174.68497284111575,170.64051020854944,0.0013021838008964364,-0.005425641653986194,2.607869789691675,170.50673358705484,0.012929785085908696,2.22027587890625,60.59525495431418,4.499794732540892,-0.4236472952532112,12.053870064871651,9.271733521998437,6.057271130439073,27.573437822844177
1546,2019-02-25,187.8000030517578,188.27000427246094,186.2899932861328,186.99000549316406,175.91375732421875,737200,0.011357800634324455,27.279946460998495,0.00029531566623608885,0.01054318931923783,173.29171098981584,1.4495654334643737,176.19084185674458,170.3925801228871,0.006815754837576368,-0.008040520453073902,2.637489454843271,171.22767008534336,0.011357800634324455,1.975555419921875,61.78245783702728,4.54645830430789,-0.18468241115017242,12.229141235351562,10.583890383097286,3.5537691738257533,28.387348202426114
1547,2019-02-26,185.30999755859375,186.47000122070312,184.69000244140625,185.36000061035156,174.3803253173828,660600,-0.00871695329666422,23.209866216506363,0.00021376900388417574,0.009605519414752847,173.43014090401786,1.5079829576121604,176.44610681924217,170.41417498879355,0.005989966137690914,-0.003345718662542542,2.614498582444958,171.64802411628196,-0.00871695329666422,-1.5334320068359375,56.027058731524214,4.408881531736057,-0.3317035847154743,12.039863586425781,7.986330805714928,3.658407328587332,29.52161970952296
1548,2019-02-27,185.1300048828125,185.1300048828125,182.27000427246094,184.1199951171875,173.2137451171875,387900,-0.006689861359485794,22.672166477673137,0.00020397902094893857,0.015448606573320981,173.39654105050224,1.5101129388385544,176.41676692817936,170.37631517282512,0.005455678382682144,-0.015448606573320981,2.597007949403829,171.8567869164027,-0.006689861359485794,-1.1665802001953125,44.94463796219821,4.157789269087459,-0.44355203272371374,11.650728498186384,7.938391110681822,3.6364469395293364,30.370624020336226
1549,2019-02-28,183.32000732421875,183.86000061035156,182.57000732421875,182.8699951171875,172.0377960205078,318500,-0.006789005663979553,22.91202708787718,0.00020831785129984812,0.007036838504219223,173.45164053780692,1.4413250251527523,176.33429058811242,170.56899048750142,0.005400422504965016,-0.00409120646975294,2.5793768477259262,171.88092146361672,-0.006789005663979553,-1.1759490966796875,53.91761119272352,3.819874442843144,-0.5562987443328198,11.824135916573661,7.947817516835104,3.3274554119449795,31.75095735550791
1550,2019-03-01,184.41000366210938,185.27000427246094,183.16000366210938,185.11000061035156,174.14512634277344,389800,0.012249228780019994,22.75488110641181,0.00020547008498687964,0.011441898858251058,173.62098257882255,1.4435326164014026,176.50804781162535,170.73391734601975,0.0008676517484514907,-0.006778374140105485,2.610972224843608,172.18281544750428,0.012249228780019994,2.107330322265625,58.14520047847734,3.67970114949523,-0.38479236820964985,11.969483511788505,7.395243569008615,3.3286529539663277,33.23863680202135
1551,2019-03-04,185.36000061035156,186.72999572753906,183.55999755859375,185.66000366210938,174.66253662109375,558300,0.0029711441783439874,22.146215484129165,0.00019462494455138173,0.017101845913396495,174.04164123535156,1.2060440240658519,176.45372928348326,171.62955318721987,0.005772507886849527,-0.009710849405647284,2.61872979976927,172.51344493731622,0.0029711441783439874,0.5174102783203125,65.65789932340192,3.5692197464305764,-0.7116318081576013,12.186575753348214,7.887822600173748,3.088421591172835,35.06585605515583
1552,2019-03-05,184.64999389648438,185.77999877929688,184.14999389648438,184.52999877929688,173.5994415283203,258700,-0.006086566205549149,21.514002506908536,0.0001836715491536771,0.008827538243658367,173.99324689592635,1.2176274696433498,176.42850183521304,171.55799195663965,0.006769564263840462,-0.0027078257055361847,2.60279072746853,172.65824448278343,-0.006086566205549149,-1.0630950927734375,54.42514672663882,3.357180067153763,-0.9987111124970116,11.886786324637276,7.135685859680356,3.3575092245436604,36.32970907657701
1553,2019-03-06,184.3000030517578,184.3800048828125,181.0399932861328,181.16000366210938,170.4291229248047,499300,-0.018262262687051556,22.50620291830148,0.0002010036388094292,0.018122688775765766,173.20972769601005,1.5062648587849432,176.22225741357994,170.19719797844016,0.017471520170289075,-0.01768860396985168,2.5552578794840777,172.36102827505294,-0.018262262687051556,-3.170318603515625,47.45017960229995,2.8998907424580977,-1.4306339455548973,11.825578962053571,7.166900599044081,2.702537825183694,38.22580819560984
1554,2019-03-07,180.1300048828125,180.14999389648438,176.92999267578125,177.52000427246094,167.0047149658203,648300,-0.020092856785370317,23.219239299980547,0.00021394169590069866,0.017875984752223635,172.15606907435827,2.6762383956668296,177.50854586569193,166.8035922830246,0.014600508259212198,-0.017765014824227023,2.503915448861915,171.64685316715526,-0.020092856785370317,-3.424407958984375,35.9122921804486,2.2353962976926027,-0.8752440529132282,11.565710885184151,6.293696934012814,2.7406115024957516,39.87366090678703
1555,2019-03-08,175.9600067138672,178.97000122070312,175.57000732421875,178.83999633789062,168.24652099609375,415700,0.007435754317041798,20.8020047387904,0.00017171563537803886,0.019322537887903057,171.44646562848772,2.989276387204661,177.42501840289702,165.4679128540784,0.000738831995067516,-0.002216409267832235,2.5225339489702976,171.19347554434705,0.007435754317041798,1.2418060302734375,39.13556375279461,1.7883678399899452,-0.5766526053487475,11.585467747279576,4.379864584818479,2.7883132491410416,39.54963704343385
1556,2019-03-11,178.33999633789062,182.10000610351562,178.30999755859375,181.08999633789062,170.36326599121094,609900,0.012581211085882282,18.53559239388131,0.00013633658150480566,0.021251590348477758,171.2072470528739,3.0010473462841594,177.2093417454422,165.2051523603056,0.005663394562997479,-0.00016821116918741,2.554270481053597,171.08278093726224,0.012581211085882282,2.1167449951171875,47.343963140944,1.5866087591782332,-0.40997973103674484,11.849926539829799,5.538742247334002,2.7251604198130925,39.78959586509413
1557,2019-03-12,182.0,183.52999877929688,180.80999755859375,182.50999450683594,171.69911193847656,509000,0.007841161881309233,18.72969320538364,0.0001392069077649975,0.014945061652214972,170.8578164236886,2.7323309657754953,176.32247835523958,165.39315449213763,0.005604419079455701,-0.006538474952781593,2.574298929384188,171.1649584040908,0.007841161881309233,1.335845947265625,47.40512316682015,1.5170176032337963,-0.3047949855041469,11.88912854875837,5.495243046083711,3.700719139736476,38.479607086228
1558,2019-03-13,183.75,183.99000549316406,182.38999938964844,182.52999877929688,171.71792602539062,418500,0.0001095759127793805,17.972723042470296,0.00012818205300053263,0.008707516209608844,170.4371577671596,2.229312743441425,174.89578325404244,165.97853228027674,0.007945614769345239,-0.007401363865858843,2.5745810105391422,171.2386874202641,0.0001095759127793805,0.0188140869140625,50.0,1.44670750675499,-0.3033135609817051,12.029173714773995,5.435733229452184,4.193168137105782,36.89611807398375
1559,2019-03-14,183.25,184.27999877929688,182.72999572753906,183.2899932861328,172.4329376220703,524100,0.004163872772222854,16.010882746750838,0.00010172554219452506,0.008458406830874829,170.27051435198103,1.9835876712341276,174.2376896944493,166.30333900951277,0.00540248563800307,-0.0028376767937841065,2.585301238308808,171.39792078050493,0.004163872772222854,0.7150115966796875,46.5094999883236,1.4321725157246306,-0.2470134217302029,11.968458993094307,4.151459393187344,4.374784053572603,34.55778993689163
1560,2019-03-15,187.63999938964844,192.9600067138672,187.61000061035156,192.80999755859375,181.38900756835938,1445100,0.05193943842630877,23.98060629769374,0.0002282021739702334,0.028512076960765378,171.83621215820312,4.655526960456935,181.147266079117,162.52515823728925,0.0007994519066370935,-0.0001598741174294096,2.719580332789408,172.7300656855522,0.05193943842630877,8.956069946289062,59.5912929772659,2.1189079741287458,0.334617622103221,12.410978044782366,7.352358768300283,3.5433049348724204,34.051298893506576
1561,2019-03-18,190.52999877929688,191.42999267578125,189.3800048828125,190.63999938964844,179.34754943847656,589500,-0.011254585695406383,24.252785749524573,0.0002334117526239451,0.010759396452541746,173.59947422572546,4.853808787332682,183.30709180039082,163.8918566510601,0.00414629345086971,-0.006035762892207262,2.688972582878488,173.61239685260878,-0.011254585695406383,-2.0414581298828125,58.549191228840535,2.469950115233843,0.21722497106621122,12.374173845563616,6.952074373763738,4.279698822736069,32.97062560440855
1562,2019-03-19,191.58999633789062,192.5500030517578,189.38999938964844,190.80999755859375,179.50746154785156,683400,0.0008916325306682626,24.2486663363013,0.00023333246789256808,0.01649357337288295,175.2081800188337,4.645632789374058,184.49944559758183,165.91691444008558,0.00908192247206564,-0.01148283830207003,2.6913701583074574,174.39840547864117,0.0008916325306682626,0.159912109375,61.22107641154076,2.729592073654004,0.2264206073507179,12.549371991838727,7.345640721186605,3.9287912794421147,32.32919527430258
1563,2019-03-20,190.49000549316406,192.69000244140625,188.38999938964844,191.13999938964844,179.81796264648438,584100,0.0017297392317592308,23.846546802313412,0.00022565785491862047,0.022573378800769275,176.55885096958704,4.368412066585037,185.29567510275712,167.82202683641697,0.00813692585994196,-0.011024232468673985,2.696025526857468,175.12101310102025,0.0017297392317592308,0.3105010986328125,64.31297142071149,2.9266781164820657,0.24427576028520512,12.730535234723773,7.313946155845215,3.8831364732255844,31.70367124697753
1564,2019-03-21,189.9499969482422,195.4600067138672,189.94000244140625,194.36000061035156,182.84722900390625,770100,0.016846294512730564,24.31450165819037,0.00023460118685958003,0.029060301980236593,178.1514391217913,4.333405504433614,186.81825013065853,169.48462811292407,0.005791029856217139,-5.2616514853963464e-05,2.7414435668967485,176.15117522140505,0.016846294512730564,3.029266357421875,65.48380353007295,3.2893886786461337,0.3658733988435848,12.902666364397321,8.279789408060132,3.505170578765874,32.04795872162545
1565,2019-03-22,191.36000061035156,191.88999938964844,187.4499969482422,187.75,176.62872314453125,937000,-0.03400929777963524,27.2906914860396,0.00029554834991515623,0.0232023538213036,178.8529815673828,3.419401998405838,185.69178556419448,172.01417757057115,0.02163461212606458,-0.020432711379798484,2.6482089962840916,176.2148482778219,-0.03400929777963524,-6.218505859375,52.90840869037645,3.0400145641676204,0.05322854966317891,12.649659293038505,8.320382756792995,3.5223553892314032,32.39224619627337
1566,2019-03-25,186.3300018310547,187.94000244140625,185.17999267578125,186.3300018310547,175.29286193847656,1028700,-0.007563102887640616,27.13049637379929,0.0002920888228129905,0.014812481825269874,179.26154218401228,2.5962439289085166,184.45403004182933,174.06905432619524,0.008640587101004535,-0.006171894724265339,2.6281803191772193,176.0919167659092,-0.007563102887640616,-1.3358612060546875,52.48487757869301,2.7034275171368733,-0.013933906196418749,12.66350337437221,8.38748044823104,2.71777203082549,33.82484097996881
1567,2019-03-26,186.19000244140625,187.9499969482422,186.07000732421875,187.2899932861328,176.1959686279297,414800,0.005151987818934112,26.90197949647129,0.00028718908763038134,0.010097156664547914,178.5196794782366,2.628751464636728,183.77718240751005,173.26217654896317,0.0035447857213336538,-0.000644476693775555,2.6417206721675828,176.10579034751194,0.005151987818934112,0.903106689453125,59.06528300945444,2.4809541248368134,0.03147115751228797,12.797544206891741,7.228610389289597,3.0792130554770996,33.3738234900762
1568,2019-03-27,187.1300048828125,187.9600067138672,183.10000610351562,184.05999755859375,173.15731811523438,786700,-0.017245857191613645,27.41597821798951,0.0002982681990671725,0.02597125251717419,177.63536071777344,3.267451060653154,184.17026283907975,171.10045859646712,0.020841174870463785,-0.02153582362069944,2.596161934715247,175.7126607165416,-0.017245857191613645,-3.0386505126953125,59.790418129380555,2.035979156924185,-0.1213016230779794,12.943484715053014,7.198885437747517,3.064911233857334,33.521961462745715
1569,2019-03-28,183.60000610351562,184.97000122070312,182.77000427246094,184.1999969482422,173.28900146484375,312100,0.0007604838827646176,27.314860985333745,0.00029607207565401076,0.011982553785983023,176.74700927734375,3.5099695598901945,183.76694839712414,169.72707015756336,0.004193922913198603,-0.004520706990536393,2.598136274023645,175.38950614964855,0.0007604838827646176,0.131683349609375,58.317786648812735,1.6746546583071051,-0.2927692952400611,12.932584490094866,7.1695773860352325,3.0524333888197615,33.67009943541523
1570,2019-03-29,186.27999877929688,188.4199981689453,185.5,188.0500030517578,176.9109649658203,687400,0.02090128900483834,28.100167653736268,0.00031334104054289095,0.015675317737171044,176.33172389439173,3.2482870125505445,182.82829791949283,169.83514986929063,0.001986231047949852,-0.00418723848189956,2.652440671160967,175.59236732513813,0.02090128900483834,3.6219635009765625,60.289736496804046,1.6614128414250615,-0.26614540314945373,13.02383531842913,8.347512674653519,2.8879319557080585,34.0327016475513
1571,2019-04-01,191.24000549316406,193.0,190.75999450683594,192.47999572753906,181.07855224609375,647500,0.02355754082896233,28.90772791025677,0.0003316098146561261,0.011713059134189014,176.0790557861328,2.6752537404054952,181.4295632669438,170.72854830532182,0.0027191186860718074,-0.0025099925357682713,2.714925650568242,176.3238586479322,0.02355754082896233,4.1675872802734375,63.53517413222343,1.9645618238734812,-0.10034019958998594,13.232571193150111,7.73342934214844,4.816627274669696,33.333678574542084
1572,2019-04-02,193.97999572753906,194.17999267578125,192.36000061035156,193.83999633789062,182.3579864501953,498300,0.007065630844909521,28.95949820061288,0.00033279862540924613,0.00938236986037476,176.89752197265625,3.591089046588361,184.07970006583298,169.71534387947952,0.001752739176096168,-0.00835135144276896,2.734108312986533,177.1284090215673,0.007065630844909521,1.2794342041015625,64.81530663106327,2.281746668866873,-0.02922301306285465,13.290467398507255,7.175751671485781,5.4022586098587,31.922945282030575
1573,2019-04-03,197.16000366210938,198.69000244140625,196.5800018310547,197.74000549316406,186.02700805664062,691700,0.020119884398084098,29.432279940517926,0.00034375361210198935,0.010701970841751748,178.43097141810827,4.859489602198163,188.1499506225046,168.71199221371194,0.0048184060184452105,-0.002941782411653269,2.789118256175663,178.31488889291043,0.020119884398084098,3.6690216064453125,67.48972389079074,2.7969359870383244,0.20458568836603463,13.559749058314733,8.684206249807994,5.084324590737618,31.453409632927965
1574,2019-04-04,198.25,199.02000427246094,197.42999267578125,198.3800048828125,186.62904357910156,437500,0.0032362801979679556,28.35553556738183,0.0003190620624258156,0.008020235039998424,179.9214106968471,5.602843327911383,191.12709735266986,168.71572404102432,0.0032282440839769863,-0.004136228621532156,2.7981446243579153,179.42344285106924,0.0032362801979679556,0.6020355224609375,58.58769243542057,3.2167260530722217,0.2374793419471154,13.021600995744977,8.61469105389165,5.351160117875047,30.412158281584002
1575,2019-04-05,200.57000732421875,201.72000122070312,200.5,201.38999938964844,189.46078491210938,503300,0.015173101028123748,27.10835665325582,0.00029161230176195186,0.006082670270490688,182.25047738211495,5.710020004896891,193.67051739190873,170.83043737232117,0.0016453199332103724,-0.0003490418390701063,2.8406011554345993,180.7617551258746,0.015173101028123748,2.8317413330078125,66.15570470191285,3.734857452705427,0.3530755523561748,13.382313319614955,8.450502324569822,6.338758123863547,29.21930588192692
1576,2019-04-08,202.0,203.67999267578125,201.6300048828125,203.55999755859375,191.5022430419922,503600,0.010775095916708333,27.152749830252986,0.0002925681838667869,0.010148454420637377,184.8523690359933,5.058395771680558,194.9691605793544,174.7355774926322,0.0005940352336014852,-0.0018316589959777227,2.8712089053455196,182.19382018135695,0.010775095916708333,2.0414581298828125,68.07487383526984,4.26108973967132,0.41761088533863805,13.454938616071429,9.073545920567087,6.288453836055481,29.025341036748994
1577,2019-04-09,202.10000610351562,203.00999450683594,201.07000732421875,201.57000732421875,189.630126953125,708300,-0.009775948621430386,27.6041849720618,0.00030237739205230235,0.00959914460182414,186.66939217703683,3.8767311647201503,194.42285450647714,178.91592984759652,0.007125121915531393,-0.0050964806936686065,2.8431401146054687,183.18532775092604,-0.009775948621430386,-1.8721160888671875,64.12129756508907,4.475477971775746,0.32807874152501865,13.335310799734932,8.037868103049215,6.34082430380076,27.96609545368243
1578,2019-04-10,200.08999633789062,200.72000122070312,198.58999633789062,199.7899932861328,187.95553588867188,611600,-0.008830828156683457,28.00878712414753,0.00031130641117690965,0.010645234253568454,187.65181841169084,2.9948514851566483,193.64152138200413,181.66211544137755,0.0046479481812764616,-0.0074966266552724614,2.8180328328280146,183.8213555026255,-0.008830828156683457,-1.674591064453125,57.64997029386225,4.458857749943633,0.24799304122940227,13.010155814034599,8.097575175899701,5.493759668739555,27.949126372623464
1579,2019-04-11,197.72000122070312,199.25,197.2899932861328,197.91000366210938,186.18695068359375,453300,-0.009409593586675036,28.38681437621834,0.0003197663612816966,0.009913042189795196,188.19881330217635,2.0753140028124966,192.34944130780133,184.04818529655137,0.006777242209273843,-0.0021748327529611945,2.7915162891571965,184.13676819342126,-0.009409593586675036,-1.768585205078125,66.51510437813411,4.253939294827404,0.1634121619402827,13.17099108014788,8.126537277732123,4.946274286167474,28.493067820485262
1580,2019-04-12,201.8300018310547,202.8800048828125,200.6699981689453,202.82000732421875,190.8060760498047,430900,0.024809071469571897,29.287462163989257,0.00034037914285996103,0.010949842411026246,188.88153730119978,2.0273079794131603,192.93615326002612,184.82692134237345,0.00029726778996896604,-0.005747429280015447,2.8607712162833714,185.02600924093906,0.024809071469571897,4.6191253662109375,74.07306730970495,4.413389944165402,0.3843173713127309,13.555403573172432,9.291733688991515,4.753745712316255,29.906876404581286
1581,2019-04-15,201.27999877929688,201.72999572753906,199.00999450683594,199.83999633789062,188.0025634765625,389400,-0.014692994223676648,24.54094962380832,0.00023899135255487985,0.013513519660170512,189.0777544294085,1.8298098601968564,192.7373741498022,185.41813470901477,0.009389901635089029,-0.011277843234438771,2.8187379213272594,185.4228831390222,-0.014692994223676648,-2.8035125732421875,67.30081160475399,4.264378595847745,0.25024209019985305,13.431602478027344,6.440363589637584,4.920890761091216,28.879010148036514
1582,2019-04-16,201.3800048828125,204.4600067138672,201.0800018310547,203.6199951171875,191.55865478515625,755200,0.01891512138363516,24.740145690355124,0.00024288682888095104,0.0167842129350399,189.37745012555803,2.060285433270477,193.498020992099,185.25687925901707,0.004171276076631883,-0.001489736043716907,2.87205469125782,186.2409860251734,0.01891512138363516,3.55609130859375,76.56162861691433,4.382711705448543,0.40519361565021145,13.766845703125,7.269147838822993,4.174748765120859,29.03361658017647
1583,2019-04-17,208.3800048828125,208.89999389648438,200.5800018310547,203.36000061035156,191.31410217285156,1280500,-0.0012766461143661756,24.777644240503733,0.00024362367226546324,0.03992701732639192,189.35057285853796,2.028935513245772,193.4084438850295,185.29270183204642,0.026586011883665904,-0.03743162908621838,2.868388093795979,186.9174015115305,-0.0012766461143661756,-0.2445526123046875,75.93404156759948,4.405968928166203,0.24846596963108933,14.161749703543526,8.33342701637965,4.113838617550215,29.204737700087787
1584,2019-04-18,206.0500030517578,207.02999877929688,204.5800018310547,205.91000366210938,193.71302795410156,1007900,0.012539199954442415,24.981451149402584,0.0002476479767976139,0.011890302897140805,189.93384443010603,2.6226862751471467,195.17921698040033,184.68847187981174,0.00543555011210637,-0.007134196549047731,2.9043553856510287,187.82348503720664,0.012539199954442415,2.39892578125,75.05618151384718,4.565347225629694,0.16279126497384389,14.203528267996651,8.210749849616793,5.47499901503864,28.69757425631728
1585,2019-04-22,204.6199951171875,205.8699951171875,203.72999572753906,205.50999450683594,193.33673095703125,357500,-0.0019425487332709324,24.577289496321935,0.00023969966626429212,0.010458407979253653,190.7025865827288,2.7325226542688683,196.16763189126652,185.23754127419107,0.0017593618362926227,-0.004349523071480516,2.8987135337756635,188.55858449318325,-0.0019425487332709324,-0.3762969970703125,70.61064942048648,4.608171519025632,0.059052644688712276,13.922666277204241,7.332210281756129,5.542487828195884,27.430268187595694
1586,2019-04-23,204.11000061035156,206.11000061035156,204.02999877929688,205.2899932861328,193.12977600097656,438200,-0.0010704378574637463,20.710255325320954,0.00017020423636507318,0.010190592449340275,191.69441877092635,1.9754427186599262,195.6453042082462,187.7435333336065,0.004017477447291541,-0.00039195448932172585,2.8956106410711677,189.16807669422235,-0.0010704378574637463,-0.2069549560546875,68.78909181886415,4.572699313436601,-0.2800509782599272,13.899225507463727,7.2367232696244885,5.575037560262214,26.118624961891225
1587,2019-04-24,205.55999755859375,207.80999755859375,205.1999969482422,205.41000366210938,193.24266052246094,485700,0.0005845008668357021,20.308513923897323,0.0001636649753163218,0.01269702588708971,192.0425022670201,2.0072372595807013,196.0569767861815,188.0280277478587,0.011675393680622466,-0.001751316475127639,2.8973031280008925,189.7113545379875,0.0005845008668357021,0.112884521484375,64.36873114215133,4.501802198937554,-0.3486074548577752,13.78124019077846,7.739163497938713,5.510232941517383,24.48855773389211
1588,2019-04-25,206.86000061035156,207.30999755859375,204.02000427246094,206.2100067138672,193.9952850341797,756700,0.003894712014851809,20.309897667397866,0.00016368727907149717,0.015904443954488593,192.8986053466797,1.0437014437046648,194.986008234089,190.81120245927036,0.005317561836415839,-0.013729074395780059,2.9085872893041853,190.28254527081313,0.003894712014851809,0.75262451171875,64.58115360359163,4.454991860034795,-0.2837819189273374,13.857978820800781,7.701689336333241,5.17795132453414,23.50474586536259
1589,2019-04-26,204.8699951171875,207.25999450683594,203.17999267578125,207.1999969482422,197.20848083496094,637900,0.016563267505264934,19.05074679445415,0.00014402021961365261,0.019915077504252827,193.70572335379464,1.7680195651652741,197.2417624841252,190.1696842234641,0.0002928567385352396,-0.008249145710378688,2.956762998639344,191.20600334603284,0.016563267505264934,3.21319580078125,65.1080722898019,4.623871266825319,-0.0070208825914443015,13.727532523018974,7.658788226191897,5.15140722154961,22.518844996876354
1590,2019-04-29,205.91000366210938,207.25999450683594,205.05999755859375,206.41000366210938,196.45655822753906,365800,-0.0038128309910320235,19.28218796771886,0.0001475407828660482,0.0106842645287516,194.44035993303572,1.6745528458568213,197.78946562474937,191.09125424132208,0.004127972558930967,-0.004128046663096822,2.945489361044995,191.90607733023367,-0.0038128309910320235,-0.751922607421875,60.17255553633955,4.643508072501334,-0.07178596165194455,13.429840087890625,7.705144274050135,5.828693545578156,21.261113607351923
1591,2019-04-30,206.63999938964844,209.00999450683594,206.2899932861328,208.82000732421875,198.75039672851562,337500,0.011676059693155105,18.641885980573658,0.0001379047273463128,0.013162994719014613,195.1599840436663,2.282073499693052,199.7241310430524,190.5958370442802,0.0009194114555669364,-0.0016937964796236756,2.9798810706501095,192.81865325000462,0.011676059693155105,2.2938385009765625,68.40760564941824,4.788959831185792,0.12460778927249955,13.504531860351562,7.184544900059131,5.880787768454977,19.422364847594213
1592,2019-05-01,209.9199981689453,210.8699951171875,206.3699951171875,206.38999938964844,196.43753051757812,391200,-0.011637039467633281,18.360366451925174,0.00013377105406705512,0.021436737991862805,195.6029554094587,2.1672357396271833,199.93742688871308,191.26848393020433,0.021341443247982147,-0.016911218953521243,2.945204077022101,193.3011702190144,-0.011637039467633281,-2.3128662109375,66.689364461738,4.663840573086759,-0.06277339128226621,13.57808358328683,7.9387572098742325,4.113531830473168,19.8269950356897
1593,2019-05-02,206.5399932861328,207.47999572753906,204.08999633789062,205.92999267578125,195.99972534179688,405500,-0.0022287246975041253,18.4436077077478,0.00013498677193543392,0.016413283140529877,196.01294817243303,1.872859491060516,199.75866715455405,192.267229190312,0.007504614612873043,-0.01186209464453721,2.938640027956452,193.66097756871875,-0.0022287246975041253,-0.43780517578125,70.37485758605351,4.477738854592559,-0.2538169485768542,13.560083661760602,7.99664506888784,3.576889169793429,20.97406755634676
1594,2019-05-03,206.77000427246094,208.69000244140625,206.22000122070312,208.67999267578125,198.61709594726562,345200,0.013353950373677259,17.813805772312733,0.00012592526829114363,0.011945645740029116,196.78072466169084,1.6343369117632705,200.04939848521738,193.5120508381643,4.841014372573174e-05,-0.002659975046637196,2.977882481055884,194.32179335252502,0.013353950373677259,2.61737060546875,67.6889255327898,4.489697398606381,-0.03312803873107608,13.274171011788505,6.483050269855424,4.387814656373728,20.64683622341653
1595,2019-05-06,202.24000549316406,205.5399932861328,201.0500030517578,205.1699981689453,195.27639770507812,413200,-0.016819792003576972,19.113656349524604,0.00014497295993957208,0.02220129604637875,196.9637407575335,1.3099748268211955,199.58369041117587,194.3437911038911,0.0018294853003255394,-0.00588411001327071,2.9277951171134284,194.44907393286545,-0.016819792003576972,-3.3406982421875,66.081148914695,4.181407538857428,-0.5154137596108932,12.98838370186942,6.627381109544819,4.1737555965493645,20.615809055318607
1596,2019-05-07,203.0,203.0,198.41000366210938,200.69000244140625,191.0124053955078,623100,-0.02183567681338594,20.22277131220432,0.0001622859045816323,0.022610819398475986,196.0785871233259,2.5874769072777037,201.2535409378813,190.90363330877048,0.011379298318195813,-0.022610819398475986,2.8638647291603303,193.99085146121777,-0.02183567681338594,-4.2639923095703125,48.828993619472485,3.5520709968222377,-0.5937081332095648,12.364537920270648,6.8114303028713445,3.1324348630932612,21.69765366099773
1597,2019-05-08,201.69000244140625,203.57000732421875,200.89999389648438,201.42999267578125,191.7167205810547,573400,0.0036872745730232026,19.91418745323634,0.0001573709769534267,0.013238204151988401,195.4014674595424,3.0507868050051385,201.5030410695527,189.2998938495321,0.010610415105028342,-0.003916944495805554,2.874424584756741,193.68763401052937,0.0036872745730232026,0.704315185546875,50.84641698659385,3.074706302088174,-0.5371819960861057,12.022842407226562,6.110892099316893,4.0966884432752915,21.773971763176643
1598,2019-05-09,198.3800048828125,199.94000244140625,194.74000549316406,198.99000549316406,189.39437866210938,688000,-0.012113403108016674,20.076463117061746,0.00015994617908362703,0.026212303761732145,194.0648934500558,3.3716607868470843,200.80821502374997,187.32157187636162,0.004788773691196207,-0.018348620324909592,2.8396055210579894,193.11519996407338,-0.012113403108016674,-2.3223419189453125,40.89165710328262,2.480405191003598,-0.3314091921728889,11.487655639648438,6.187986648575624,4.148371952631162,22.151587918230714
1599,2019-05-10,198.11000061035156,200.0,195.42999267578125,198.74000549316406,189.15646362304688,780200,-0.0012561884927269062,19.825765346823555,0.00015597657602671005,0.02306802942879785,193.02474103655135,3.630850134119846,200.28644130479103,185.76304076831167,0.006360075225652696,-0.013527878079418257,2.8360384412785526,192.58736845193653,-0.0012561884927269062,-0.2379150390625,41.13174932021235,1.967538959077615,-0.3461590490920873,11.376845223563057,6.199518100700912,4.421626302677716,22.03641006017034
1600,2019-05-13,193.39999389648438,193.97999572753906,189.9199981689453,190.44000244140625,181.25668334960938,994000,-0.0417632055607694,24.463582822322103,0.00023748685893040184,0.02099274915575658,190.91859218052454,5.441875370053391,201.80234292063133,180.03484144041775,0.018303998954765026,-0.017993773719567435,2.7175963848771922,191.0766104382929,-0.0417632055607694,-7.8997802734375,31.010070984504253,0.9131166876468058,-0.4135234406352901,10.809006827218193,6.357839183164433,4.534544218412162,21.675070377624422
1601,2019-05-14,195.33999633789062,198.97000122070312,194.72999572753906,198.0399932861328,188.49020385742188,1036700,0.03990760712453523,26.919188762439816,0.0002875566363602642,0.021705772359235053,189.47189331054688,4.275191838145064,198.022276986837,180.92150963425675,0.004760970369640149,-0.0031227634984512336,2.8260491537279284,190.7317562275101,0.03990760712453523,7.2335205078125,43.809033499442435,0.6536294592271474,-0.06824794843912398,11.025656563895089,6.866916185361645,4.516359152658454,21.119830995059914
1602,2019-05-15,195.13999938964844,202.10000610351562,194.9600067138672,200.6300048828125,190.955322265625,711300,0.013078230898767584,26.785695266735733,0.0002847116948104874,0.03658911249349523,188.85459681919642,3.547405084674544,195.9494069885455,181.75978664984734,0.007533059471666186,-0.0009223771463781098,2.863008877091649,190.76156503259207,0.013078230898767584,2.465118408203125,46.20901986379439,0.6395263531797468,0.0494188184961314,10.992975507463727,8.01263178811272,4.469176394144171,21.834821211621993
1603,2019-05-16,200.5399932861328,203.6699981689453,200.05999755859375,202.13999938964844,192.39247131347656,708600,0.007526101031383847,26.101192527112598,0.00027034613148309435,0.018001399876386607,189.05174909319197,3.7213983026082347,196.49454569840844,181.6089524879755,0.007629394786674072,-0.0023935162242386186,2.8845561711543892,190.97901920337668,0.007526101031383847,1.4371490478515625,43.715838725734194,0.7358332300005372,0.11801782838630452,10.953687395368304,7.053443417661254,6.548210677962989,20.72409559033826
1604,2019-05-17,201.86000061035156,204.4600067138672,200.75,201.1999969482422,191.49783325195312,700300,-0.004650067933613444,26.15355995120608,0.0002714320230640198,0.01837910781060869,189.0204794747489,3.6961070086712104,196.4126934920913,181.62826545740648,0.016149855126166207,-0.005498863603464394,2.8711427890001975,191.04819440985355,-0.004650067933613444,-0.8946380615234375,43.553625858574314,0.7315346330861701,0.07531433474219199,11.097688947405134,5.7320849395414974,6.687417052430337,19.47611805632991
1605,2019-05-20,193.8699951171875,195.27000427246094,188.8699951171875,190.47999572753906,181.29473876953125,1287300,-0.053280469596737934,31.603819263015616,0.00039634975873387146,0.033011860094208284,187.86338806152344,4.692946607930471,197.24928127738437,178.4774948456625,0.024707322770738636,-0.02579047880502436,2.7181669529229793,189.74773365781058,-0.053280469596737934,-10.203094482421875,31.178100024218935,-0.09409185748819482,-0.344329833984375,10.658158438546318,5.955736656721512,5.273032695030543,18.81374545726599
1606,2019-05-21,194.5,195.16000366210938,193.0800018310547,193.75,184.4071044921875,736600,0.017167435435690104,32.36540188114472,0.0004156822376698434,0.01069409681776189,187.1849081856864,4.816533924925636,196.81797603553767,177.55184033583512,0.007249376154803985,-0.007300761794063303,2.764830908590711,189.03564976906085,0.017167435435690104,3.11236572265625,37.24782780282984,-0.49159806046148447,-0.2251709876790328,10.782848903111049,5.913427126852223,6.986314234515947,18.547842514736764
1607,2019-05-22,191.47999572753906,193.83999633789062,191.47999572753906,191.52999877929688,182.2941131591797,505300,-0.011458296787569378,32.52547568556196,0.00041980419387781015,0.01232505046485199,187.33311244419642,4.615486053644049,196.5640845514845,178.10214033690832,0.01206391064412125,0.0,2.7331506554726337,188.1367782210767,-0.011458296787569378,-2.1129913330078125,35.970385411378814,-0.9659900003476025,-0.33177999636622313,10.667879377092634,5.996727909771389,6.958214088648871,18.283641029820014
1608,2019-05-23,189.57000732421875,191.4600067138672,188.8000030517578,190.6199951171875,181.42800903320312,835500,-0.0047511360129346425,32.513332749311395,0.00041949079621723983,0.01403177485539688,186.32422746930803,5.069890080602852,196.46400763051372,176.18444730810234,0.004431141869626181,-0.004061846508999763,2.7201650849646417,187.24227566269357,-0.0047511360129346425,-0.8661041259765625,31.750246407249463,-1.395747091500425,-0.44038221739320665,10.4161376953125,5.405524345321848,7.123876204300929,18.13562550175799
1609,2019-05-24,191.97000122070312,192.66000366210938,189.6699981689453,189.8000030517578,180.6475372314453,432200,-0.004301826415429533,32.42461078827779,0.0004172045177663887,0.015575378830812881,184.85168675013952,4.997029991793065,194.84574673372566,174.85762676655338,0.014898164255692696,-0.011981054524834618,2.7084634069478115,186.3629772051938,-0.004301826415429533,-0.7804718017578125,33.57555265991839,-1.7788052742646414,-0.5205915653799009,10.723930358886719,5.997036947318076,7.212164669855331,17.640592860390488
1610,2019-05-28,192.6199951171875,193.3800048828125,190.88999938964844,190.99000549316406,181.78016662597656,665700,0.00626983025558836,31.82508682571702,0.00040191910772397865,0.012927035387209804,183.3356432233538,3.7926231170960705,190.92088945754594,175.75039698916166,0.012407846798014883,-0.008981392230264338,2.725445012762847,185.7519357946315,0.00626983025558836,1.13262939453125,38.85060902574308,-1.9682985965330886,-0.4482653118891857,11.08170645577567,6.0110212027457415,7.763490043079359,17.314365464613996
1611,2019-05-29,188.55999755859375,190.0800018310547,186.89999389648438,188.55999755859375,179.46731567382812,1154100,-0.012723340478102085,31.979151384825382,0.0004058198901958645,0.01686470076232445,181.61699785505022,1.5259073422886433,184.6688125396275,178.56518317047292,0.008061117374530122,-0.008803583387794328,2.69076824791112,184.91398644519106,-0.012723340478102085,-2.3128509521484375,35.76013909627861,-2.278832203079645,-0.4232729383488021,10.777580261230469,6.057509336320561,6.993492567390132,16.995644134386957
1612,2019-05-30,189.14999389648438,191.25,188.80999755859375,189.88999938964844,180.73318481445312,465300,0.007053480105122079,31.730900005814426,0.000399543656817061,0.012899828285173425,181.53677586146765,1.560052611198939,184.65688108386553,178.41667063906976,0.007190064257130489,-0.0017974958967045694,2.709747528215255,184.35654622775934,0.007053480105122079,1.265869140625,39.67787221816092,-2.3951771519414535,-0.3511847711139864,11.031823294503349,5.302914258172543,7.863535303211694,17.446564303634858
1613,2019-05-31,188.6199951171875,189.88999938964844,187.67999267578125,188.0500030517578,178.98191833496094,777300,-0.00968978929514297,31.6814740434653,0.0003982999196693512,0.011716714935201515,180.76174926757812,1.2032201157738986,183.16818949912593,178.35530903603032,0.009755043927063278,-0.004983577911887003,2.683490645623815,183.63992917538621,-0.00968978929514297,-1.7512664794921875,38.296470436257266,-2.598737305089628,-0.45091513564758134,10.928337097167969,4.5384736626120175,7.9681218409995065,17.24104698263758
1614,2019-06-03,188.5800018310547,189.85000610351562,186.30999755859375,186.97999572753906,177.96353149414062,527300,-0.00568988672316284,31.67661439357763,0.00039817773787278137,0.01877191913537737,180.1430947440011,1.383785963490432,182.91066667098198,177.37552281702023,0.01521906007057817,-0.012037354175521708,2.6682218878275483,182.88307615122014,-0.00568988672316284,-1.0183868408203125,45.49949327071855,-2.8098453519225757,-0.45986015726212903,11.360091073172432,4.542029142281975,7.974364136828346,16.728391932677674
1615,2019-06-04,188.97000122070312,190.55999755859375,188.11000061035156,190.4600067138672,181.2757110595703,922600,0.018611563490684935,32.097360387826726,0.0004088256126452492,0.012965004669607693,180.121337890625,1.3612300209452153,182.84379793251543,177.39887784873457,0.0005291360749359392,-0.00455099012962986,2.7178816689000858,182.66876080566684,0.018611563490684935,3.3121795654296875,38.95688455539461,-2.6790029121486043,-0.2773710170587291,10.994601658412389,4.5439442138041075,7.829407151652604,17.075004784373714
1616,2019-06-05,191.8300018310547,192.2100067138672,188.80999755859375,189.39999389648438,180.26686096191406,356400,-0.005565280046397003,31.77248756755981,0.0004005916532661675,0.0177240740385742,180.06695556640625,1.3442018807468805,182.7553593279,177.3785518049125,0.014648453268835394,-0.015743127996843086,2.702755896279688,182.34850749316647,-0.005565280046397003,-1.00885009765625,32.87591129529464,-2.626439151886302,-0.3329550164399708,10.803494044712611,5.191933914459688,7.690748945923668,16.91692543750056
1617,2019-06-06,190.6699981689453,193.10000610351562,190.22000122070312,192.75999450683594,183.46482849121094,399300,0.017740185368693595,31.86939546277744,0.0004030390345884519,0.015104656791681714,180.307621547154,1.7816789673265339,183.87097948180707,176.74426361250096,0.0017832464464515093,-0.002360082616896354,2.7507032868860195,182.49735029290574,0.017740185368693595,3.197967529296875,36.4608228814736,-2.300217267270966,-0.15675854722950133,10.811956133161273,5.077397361575609,8.129857202007887,16.25570418259103
1618,2019-06-07,195.6300048828125,198.4600067138672,194.9600067138672,196.6199951171875,187.138671875,482300,0.02002478302790922,32.71033500498564,0.00042458968894380485,0.017890916079548184,181.40352957589286,3.071273173140673,187.5460759221742,175.26098322961153,0.009405569446169071,-0.0034248231468718662,2.805785523380069,183.1161931705183,0.02002478302790922,3.6738433837890625,43.90307823246849,-1.725346890962129,0.06820359604803941,11.021073477608818,7.314599940908348,6.981329280539575,15.427075514731898
1619,2019-06-10,196.27000427246094,199.42999267578125,196.16000366210938,198.25999450683594,188.69955444335938,755900,0.008340780410165394,32.597674941391645,0.0004216700045970763,0.016660666135883375,182.54158238002233,4.088862533291152,190.71930744660463,174.36385731344004,0.005961166472086725,-0.0005604555355226888,2.829187964308603,183.86064134023044,0.008340780410165394,1.560882568359375,63.65866536970675,-1.130772950897068,0.18213092790219484,11.441881452287946,7.189637849815261,7.366005303134725,14.545134933208058
1620,2019-06-11,202.36000061035156,202.66000366210938,199.05999755859375,200.10000610351562,190.4508514404297,520400,0.009280875104535458,32.74937712746339,0.0004256038500939768,0.017790107198346537,184.18000139508928,4.679871646576714,193.5397446882427,174.82025810193585,0.012650709383634957,-0.016307585697788358,2.855445304452606,184.739336020257,0.009280875104535458,1.7512969970703125,61.7374410509802,-0.5123477621806956,0.2532631398189851,11.448680332728795,8.427365488116566,6.9779314187636565,14.196063495092542
1621,2019-06-12,199.5500030517578,199.5500030517578,196.72999572753906,196.82000732421875,187.32904052734375,464500,-0.016391687878919203,29.654027068335626,0.00034895290530538955,0.014131833029776088,185.51793125697546,3.876182550533831,193.2702963580431,177.7655661559078,0.013680760139256808,-0.014131833029776088,2.8086397362666933,185.08462995453525,-0.016391687878919203,-3.1218109130859375,59.40952801365593,-0.27102123118547183,0.062326763812698666,11.424841744559151,8.280744855998762,6.856528268878144,13.846992056977028
1622,2019-06-13,197.75999450683594,198.13999938964844,197.00999450683594,197.92999267578125,188.38548278808594,268300,0.0056395007296692334,26.28045098804347,0.00027407226354561685,0.005714021613069165,186.53361293247767,3.491749840911254,193.51711261430017,179.55011325065516,0.0010619271829516977,-0.0037924758334986447,2.824479062108747,185.52474366567535,0.0056395007296692334,1.0564422607421875,62.910630625120696,0.0054154190971758,0.12694094524196603,11.542346409388951,6.430856355724767,7.171899578635759,13.123112437203014
1623,2019-06-14,191.5500030517578,193.13999938964844,190.5,192.02000427246094,182.76048278808594,482300,-0.0298589886903734,27.77652582463585,0.0003061648360661357,0.013782298864986683,186.8898446219308,2.8056468481434282,192.50113831821764,181.27855092564394,0.005847011742854796,-0.005481613338706636,2.7401429737370457,185.15617554866344,-0.0298589886903734,-5.625,53.323362174813354,-0.22678282263689198,-0.21709562357561357,11.079669407435826,5.317549824475947,7.448034258654113,12.565985006242787
1624,2019-06-17,192.0,192.42999267578125,189.5399932861328,189.63999938964844,180.4952850341797,476400,-0.012394351992015662,27.778462859730784,0.00030620753922596907,0.015052080154418945,186.4656241280692,3.538592965495042,193.5428100590593,179.38843819707913,0.014531215031941732,-0.012812534968058268,2.7061806772121004,184.53472348006562,-0.012394351992015662,-2.26519775390625,48.04858808490679,-0.5868196382941449,-0.3556397769884481,10.860886710030693,5.388900038626277,5.300768928472138,12.428363883179848
1625,2019-06-18,189.49000549316406,195.8000030517578,189.49000549316406,194.72000122070312,185.3302764892578,1358900,0.026787355991944928,29.601906099941345,0.0003477273193451365,0.033299896436075546,186.20728193010603,3.5472683670037517,193.30181866411354,179.11274519609853,0.005699518706772369,0.0,2.7786721023911034,184.6407972146246,0.026787355991944928,4.834991455078125,58.270741591066525,-0.47651503718410027,-0.05992175557202239,11.36123548235212,6.433949222717763,5.2262223320263566,12.555293300307342
1626,2019-06-19,196.47000122070312,198.22000122070312,195.32000732421875,196.82000732421875,187.32904052734375,358200,0.010784875930413884,23.04457682026039,0.00021073512731146116,0.014760492077498836,186.01149422781808,3.422408204390123,192.85631063659832,179.16667781903783,0.007125738727469657,-0.005853279835798127,2.8086397362666937,184.9992296563205,0.010784875930413884,1.9987640380859375,59.11612020475029,-0.225218118322573,0.062326763812698666,11.440309797014509,6.257528243141196,7.546208092873869,12.710330375684814
1627,2019-06-20,203.11000061035156,203.61000061035156,200.49000549316406,201.66000366210938,191.9356689453125,431100,0.02459110666985098,23.804939936128854,0.00022487109736615162,0.015361110274293842,186.2236110142299,3.7716103194248185,193.76683165307955,178.68039037538026,0.009600693921433652,-0.012899390031580608,2.87770729561841,185.9240882281861,0.02459110666985098,4.60662841796875,66.59365438149942,0.34171384994903065,0.32518325978833507,11.94917733328683,8.448675199143892,5.709125594674656,13.23571065840437
1628,2019-06-21,201.3000030517578,202.8000030517578,200.41000366210938,202.27000427246094,192.5162353515625,562900,0.0030247968469863107,23.295385608798895,0.0002153472185169183,0.011872823414880556,186.96463884626115,4.469928361039728,195.90449556834062,178.02478212418168,0.0026328801354295207,-0.0044212586992341115,2.8864117755727463,186.80304117796962,0.0030247968469863107,0.58056640625,68.8533774241655,0.8283101327122608,0.28427320911038306,11.948909214564733,8.398393872491472,5.6751483849750075,13.803726640494347
1629,2019-06-24,203.38999938964844,203.86000061035156,201.8800048828125,202.8000030517578,193.02069091796875,476800,0.002620327399842637,23.137566495528386,0.00021243927910118932,0.009734970910471593,187.62681143624442,5.02442730953326,197.67566605531096,177.5779568171779,0.005211650335683608,-0.007424133494111161,2.893975119435508,187.63206114330285,0.002620327399842637,0.50445556640625,66.40970069291272,1.2403485745596186,0.2797802329271421,11.859430585588727,8.323030889977701,6.229908034975328,13.835548607337806
1630,2019-06-25,202.8000030517578,203.08999633789062,198.1199951171875,199.0399932861328,189.4419403076172,535400,-0.018540761580179477,24.208973309398786,0.00023256920186316764,0.024506909003520583,188.58130536760603,4.55897185751097,197.69924908262797,179.4633616525841,0.01997042894878156,-0.02307696185475845,2.8403186167270826,187.87337836521144,-0.018540761580179477,-3.5787506103515625,61.96023611052544,1.263551309944063,-0.003344829636677172,11.797645568847656,7.866279825646104,6.25989692353741,13.939004536717531
1631,2019-06-26,204.38999938964844,204.97000122070312,203.0800018310547,204.38999938964844,194.53396606445312,784500,0.026879083631467626,25.637107628398525,0.0002608179712500355,0.009247024782486294,190.58683122907365,3.331687586833388,197.25020640274042,183.9234560554069,0.0028377211839458634,-0.00640930359854043,2.9166637783661042,188.76145672511032,0.026879083631467626,5.0920257568359375,63.75025731016765,1.6735321309763833,0.3258373361380073,11.990139552525111,7.77627604616507,7.718971266799087,13.350779460247278
1632,2019-06-27,204.69000244140625,205.52999877929688,204.08999633789062,204.99000549316406,195.10504150390625,345100,0.002935607858135736,24.964504961341206,0.00024731210633524965,0.007035040423229558,191.9832262311663,2.7608656975483714,197.50495762626304,186.46149483606956,0.002638102885788908,-0.0029312916916271,2.9252259594734156,189.6072680289498,0.002935607858135736,0.571075439453125,60.722506740537376,2.0212264602204755,0.35006473572508295,11.704486301967076,7.691402062247935,8.04357859537557,13.115848085663284
1633,2019-06-28,209.27000427246094,209.77000427246094,207.6199951171875,207.92999267578125,197.9032745361328,405000,0.014342187216984437,25.199584225334252,0.00025199168457528347,0.010273852493806107,193.49383108956474,2.681613770951721,198.8570586314682,188.13060354766128,0.008792524294518904,-0.0078845946460879,2.967180097836166,190.71340222990753,0.014342187216984437,2.7982330322265625,61.98861908519388,2.4938234961281296,0.41485550046272957,11.874032156808036,9.299296742740678,7.186539291792263,12.800015530793392
1634,2019-07-01,215.97000122070312,216.58999633789062,212.97000122070312,214.97000122070312,204.60377502441406,634200,0.03385745134327167,26.597032940253623,0.0002807151433432285,0.016761564553996414,195.3035605294364,4.851519606410189,205.00659974225678,185.600521316616,0.0075010191602119854,-0.013890818090676644,3.067641253625378,192.56545193584174,0.03385745134327167,6.70050048828125,66.32987859713813,3.3701850475867445,0.5577038611506032,12.211623055594307,11.586430422009498,6.922560672323431,12.694070024561581
1635,2019-07-02,214.52000427246094,215.27000427246094,213.36000061035156,214.4199981689453,204.08030700683594,572400,-0.0025584475042831345,26.43747401319367,0.00027735715563424203,0.008903615625904462,196.955570765904,5.647736822242359,208.25104441038874,185.66009712141928,0.00396236288731393,-0.005407438182949406,3.0597928545160045,194.10076594530764,-0.0025584475042831345,-0.523468017578125,70.5607149318589,3.9766283010584687,0.5383876916147013,12.32355717250279,11.595452260626244,7.078390586207749,12.540095230114
1636,2019-07-03,213.8300018310547,214.7899932861328,213.38999938964844,213.8300018310547,203.51881408691406,297100,-0.0027513331793599383,26.25716626985254,0.0002735868176677307,0.006547228567067491,198.45530264718192,5.819938441010629,210.0951795292032,186.81542576516065,0.004489507771863587,-0.0020577207952039035,3.0513743449134063,195.35650569752184,-0.0027513331793599383,-0.561492919921875,68.80330375194711,4.361652744769799,0.5176683886769612,12.316323416573661,11.680464141585666,6.442512840118468,12.651977834506194
1637,2019-07-05,209.52999877929688,210.3800048828125,207.19000244140625,209.75,199.63551330566406,428600,-0.019080795054120192,27.378453253512436,0.0002974522629185576,0.015224561924263448,199.9115273611886,4.253198097769941,208.41792355672848,191.40513116564873,0.0030067526677938832,-0.011167834446252257,2.9931516964047136,195.92704004527414,-0.019080795054120192,-3.88330078125,71.915936744481,4.303825648378165,0.37437310848664856,12.466800144740514,11.216846026372867,6.5461176979054025,12.980456904240665
1638,2019-07-08,208.57000732421875,209.50999450683594,206.82000732421875,208.02999877929688,197.9984588623047,425300,-0.00820021656594172,27.333692116068192,0.0002964804463079397,0.012897286705444879,200.40645490373885,3.6870303549038352,207.78051561354653,193.03239419393117,0.007095918279556047,-0.008390468133223264,2.968607204279479,196.20322922087823,-0.00820021656594172,-1.637054443359375,73.10875309335381,4.0788818349443545,0.3139651750397658,12.481440952845983,11.34942317166405,6.060211688422361,13.326597413522848
1639,2019-07-09,205.88999938964844,207.30999755859375,205.3000030517578,206.61000061035156,196.64697265625,530000,-0.006825741037684296,26.90189190116845,0.0002871872174056159,0.009762467884766016,200.6267307826451,3.3479901812221002,207.3227111450893,193.9307504202009,0.0033998589067817607,-0.002865590070618497,2.9483442602604635,196.26239501226112,-0.006825741037684296,-1.3514862060546875,66.45452088821679,3.7483499551619843,0.06238674270956634,12.053356715611049,9.422107034486235,6.20100793565798,14.197373312617534
1640,2019-07-10,207.5,209.30999755859375,206.97000122070312,208.1199951171875,198.08412170410156,986500,0.007308269374498799,26.876007158581416,0.00028663482570957105,0.01127709078501506,200.6525660923549,3.324083940937417,207.30073397422973,194.00439821048008,0.005734951524849398,-0.002554210984563253,2.9698915543232043,196.50529190450652,0.007308269374498799,1.4371490478515625,65.89756648335711,3.56131436137008,-0.0019422528811598992,12.037163870675224,10.224108205982825,5.7018243399065485,15.49185172205599
1641,2019-07-11,209.61000061035156,209.75,207.3000030517578,208.74000549316406,198.67422485351562,269600,0.0029790532645295187,26.762612268949916,0.00028422119661037623,0.011688359053042217,199.80548749651228,2.874491006484266,205.5544695094808,194.05650548354376,0.004818446180501843,-0.011020454901328173,2.9787390194534096,196.7944829643744,0.0029790532645295187,0.5901031494140625,61.30263727691254,3.4212654794479818,0.030007022181833203,11.707515171595983,9.1712636187574,5.755728110563734,16.13341996530491
1642,2019-07-12,208.0399932861328,209.05999755859375,207.3800048828125,208.17999267578125,198.14122009277344,427400,-0.002682807803252696,25.975662696681084,0.00026775200497291613,0.008075335175917986,198.95704650878906,2.1997322055164155,203.3565109198219,194.55758209775624,0.004229979384791482,-0.003172411193133339,2.9707476351681668,196.9740479148276,-0.002682807803252696,-0.5330047607421875,59.449912304042726,3.2300328932737727,0.0011491594035276137,11.673332214355469,9.122903476070162,5.758165563683385,16.762095590684105
1643,2019-07-15,208.32000732421875,209.19000244140625,206.0500030517578,206.75999450683594,196.78970336914062,681300,-0.00682097709401408,26.162165921229246,0.0002716106847975907,0.015072961209921142,197.99574497767858,1.0369730845155818,200.06969114670974,195.92179880864742,0.011664784222037641,-0.010896717514645712,2.950484233596588,196.94946864206935,-0.00682097709401408,-1.3515167236328125,56.15667382186059,2.9355840014426633,-0.07202445371556034,11.652262006487165,9.167248723327956,5.637917440833264,17.63784647219847
1644,2019-07-16,205.39999389648438,206.92999267578125,204.36000061035156,205.0,195.11456298828125,639200,-0.008512337547036841,23.804067347871964,0.00022485461202461257,0.012512133114886501,197.34989493233817,1.2345304496824532,199.81895583170308,194.88083403297327,0.009396264523522383,-0.005063258602904044,2.9253687158730037,196.7048145548976,-0.008512337547036841,-1.675140380859375,59.880706786509165,2.5378070443959473,-0.5895960089948961,11.657332284109932,8.969461145998924,5.516276797554339,17.978285946167812
1645,2019-07-17,217.64999389648438,219.5800018310547,215.2100067138672,217.6699981689453,207.17361450195312,2050400,0.06180497923364214,30.581510901052894,0.0003711225432504827,0.02007808518141239,198.66063145228796,3.9412986866689343,206.54322882562582,190.7780340789501,0.008775574158838636,-0.011210600739909324,3.106171068608281,198.10065454783836,0.06180497923364214,12.059051513671875,67.71619761506145,3.1592131726505954,0.19907147001486475,12.295716421944755,13.251609086410088,5.207608155720601,20.014128780674557
1646,2019-07-18,221.69000244140625,226.99000549316406,221.57000732421875,226.64999389648438,215.72055053710938,1750500,0.0412549448234667,32.14600610125743,0.0004100657572468568,0.02444854575874636,201.38542829241072,7.396140938798415,216.17771017000754,186.5931464148139,0.001533725440638913,-0.0005412743735217166,3.2343159846559644,200.4499740130745,0.0412549448234667,8.54693603515625,73.61540322400215,4.291874259726967,0.5020127032931467,12.925742013113839,14.531529923945087,5.120244156446909,21.801393026972946
1647,2019-07-19,223.19000244140625,224.92999267578125,223.11000061035156,223.6199951171875,212.836669921875,790500,-0.013368594730793992,32.909913623013,0.0004297866724897523,0.008154451568266313,203.49293518066406,8.340249970250017,220.1734351211641,186.81243524016404,0.005869427592025148,-0.0003584471982596544,3.19107772502577,202.10153346758125,-0.013368594730793992,-2.883880615234375,67.07294820206988,4.90032338987092,0.37457655689511016,12.53606196812221,14.733149811425427,3.5739543548409545,24.259479441609397
1648,2019-07-22,225.2899932861328,228.1199951171875,225.2899932861328,227.74000549316406,216.75804138183594,787500,0.018424322563401985,32.54531808943613,0.000420316559342293,0.012561595789389557,206.07633754185267,9.339735153189714,224.7558078482321,187.39686723547322,0.0016866688949687444,0.0,3.2498711703565317,204.05573452281521,0.018424322563401985,3.9213714599609375,64.83857819453179,5.634000364540469,0.5218031834105585,12.292962210518974,13.956242432452392,3.587447027527641,26.152460400478
1649,2019-07-23,230.8699951171875,231.3300018310547,229.32000732421875,230.2100067138672,219.10890197753906,831100,0.01084555193761827,32.56785931945224,0.0004208989923220761,0.008706174684222965,209.07172066824776,9.725047752348491,228.52181617294474,189.6216251635508,0.004851193922445403,-0.006713682270327031,3.2851178169252018,206.0628235167784,0.01084555193761827,2.350860595703125,67.5640134903402,6.332146413701878,0.5468632072536105,12.571943010602679,13.763138641740166,5.041758023494554,27.43951448160202
1650,2019-07-24,230.19000244140625,234.5,230.00999450683594,234.05999755859375,222.7732391357422,786500,0.01672381690169189,32.72895021628373,0.0004250730881984039,0.01950564944412376,212.78365434919084,9.200487491887145,231.18462933296513,194.38267936541655,0.0019114750281922018,-0.0007819971878063325,3.340057525795945,208.29087893264023,0.01672381690169189,3.664337158203125,70.9810876276798,7.099277519953347,0.6109236528954489,12.906329563685826,14.723751070181107,4.426317294631531,29.31520444518457
1651,2019-07-25,232.75999450683594,232.97000122070312,229.72000122070312,230.0500030517578,218.9566192626953,521700,-0.017132308565667942,32.59355640275183,0.0004215634599124462,0.013962880549494731,216.18966238839286,5.043085885507861,226.2758341594086,206.10349061737713,0.012545103273146688,-0.013060634807857975,3.2828346296369273,209.71297764331425,-0.017132308565667942,-3.816619873046875,71.08438830649915,7.314943011959144,0.4842939266069444,13.144584655761719,14.716855132739271,4.424244208295311,31.334282217706363
1652,2019-07-26,232.22000122070312,232.41000366210938,230.8300018310547,230.85000610351562,219.71803283691406,399700,0.003477463146730697,31.804169297614415,0.0004013909463140155,0.006803900709452866,217.98172215053015,3.1957321197072455,224.37318638994464,211.59025791111566,0.006717757085493769,-0.005985700552672785,3.294250566078301,211.0469850024609,0.003477463146730697,0.76141357421875,74.16353633627762,7.4612900727337035,0.5095564876433676,13.400220598493304,14.829913131442915,3.0326334387811067,34.46166121550947
1653,2019-07-29,230.61000061035156,231.25999450683594,229.38999938964844,230.97000122070312,219.8322296142578,325900,0.0005197423983334115,31.84449296029694,0.0004024094174200003,0.008108907299068626,218.56910487583704,3.086869348050966,224.74284357193898,212.3953661797351,0.0012575052485377573,-0.005290322264750741,3.295962727768226,212.21835095070048,0.0005197423983334115,0.11419677734375,76.52436608177457,7.500030218567616,0.5133453655350828,13.559536525181361,14.799995060499576,2.653284229285971,37.66915661980728
1654,2019-07-30,227.66000366210938,229.41000366210938,227.3300018310547,228.33999633789062,217.32908630371094,462000,-0.01138660748216569,32.2285692713041,0.0004121748719346217,0.009136439416656624,219.21087864467077,1.9564549060690215,223.12378845680882,215.29796883253272,0.004700023311107575,-0.0014495380204968846,3.258432893911281,212.89978233110187,-0.01138660748216569,-2.503143310546875,71.49239132287033,7.24523080698566,0.4302948226937788,13.339161464146205,13.486690251639644,2.704119194586256,40.23016949633286
1655,2019-07-31,227.05999755859375,227.36000061035156,221.2100067138672,222.80999755859375,212.06573486328125,519500,-0.024218347989897304,31.876630683151813,0.00040322205702779965,0.027085325299967662,218.5405491420201,3.287794912521182,225.11613896706245,211.96495931697774,0.020038769931650623,-0.02576407516791657,3.1795190321848095,212.78857600205913,-0.024218347989897304,-5.2633514404296875,63.5418724015682,6.543166414549745,0.2556647116448256,13.222378322056361,11.286077888188412,2.795242179394159,41.90163221723086
1656,2019-08-01,225.97999572753906,229.97000122070312,219.17999267578125,221.44000244140625,210.76182556152344,834200,-0.0061486090744383715,31.963973791841145,0.0004054347700656774,0.047747626997618135,217.34810965401786,4.379682339871724,226.1074743337613,208.58874497427442,0.03774669855990871,-0.030091172583065633,3.1599694126111686,212.5183426099877,-0.0061486090744383715,-1.3039093017578125,62.56638684776195,5.814534408773994,0.21240295556776215,13.759413582938057,11.965020437041742,2.570966331832664,43.82720090142479
1657,2019-08-02,222.5399932861328,222.5399932861328,218.19000244140625,219.91000366210938,209.30560302734375,555700,-0.006909327769865081,32.06960996432902,0.00040811900129531355,0.019547007171576224,215.42416163853235,4.553909594544309,224.53198082762097,206.31634244944374,0.011818053848154406,-0.019547007171576224,3.13813614819669,212.08997733230186,-0.006909327769865081,-1.4562225341796875,62.43619989083632,5.0612404766359305,0.1640876747559176,13.811512538364955,11.916808673252426,2.549293941375861,45.534470576499025
1658,2019-08-05,216.3800048828125,216.4199981689453,210.3000030517578,212.1300048828125,201.9007568359375,693900,-0.03537815559786461,33.837319541863934,0.0004543508705469072,0.028283551987633878,212.98760986328125,6.497118390559545,225.98184664440035,199.99337308216215,0.01982620015401236,-0.02809872305136284,3.0271146792585037,210.73141459945327,-0.03537815559786461,-7.40484619140625,56.053681401638094,3.8226749877359794,-0.34707633367823243,13.595377240862165,11.905440538420004,2.546862022055205,47.36590737367913
1659,2019-08-06,215.5800018310547,216.5399932861328,212.5500030517578,214.88999938964844,204.5276641845703,481400,0.013010884108608956,33.92803808076166,0.00045679038413079856,0.018508164952618693,210.81755719866072,6.410713322216097,223.63898384309292,197.99613055422853,0.007653742844744194,-0.014055101371004804,3.066500117533805,209.9042478774689,0.013010884108608956,2.6269073486328125,47.16209347015555,3.018279535779527,-0.23852642955009895,12.893505641392299,11.695489942796582,3.3346964354925595,48.56808520571361
1660,2019-08-07,213.57000732421875,216.24000549316406,212.39999389648438,215.6999969482422,205.29859924316406,428700,0.0037693436810486425,33.78843303432942,0.00045303897099816003,0.017980107060867397,208.74132428850447,5.2536153943631625,219.2485550772308,198.23409349977814,0.0025284849295439354,-0.005478360198575017,3.078058810374766,209.29016139289493,0.0037693436810486425,0.77093505859375,36.584171037367575,2.4151579238407237,-0.20666960492972444,12.314644949776786,11.592483595116974,3.3053265756474097,50.23518793337764
1661,2019-08-08,216.89999389648438,220.5500030517578,216.6699981689453,220.02999877929688,209.41976928710938,627600,0.02007402904422162,34.31382717161731,0.0004672375933188975,0.017888450862125125,207.6114218575614,3.7277500571946964,215.0669219719508,200.155921743172,0.0023974379303537915,-0.0010603768280824759,3.1398478523340514,209.30744244545687,0.02007402904422162,4.1211700439453125,45.73732332915562,2.243857884672451,-0.03637330064673314,12.746213640485491,12.322895531971877,3.2742361289399597,51.645624596173874
1662,2019-08-09,216.8300018310547,217.36000061035156,213.22000122070312,215.99000549316406,205.5746307373047,415100,-0.018360914840533038,35.092932996508864,0.0004886960104355,0.01909329592163247,206.68412126813615,3.205857450721631,213.09583616957943,200.27240636669288,0.006318291314017263,-0.016648990360496014,3.082197373305115,208.80973421770324,-0.018360914840533038,-3.8451385498046875,36.02180314612227,1.7773427231211656,-0.19526334340287432,12.221706935337611,12.329933626629753,3.3191744155104064,53.297929901221536
1663,2019-08-12,216.0500030517578,216.61000061035156,213.6999969482422,214.4499969482422,204.10890197753906,292000,-0.007129910702058484,35.19906528654076,0.0004916564273992691,0.013469121134019345,205.73370361328125,2.749125861851979,211.2319553369852,200.2354518895773,0.009997702529964398,-0.010877139876515753,3.0602215812673306,208.18295658568135,-0.007129910702058484,-1.465728759765625,30.827201408002395,1.2746605419459058,-0.2558306551633037,11.969093322753906,12.300498111934486,3.4582514278113416,54.89313069398715
1664,2019-08-13,212.72000122070312,220.8000030517578,211.38999938964844,219.1999969482422,208.6298065185547,587600,0.02214947264530931,35.747509078270326,0.000507096986230563,0.04423657205767983,205.6371612548828,2.611189436853688,210.8595401285902,200.41478238117543,0.007521653320486646,-0.006252359079646546,3.1280038754701964,208.24253657673114,0.02214947264530931,4.520904541015625,32.30942587282537,1.2269371378360745,-0.07367431266452672,12.06195068359375,13.512387134536144,3.387997997836869,56.61064264798128
1665,2019-08-14,210.82000732421875,212.25,207.07000732421875,208.72000122070312,198.65521240234375,914100,-0.04781001469856527,39.717104376325516,0.0006259715793809265,0.0245706882450439,205.1735120500837,3.5164366280037798,212.20638530609125,198.14063879407615,0.016744135550038723,-0.01778768555980979,2.978453964206797,206.96422668681282,-0.04781001469856527,-9.974594116210938,27.996614337071918,0.379870699273539,-0.33207561712597594,11.703610011509486,13.758095141670399,3.4496050423905045,58.328154601975406
1666,2019-08-15,209.33999633789062,211.3300018310547,207.5800018310547,209.86000061035156,199.74020385742188,671500,0.005461681281640152,33.12442917969582,0.0004354078605082077,0.017913442560432723,204.48958914620536,4.082920197491667,212.6554295411887,196.323748751222,0.007022075314888377,-0.008407349467968716,2.9947213304713323,206.00102364289404,0.005461681281640152,1.084991455078125,28.49813584501844,-0.20156232824672315,-0.30300981193012116,11.647996085030693,9.532776798277274,3.8008484656368378,58.30012462523713
1667,2019-08-16,209.2899932861328,213.3300018310547,209.08999633789062,212.85000610351562,202.58604431152344,574500,0.014247709770702777,29.892598208346428,0.0003545902490657283,0.020258997702614946,204.10208129882812,4.121878077461035,212.3458374537502,195.85832514390606,0.0022934480526397255,-0.0009555972796499628,3.0373892508320206,205.54569306537798,0.014247709770702777,2.8458404541015625,32.46900015014438,-0.42778540670894927,-0.1958062972839348,11.79427010672433,7.6422560786399165,3.893742247232452,57.56697206892554
1668,2019-08-19,216.82000732421875,217.42999267578125,215.1300048828125,215.69000244140625,205.28907775878906,329200,0.013342643894606487,30.135613222964754,0.0003603790413984633,0.01060782084344041,203.51198250906808,3.4792938051717472,210.47057011941158,196.55339489872458,0.008025044625024525,-0.007794494900459664,3.0779160539751778,205.51147769116614,0.013342643894606487,2.703033447265625,37.810690266274165,-0.3845240631956699,-0.07776987074669471,12.170425415039062,7.476895202780779,5.537592319573976,55.37390356766727
1669,2019-08-20,215.63999938964844,216.22000122070312,214.0800018310547,214.69000244140625,204.33731079101562,275200,-0.004636227987208086,29.256243709819557,0.00033965388730490304,0.00992394451727663,203.33522251674108,3.387251902146288,210.10972632103366,196.5607187124485,0.00709515295690694,-0.007234268053279525,3.063646133423461,205.3549221044794,-0.004636227987208086,-0.9517669677734375,41.42733827561694,-0.42217223806380844,-0.11933175814612992,12.23471178327288,6.358137171395743,5.63172176053833,52.84799283659648
1670,2019-08-21,218.61000061035156,218.61000061035156,216.50999450683594,217.02999877929688,206.56446838378906,298100,0.010899417165430192,29.259378473444357,0.0003397266780366106,0.009606175827512376,203.68601771763392,3.601131783725804,210.88828128508553,196.4837541501823,0.007227491087522881,-0.009606175827512376,3.0970380906789003,205.5161949417207,0.010899417165430192,2.2271575927734375,45.437579570929,-0.2691925985732837,-0.032678694193665474,11.975313459123884,6.365577248147291,5.012693853325496,51.20569847749603
1671,2019-08-22,216.30999755859375,216.83999633789062,213.66000366210938,215.25999450683594,204.8798065185547,376100,-0.008155622689688946,28.44270707534952,0.00032102681975164176,0.014701089693830993,203.15030343191964,2.966031472192752,209.08236637630515,197.21824048753413,0.00730434029350261,-0.012250908078192495,3.0717798165557286,205.43134315196522,-0.008155622689688946,-1.684661865234375,45.21304459335411,-0.28065801444901695,-0.15951940911904638,11.867982046944755,5.230714663086566,5.115005137707485,48.69837089569552
1672,2019-08-23,213.6300048828125,216.5,209.60000610351562,210.5,200.34933471679688,591500,-0.022112827412044234,28.786573459578207,0.00032883603632686187,0.03229880512463308,203.39232090541296,2.582428809629204,208.55717852467137,198.22746328615455,0.028085942343592237,-0.01886438556001319,3.003854079624431,204.7537420272761,-0.022112827412044234,-4.5304718017578125,48.210722081710486,-0.6478476661790467,-0.48948832474447357,12.189824785505023,5.2011756230741755,5.086119535804442,46.191043313895015
1673,2019-08-26,213.86000061035156,214.44000244140625,212.30999755859375,213.99000549316406,203.67103576660156,296800,0.016579546193652428,29.566172646085125,0.0003468883194198856,0.009959809579788247,203.95386832101005,2.0226223029642565,207.99911292693855,199.90862371508155,0.0021041660289811393,-0.007247746410428033,3.053656617096556,204.6093811925195,0.016579546193652428,3.3217010498046875,49.02762150747419,-0.6631699857417743,-0.24755809288415653,12.150641305106026,5.1880585713194485,5.706461666847316,43.27264347018738
1674,2019-08-27,215.30999755859375,215.6699981689453,213.10000610351562,214.07000732421875,203.74720764160156,359700,0.0003739946365632907,29.563757587033884,0.0003468316518511519,0.011936241208354936,204.11974879673548,1.937573984505178,207.99489676574584,200.24460082772512,0.00743110335269567,-0.010264230551935729,3.0547986682932557,204.49442471906377,0.0003739946365632907,0.076171875,48.21075853757773,-0.6615407704619543,-0.24201024884169864,12.171114240373884,5.6645639718599945,5.696160148373042,39.97181196130426
1675,2019-08-28,213.17999267578125,215.94000244140625,212.35000610351562,215.75,205.34619140625,317500,0.007847880631871584,29.663382826156315,0.000349173127258375,0.01684021231462625,204.1279078892299,1.9434300832115863,208.01476805565306,200.24104772280674,0.0008912770800926837,-0.0038933605440540824,3.0787723635964217,204.6079936106886,0.007847880631871584,1.5989837646484375,45.01167827019594,-0.5251711331572153,-0.1255510891755917,11.952642168317523,5.712214532007024,5.637921457191875,36.83170217495126
1676,2019-08-29,220.0500030517578,221.8699951171875,219.52999877929688,219.74000549316406,209.14378356933594,370300,0.018493608949254448,29.41733037300393,0.0003434044945533568,0.010633930040620068,204.8145468575614,2.7226326316996152,210.25981212096062,199.36928159416217,0.00967957098152116,-0.002363118678706074,3.1357099757325457,205.21276560517492,0.018493608949254448,3.7975921630859375,54.37572068778963,-0.10940214353374245,0.14012013213297428,12.56575448172433,5.570794980145759,8.23607327436765,34.87957958579485
1677,2019-08-30,223.27000427246094,224.00999450683594,220.1199951171875,222.61000061035156,211.8753662109375,357600,0.01306078810942024,29.703380254815038,0.00035011539625481555,0.017422848189232763,205.573246547154,3.813133854266336,213.1995142556867,197.94697883862133,0.006270407442532827,-0.014108519259172034,3.1766648192981837,206.10111235260993,0.01306078810942024,2.7315826416015625,59.23491691744507,0.43549356782074256,0.28366957040261076,12.839385986328125,5.454772133164441,8.332599009124397,32.7960906186983
1678,2019-09-03,220.64999389648438,221.5800018310547,218.89999389648438,220.02000427246094,209.4102783203125,598700,-0.011634613002489469,29.89477614779043,0.0003546419210025791,0.01214596876820042,206.22045680454798,4.052771164634215,214.3259991338164,198.11491447527956,0.007070009525246606,-0.00793111284118591,3.139705553487026,206.54233448163694,-0.011634613002489469,-2.465087890625,50.97574496675535,0.6607980846689259,0.13815069461771481,12.340352739606585,5.498756921665949,8.399789277780329,30.70647103356429
1679,2019-09-04,224.74000549316406,227.4499969482422,224.17999267578125,227.27000427246094,216.31069946289062,432700,0.03295168316439212,29.007535698769033,0.00033390362195053933,0.014550165491387787,208.50065176827567,4.645743993234287,217.79213975474426,199.2091637818071,0.0008008929046089431,-0.0024918252366948816,3.243164136115013,207.84478314580412,0.03295168316439212,6.900421142578125,73.91081166198398,1.3802492008705087,0.4393910305636615,13.258904593331474,7.464345317647701,8.05745731569876,27.80486262125145
1680,2019-09-05,236.35000610351562,238.02999877929688,235.6999969482422,237.08999633789062,225.65713500976562,982300,0.04320838298837093,31.994216237662602,0.00040620233042155273,0.009858268546158627,211.64152308872767,7.432606557532635,226.50673620379294,196.7763099736624,0.003977162754946372,-0.0027501973280624715,3.3832960142024198,210.21976339433232,0.04320838298837093,9.346435546875,78.68128617050594,2.673776994216553,0.5724650060212632,13.904941013881139,7.272278487547969,11.21914802917995,26.172369418189348
1681,2019-09-06,238.19000244140625,240.11000061035156,237.1699981689453,238.55999755859375,227.05625915527344,872100,0.0062002211693739095,31.99460142038849,0.00040621211113076386,0.01234309757450663,214.9713875906808,8.4571442170453,231.88567602477139,198.0570991565902,0.006507422796383349,-0.00428231353963672,3.404273197771936,212.46462949579114,0.0062002211693739095,1.3991241455078125,77.9760683617546,3.768365345406039,0.5721486789467183,13.966588701520648,7.9490462451327755,11.108507838899829,24.312933576899574
1682,2019-09-09,239.0800018310547,242.32000732421875,238.88999938964844,241.3300018310547,229.69268798828125,536700,0.011611346204752238,31.624467060331128,0.00039686782414681266,0.014346695283171862,218.449458530971,8.836790248681764,236.12303902833452,200.77587803360746,0.004140896292378514,-0.000794723272340088,3.443801392446825,214.7617039614565,0.011611346204752238,2.6364288330078125,77.94247604391504,4.793317888197208,0.6140794967957477,13.996574401855469,7.19304871906669,11.108014410201193,22.56898683242169
1683,2019-09-10,240.07000732421875,241.6699981689453,238.11000061035156,241.6699981689453,230.01629638671875,735500,0.00140887549042934,30.538828982731957,0.00037008733160180516,0.014828997583966875,221.4312460763114,8.693790160471867,238.81882639725512,204.04366575536767,0.0,-0.008164313133960812,3.4486532798225498,216.79564961815814,0.00140887549042934,0.3236083984375,79.8319312834854,5.567533594382468,0.6239697286528523,14.071316310337611,7.090053554308333,10.948961994598298,20.84574847477134
1684,2019-09-11,241.67999267578125,245.24000549316406,241.24000549316406,245.24000549316406,233.4141387939453,782500,0.014772181191518241,30.33562507474361,0.0003651786304267511,0.016550811491318124,224.50821358816964,8.558550291215074,241.62531417059978,207.3911130057395,0.0,-0.0018205362295233081,3.499597410938812,219.01144817492977,0.014772181191518241,3.3978424072265625,80.36598220307218,6.381718130638205,0.6681855527008357,14.139246259416852,8.23394655885092,10.620940964565257,18.776688457238624
1685,2019-09-12,245.10000610351562,248.2100067138672,244.60000610351562,246.8300018310547,234.92745971679688,828000,0.006483415831924022,29.80352944175804,0.0003524803044387849,0.014728684293981264,228.15352521623885,6.152068229464118,240.4576616751671,215.8493887573106,0.005630374738667563,-0.002039983629330592,3.522286756198253,221.13358304717872,0.006483415831924022,1.5133209228515625,84.11499848412664,7.067606622910631,0.6559816941958507,14.462127685546875,6.8147282774238445,11.873869497963957,17.213092006408186
1686,2019-09-13,250.36000061035156,251.22999572753906,248.3699951171875,248.99000549316406,236.98333740234375,934000,0.008751116995966424,22.52743965165037,0.0002013831497058527,0.011423552497919712,231.10675920758928,4.158316673926445,239.42339255544218,222.79012585973638,0.00894707712459713,-0.007948576003805068,3.553110699695087,223.2468836278674,0.008751116995966424,2.055877685546875,94.06920097652306,7.688442759886669,0.633950179972956,14.796580723353795,6.558102090990345,12.703133016437244,15.87963274230535
1687,2019-09-16,246.0800018310547,247.3300018310547,245.38999938964844,246.2100067138672,234.3373565673828,398900,-0.0111652610852917,23.527035818346224,0.00021965135491974034,0.007883624947053403,232.34679085867745,3.50533382379913,239.35745850627572,225.33612321107918,0.004551345533378322,-0.0028039760901821214,3.513439291068048,224.7256133531361,-0.0111652610852917,-2.6459808349609375,87.49997201143725,7.876159863162911,0.5655184241685469,14.529151916503906,6.610205915527471,12.63001820909734,15.322447977903924
1688,2019-09-17,245.66000366210938,248.4199981689453,245.1999969482422,248.10000610351562,236.13621520996094,730000,0.007676363124207608,23.407814234243308,0.00021743086000985834,0.013107551789879658,233.64392743791853,2.8377297078990926,239.3193868537167,227.96846802212036,0.0013025810496600718,-0.001872534018601983,3.540409726881145,226.2470269340461,0.007676363124207608,1.798858642578125,88.00532413939304,8.076973555301095,0.6117853769114209,14.677986145019531,6.28908078398722,12.608811736228063,15.367562368671745
1689,2019-09-18,248.7100067138672,250.5399932861328,246.61000061035156,249.7899932861328,237.74472045898438,519400,0.006811768570073928,23.308955463424773,0.0002155981765063171,0.015801506049986078,234.7942177908761,2.590311895990412,239.97484158285693,229.61359399889528,0.0030155602096977575,-0.008443593127845532,3.5645261785838978,227.7800527373712,0.006811768570073928,1.6085052490234375,88.00800375771341,8.27057474643911,0.5828866531148365,14.835913521902901,7.021865159651219,10.56690665340663,15.617754329141146
1690,2019-09-19,250.42999267578125,252.11000061035156,249.58999633789062,249.58999633789062,237.55435180664062,394700,-0.0008007271495923396,23.102253566789347,0.0002117913174064407,0.010062709524267952,235.87108285086495,1.6798131170736235,239.2307090850122,232.5114566167177,0.010062709524267952,-0.003354216197970044,3.561671965697273,229.08329261327378,-0.0008007271495923396,-0.19036865234375,86.41125475939509,8.312818923964954,0.5617089472724174,14.68173326764788,6.940536147824929,11.449511577491979,16.496801051078755
1691,2019-09-20,250.6999969482422,250.8800048828125,244.6699981689453,245.7899932861328,233.93759155273438,819500,-0.015224979994684085,24.329076056853502,0.0002348825165794293,0.024770669283850303,235.94586181640625,1.559556769035002,239.06497535447625,232.82674827833625,0.02030319768105357,-0.02405264799640898,3.5074455812719045,229.73053247186854,-0.015224979994684085,-3.61676025390625,77.64785474660356,7.962666747367734,0.45280321036402843,14.571693420410156,6.96277420036284,10.664064165701028,16.93051416479909
1692,2019-09-23,246.19000244140625,249.25,245.83999633789062,248.47999572753906,236.49790954589844,296100,0.010944448800084938,23.817781958806073,0.00022511378469731256,0.013851105358841544,236.1702117919922,1.5004770004561632,239.1711657929045,233.16925779107987,0.003127682947418631,-0.0014216909705702903,3.545832639855219,230.63284941507254,0.010944448800084938,2.5603179931640625,83.86474513713466,7.801830246669397,0.44102804764586945,14.97224862234933,6.846108728651451,10.874590972551983,17.959789014151617
1693,2019-09-24,248.74000549316406,249.94000244140625,245.13999938964844,246.38999938964844,234.50865173339844,605600,-0.008411312456501618,22.12283198740273,0.00019421416473922577,0.019297270023939626,235.81668526785714,1.5670210018069282,238.95072727147098,232.6826432642433,0.014271942483555886,-0.0144729678540373,3.516007533602935,231.149623057516,-0.008411312456501618,-1.9892578125,75.93580143172845,7.428221763966491,-0.07259871718338252,14.643846784319196,7.0330187620190525,10.809080380290812,18.91432927567659
1694,2019-09-25,242.6699981689453,248.02999877929688,241.1699981689453,247.52999877929688,235.5937042236328,518300,0.004626918803268376,21.898976342910796,0.0001903036368521295,0.028268845189406866,235.99616350446428,1.4358011120828724,238.86776572863002,233.12456128029854,0.002060411273633847,-0.006181233820901542,3.5322758149725955,231.74216721299825,0.004626918803268376,1.085052490234375,68.52365025734443,7.137413359201247,-0.10550827896411837,14.05827876499721,7.046283273375477,9.931706275517135,19.49702911750563
1695,2019-09-26,249.55999755859375,249.63999938964844,246.47000122070312,248.0399932861328,236.07911682128906,615100,0.002060380175505472,21.841946551232983,0.0001893137417249674,0.01270234893395138,235.98800659179688,1.4350348443354006,238.85807628046769,233.11793690312606,0.006411308379420714,-0.012381777400703533,3.5395536460361825,232.32042716077038,0.002060380175505472,0.48541259765625,67.41353923716635,6.866956344919572,-0.14506312779017858,14.029238019670759,6.594089318258339,11.608745672908483,20.795631404573946
1696,2019-09-27,247.07000732421875,248.0500030517578,241.32000732421875,243.7100067138672,231.9579315185547,564500,-0.017456797357701448,23.437461598251225,0.00021798198657519856,0.027239225838964723,235.16132245744978,1.8586538545263098,238.8786301665024,231.44401474839717,0.017565856677194513,-0.023272756018720378,3.4777643753006156,232.27209440847497,-0.017456797357701448,-4.121185302734375,54.13481061840424,6.24804838827086,-0.43943350655691965,13.794033595493861,6.509998912192315,11.617228361482764,22.106098013080626
1697,2019-09-30,244.97999572753906,249.41000366210938,244.82000732421875,248.4199981689453,236.44076538085938,495000,0.019326064139979948,23.495424274238598,0.0002190614927882856,0.018736208743327393,235.00223868233817,1.6563411535329546,238.31492098940407,231.68955637527228,0.004041168709404025,-0.0006530672141012191,3.5449758726814125,232.8279172047929,0.019326064139979948,4.4828338623046875,60.18090072174581,6.049551141869273,-0.43228809256810663,14.18508802141462,6.49016067023155,10.373746759670894,22.283477921305337
1698,2019-10-01,249.1699981689453,250.1699981689453,244.67999267578125,245.38999938964844,233.55690002441406,655300,-0.012196988754455962,24.153789969527935,0.00023151014678256658,0.022033172265954994,234.9478541782924,1.702724420200145,238.35330301869269,231.54240533789212,0.01918368509219911,-0.018019847999997552,3.5017378418274996,232.92511491407572,-0.012196988754455962,-2.8838653564453125,50.229981121686464,5.595040665207222,-0.6958954703443967,14.07833971296038,6.059746277503695,10.412611922013951,22.547875714308503
1699,2019-10-02,243.49000549316406,243.52000427246094,238.2899932861328,240.2899932861328,228.70281982421875,710100,-0.020783287497341818,25.124582763522056,0.0002504939123178846,0.021479366168378342,233.83426993233817,2.7481180238462444,239.33050598003067,228.33803388464568,0.013265476666223193,-0.021356162839206307,3.428960217520477,232.36214223542814,-0.020783287497341818,-4.8540802001953125,40.94686243353365,4.787961493274594,-0.693716959549877,13.733142307826451,6.054589655734374,10.403751171273962,22.81227350731167
1700,2019-10-03,240.91000366210938,244.8800048828125,238.5399932861328,244.35000610351562,232.56704711914062,531000,0.016896281811881186,23.374116285237427,0.00021680528258563535,0.02631692956001915,233.55689784458704,2.7666294763717816,239.0901567973306,228.0236388918435,0.0021999865976517516,-0.00983774164604905,3.4868968956774324,232.3894628865898,0.016896281811881186,3.864227294921875,43.89791071762894,4.409328291004584,-0.4141058707662955,13.724188668387276,4.597946795663663,10.467941320930612,24.485654453504768
1701,2019-10-04,244.47000122070312,246.36000061035156,244.17999267578125,246.0399932861328,234.17552185058594,518000,0.006916176437590016,18.487431944753887,0.00013562902377456593,0.00891728197195958,233.35430036272322,2.6417237811275545,238.63774792497833,228.07085280046812,0.0013089840169381484,-0.0011862745673243585,3.5110128898276223,232.6276040817893,0.006916176437590016,1.6084747314453125,49.7697889073243,4.190740965341348,-0.29771846997045404,13.970352172851562,4.721931180775566,8.749853095012954,24.893017665174064
1702,2019-10-07,247.41000366210938,249.42999267578125,247.17999267578125,247.4199981689453,235.48899841308594,515900,0.005608940473881274,18.47095107253042,0.00013538731489040167,0.009094215943963407,233.2699977329799,2.5480315838678615,238.36606090071564,228.17393456524417,0.008124144040598332,-0.0009296753685119928,3.5307059521296953,233.00912332596218,0.005608940473881274,1.3134765625,49.06643753125373,4.07650411443322,-0.20267680091155207,14.054054260253906,5.04496475223545,8.726056840184699,25.376455073462665
1703,2019-10-08,244.0500030517578,245.60000610351562,241.50999450683594,242.0800018310547,230.40650939941406,576700,-0.02158270258025541,19.7825267204091,0.00015529696962051569,0.016758908197236463,233.0483660016741,2.741319421662668,238.53100484499944,227.56572715834878,0.014423291245419158,-0.010407738222331401,3.4545037756665424,232.66210813575577,-0.02158270258025541,-5.082489013671875,40.37934719506569,3.5351057017828396,-0.5704399210341523,13.747427804129464,4.371595842056134,8.881318063400192,25.978176199099213
1704,2019-10-09,245.55999755859375,247.9499969482422,244.83999633789062,246.27000427246094,234.39447021484375,431300,0.017308368699412435,20.650405936600535,0.00016922193069301042,0.012664931753020876,232.75603812081474,2.4081260662194195,237.57229025325358,227.9397859883759,0.006841475372552821,-0.002932078627877179,3.5142956006892914,232.89308974630083,0.017308368699412435,3.9879608154296875,46.232440822944405,3.3887749796917888,-0.3094137794373766,13.974442618233818,4.289156292660675,9.84202623054924,26.830706753347744
1705,2019-10-10,249.13999938964844,254.24000549316406,248.3800048828125,251.49000549316406,239.36276245117188,835700,0.02119628603769641,21.300724937472058,0.0001800479693896204,0.023520914444519505,233.58544703892298,3.4877504550322254,240.56094794898743,226.60994612885852,0.011037970645970308,-0.003050471657292276,3.5887856154625197,233.75571277361698,0.02119628603769641,4.968292236328125,56.26652359728319,3.6318408888752174,0.06725820338658758,14.440148489815849,5.130348506263935,9.690290118781919,27.692977856241857
1706,2019-10-11,258.3999938964844,262.4599914550781,257.739990234375,260.0,247.46237182617188,1034300,0.03383821815915189,24.069692431309704,0.00022990083084835204,0.018266259025508987,236.26538303920202,5.648613601193247,247.56261024158852,224.96815583681553,0.009520090995294694,-0.002554193799144492,3.710223726044967,235.58326731395763,0.03383821815915189,8.099609375,61.22804797062385,4.427011327536036,0.37949438290914483,14.996207101004464,4.992111473021139,11.376689730898585,28.261254941705836
1707,2019-10-14,259.82000732421875,262.0,259.0899963378906,261.6400146484375,249.02333068847656,731800,0.006307863497732713,24.00565654286345,0.0002286791849420326,0.011200075360163085,238.61628069196428,7.092737070661078,252.80175483328642,224.43080655064213,0.0013855182103558678,-0.0028096796464837834,3.733627310854908,237.37527576389348,0.006307863497732713,1.5609588623046875,64.99514787474392,5.12407877330844,0.4440768810704512,15.074459620884486,5.020874169678283,10.652222534937646,28.452988838221543
1708,2019-10-15,263.44000244140625,269.3900146484375,263.010009765625,267.5400085449219,254.63876342773438,1265400,0.022549825848577232,24.42985749651358,0.00023683251480157151,0.02421805657336162,241.5396009172712,8.93514149182993,259.40988390093105,223.66931793361135,0.007022495013554744,-0.0016322224104021105,3.8178199564981776,239.67707411907227,0.022549825848577232,5.6154327392578125,67.99137661879391,6.059774924856555,0.5256835662954679,15.563412257603236,7.197930784524314,10.314816106447886,27.810615897128038
1709,2019-10-16,260.260009765625,260.70001220703125,253.52999877929688,254.47000122070312,242.1990509033203,1720200,-0.04885239135220831,30.47950356117677,0.00036865084814912167,0.02754942426303323,242.49817984444755,8.528515790933223,259.555211426314,225.4411482625811,0.023937642175371122,-0.02585879787059403,3.631310321871058,240.01333769030535,-0.04885239135220831,-12.439712524414062,54.71615979319619,5.73147119634578,0.12569308463323245,15.072249276297432,7.006471224776978,10.545249063352001,27.17826071179216
1710,2019-10-17,256.19000244140625,257.1700134277344,253.25999450683594,253.75999450683594,241.52328491210938,1543900,-0.002790126504173207,30.44556402908436,0.00036783030517820425,0.015262183862122825,244.08629063197546,6.751552222029463,257.5893950760344,230.58318618791654,0.013310507390616658,-0.011436855094454518,3.621178506697128,240.2146639865459,-0.002790126504173207,-0.6757659912109375,57.78466187837263,5.35503000580519,0.10396428955175989,15.28654044015067,6.30977255363997,10.525954910021806,27.411019121508275
1711,2019-10-18,253.99000549316406,255.3000030517578,252.3300018310547,254.4199981689453,242.15147399902344,1640900,0.0026009462696015007,30.444036202199932,0.00036779338900034105,0.011693378308080947,245.1944340297154,5.396248763667185,255.9869315570498,234.40193650238103,0.0034647224842718647,-0.006535704658481346,3.6305969974256826,240.47290532154292,0.0026009462696015007,0.6281890869140625,54.9587159014333,5.049183416094934,0.12416328168735596,15.024015154157366,6.321775167743035,9.582846232695239,27.219845712166244
1712,2019-10-21,257.7799987792969,261.0,257.1000061035156,260.42999267578125,247.8716278076172,790400,0.02362221346055815,30.793183695534793,0.00037627784210593224,0.015129156315278856,246.4099862234933,4.787710090953902,255.9854064054011,236.83456604158548,0.0022112162577313547,-0.0026378798937129267,3.7163597346881336,241.4594016530195,0.02362221346055815,5.72015380859375,61.84624841650992,5.2083280337756435,0.30809093054508185,15.389678955078125,8.020837199350634,9.414793430882783,26.600647366848236
1713,2019-10-22,258.80999755859375,260.2699890136719,255.07000732421875,255.2899932861328,242.97952270507812,797300,-0.01973644642514716,31.611504726280508,0.0003965425520077993,0.020091888792958493,245.7695792061942,4.921428043937772,255.61243529406974,235.92672311831868,0.019241898591694114,-0.014450717783915122,3.643011999887887,241.66208445996068,-0.01973644642514716,-4.8921051025390625,61.80734963781833,4.883406423678764,0.14390685072166357,15.563625880650111,8.095747184834783,9.127741729898187,25.803437124406575
1714,2019-10-23,254.85000610351562,257.95001220703125,253.58999633789062,257.6600036621094,245.23521423339844,917100,0.009283463491934763,31.508099868289634,0.0003939525227421082,0.017108164664393466,245.2284197126116,4.70764265110785,254.6437050148273,235.81313441039592,0.0011379577711451126,-0.004944122956438957,3.6768317687895267,242.1385017630857,0.009283463491934763,2.2556915283203125,60.76340731141243,4.7531280599226875,0.13361610600143942,15.477433340890068,7.83621835476303,9.083247811803838,25.146608960202922
1715,2019-10-24,260.79998779296875,265.4800109863281,260.6499938964844,264.9700012207031,252.19271850585938,642300,0.0283707390645751,32.775132976717224,0.00042627354827043504,0.01852000504569797,244.87898472377233,3.9171322662564707,252.71324925628528,237.0447201912594,0.001955559008805866,-0.0005751299981020125,3.7811462034861947,243.47906399545553,0.0283707390645751,6.9575042724609375,64.03266561878972,5.151906001108699,0.38316772888851186,15.938279288155693,10.0228690565466,8.892561172344069,24.62187114482449
1716,2019-10-25,262.45001220703125,264.70001220703125,261.8800048828125,263.989990234375,251.25999450683594,550500,-0.0036984572930949255,32.86652186319969,0.0004286540711841994,0.010744931198533203,246.17340523856026,4.356415201246453,254.88623564105316,237.46057483606737,0.002705360791129077,-0.002171870061751436,3.767161795733653,244.51652139697293,-0.0036984572930949255,-0.9327239990234375,62.35650185401087,5.331222348257029,0.3497128033078929,15.742052350725446,10.07126511619,7.6585536331517305,23.958035299478837
1717,2019-10-28,267.3900146484375,268.3599853515625,265.8800048828125,266.510009765625,253.65847778320312,683000,0.009545822370468748,32.05145287172256,0.0004076569965032746,0.009274768438943619,247.9070042201451,4.604983792576178,257.11697180529745,238.69703663499274,0.006918641252815049,-0.005647218231430034,3.8031224530765426,245.73544891513697,0.009545822370468748,2.3984832763671875,69.0176555673007,5.602289692448039,0.3592046789441299,16.241265433175222,9.911761217933691,8.772371307076154,22.90678830762508
1718,2019-10-29,268.8800048828125,269.260009765625,264.239990234375,264.6000061035156,251.84054565429688,501900,-0.007166849477272308,31.816568799848604,0.0004017039881728171,0.018670110979200197,249.29115731375558,4.003555002773946,257.2982673193035,241.28404730820768,0.017331164748157345,-0.01725682298488422,3.7758660469117085,246.54946181369164,-0.007166849477272308,-1.81793212890625,64.79419901298338,5.60580040832653,0.164709146263523,16.102554321289062,10.248227461187627,7.735852954812629,22.47540784092801
1719,2019-10-30,263.1600036621094,266.0199890136719,261.0799865722656,265.6499938964844,252.83987426757812,494700,0.003968100572069977,31.319685513277086,0.00038925503994070555,0.01877185884124354,250.00090680803572,4.147747050077319,258.2964009081904,241.7054127078811,0.0014059701779855732,-0.007904001599401245,3.7908490631325185,247.38818347420985,0.003968100572069977,0.99932861328125,62.253347613524745,5.6243857257201455,0.02988699023742336,15.697833469935826,9.998230693106928,7.725052264114221,21.82782076170662
1720,2019-10-31,265.29998779296875,265.29998779296875,261.32000732421875,261.9700012207031,249.33738708496094,630600,-0.013852590271859366,30.71565732152729,0.00037438555741805255,0.015001811729655427,250.90917314801897,2.8457167532910175,256.600606654601,245.21773964143694,0.01255177808324754,-0.015001811729655427,3.7383359842784816,247.64807728897668,-0.013852590271859366,-3.5024871826171875,51.86026451026302,5.295450621067943,-0.17541691076835011,14.93803950718471,9.921402457798482,7.739554445665997,21.15776374868466
1721,2019-11-01,267.2099914550781,270.8399963378906,266.1600036621094,270.6000061035156,257.5511474609375,617600,0.03294235361974707,32.019942876726894,0.0004068558499320843,0.017514287734139704,252.66859218052454,2.544331894127044,257.7572559687786,247.57992839227046,0.000898133460759254,-0.003929448099044112,3.8614855702220083,248.96848664523813,0.03294235361974707,8.213760375976562,57.47408045563513,5.632619664554312,0.28207170066714976,15.435538155691964,11.027025828335308,7.614762058320497,20.174060245726817
1722,2019-11-04,272.6000061035156,275.0,272.0799865722656,273.17999267578125,261.1358337402344,664600,0.013918347150212451,32.16248804630214,0.00041048636401925685,0.010711714462051571,253.94618007114954,4.059635797974326,262.0654516670982,245.8269084752009,0.006676475728058606,-0.0019076284651752013,3.9152310669038943,250.59079959123764,0.013918347150212451,3.584686279296875,55.90443892354704,6.118551927006877,0.3884354927404639,15.22712162562779,10.90630292340172,7.615239846920327,19.596435948569496
1723,2019-11-05,271.82000732421875,273.92999267578125,271.0,271.79998779296875,259.81671142578125,382700,-0.00505147951378182,32.36509490932368,0.0004156743525752099,0.010779164876875464,255.16856820242745,4.3907435431167805,263.950055288661,246.38708111619388,0.007836085738427246,-0.0030167290932365766,3.8954533573777073,251.82092116917678,-0.00505147951378182,-1.319122314453125,70.06661696029921,6.324311869063109,0.33024747240528207,15.628846304757255,10.06109307796222,7.671762482545459,18.965165473899287
1724,2019-11-06,269.54998779296875,270.1300048828125,267.80999755859375,268.739990234375,256.89166259765625,909500,-0.011258124283358706,31.486673111511855,0.00039341689826635046,0.008606965050210504,255.63045174734933,4.375444730266064,264.38134120788146,246.8795622868172,0.0051567972969270475,-0.006455167179274448,3.851597859340322,252.49702002630738,-0.011258124283358706,-2.925048828125,66.6514675773335,6.18011064228736,0.20122016475724255,15.296155657087054,10.054956953016749,7.6670835780983895,17.98639765325799
1725,2019-11-07,269.0799865722656,270.7699890136719,267.20001220703125,267.6499938964844,255.8496856689453,560900,-0.004056094768411733,31.33655813560997,0.0003896745538835171,0.013267344227705513,256.20318603515625,4.046718895041025,264.29662382523827,248.1097482450742,0.011595047097081583,-0.006986674814365945,3.835975413413026,252.94404211199245,-0.004056094768411733,-1.0419769287109375,64.70996145403683,5.913583195175164,0.10554362188427839,15.303413391113281,10.362419115814008,6.737548781481154,17.124633743878867
1726,2019-11-08,265.7900085449219,268.20001220703125,264.69000244140625,267.2900085449219,255.50555419921875,743400,-0.0013450533223318129,30.779036321551157,0.0003759321733664147,0.013205950761056406,256.58399745396207,3.795069293803602,264.1741360415693,248.99385886635486,0.003423769264658317,-0.004138628496750697,3.8308158219388315,253.28557705695596,-0.0013450533223318129,-0.3441314697265625,59.26785197578896,5.609922050192523,0.08947022576732239,14.839256286621094,8.642286456951002,6.895104478961982,16.19499109059769
1727,2019-11-11,266.1499938964844,267.489990234375,265.1300048828125,266.7200012207031,254.96075439453125,451700,-0.0021322425118897037,28.73551162112216,0.00032767048735224055,0.008867125326632117,257.38733564104353,2.310100869325045,262.00753737969364,252.76713390239345,0.002893064179333975,-0.003832384133244003,3.8226475935880737,253.50893403529935,-0.0021322425118897037,-0.5447998046875,66.26219765271557,5.264620347622042,0.06402418599612579,14.809690202985491,8.952688932367522,4.259802554966216,16.02899115139147
1728,2019-11-12,268.20001220703125,269.1499938964844,266.6099853515625,267.5899963378906,255.79229736328125,336100,0.0032614547706555364,28.691695166654153,0.00032667197283182725,0.009470575799083744,257.13607134137834,2.3837915427571903,261.90365442689273,252.36848825586395,0.005816545442173743,-0.005928511495522837,3.8351149858187163,253.81338247903028,0.0032614547706555364,0.83154296875,64.90543811111479,5.000423064224975,-0.3385152938724557,14.75388663155692,9.499901378990788,3.8277887096101297,16.344649611549873
1729,2019-11-13,268.0299987792969,270.489990234375,267.30999755859375,269.9200134277344,258.01959228515625,422800,0.008707435465547864,27.79479059421362,0.00030656761276832756,0.011864316271551907,256.6908939906529,1.707337235362099,260.1055684613771,253.2762195199287,0.0021265410932973933,-0.002686271029296215,3.8685090020606885,254.3742104531804,0.008707435465547864,2.227294921875,59.49518166835914,4.914121960582264,-0.21985569934952898,14.357664925711495,7.683255793882365,3.8993134864125154,17.05281500639394
1730,2019-11-14,268.6499938964844,270.4599914550781,268.1499938964844,269.7300109863281,257.83795166015625,539200,-0.0007039799706344274,21.179949813518565,0.0001780120135330018,0.008598539404708987,256.408214024135,1.1885322549713513,258.78527853407775,254.03114951419232,0.0027172175147388033,-0.0018611576823361438,3.8657856492070186,254.83604261411054,-0.0007039799706344274,-0.181640625,60.988081904978436,4.776015895499427,-0.23290458223624352,14.352886744907924,7.5520627607562565,4.104877047279879,17.500908396979078
1731,2019-11-15,274.30999755859375,275.5199890136719,273.5799865722656,274.9700012207031,262.84698486328125,667900,0.019427059402516322,21.795050372313902,0.00018850167489353168,0.007072299437397856,257.25897434779574,2.7274270239011047,262.71382839559794,251.80412029999354,0.0020049863215476508,-0.0026612627787005526,3.9408864966515584,255.9041682473333,0.019427059402516322,5.009033203125,64.11757920856144,5.012966602643928,0.12236828201280724,14.394461495535714,7.486307238780242,5.8130472847131385,16.907501083722384
1732,2019-11-18,273.07000732421875,276.2300109863281,271.80999755859375,273.4700012207031,261.4130859375,430700,-0.0054552610771894106,22.043336572303517,0.00019282090763486244,0.016186374589599102,258.05374581473217,3.0408898300503386,264.13552547483283,251.9719661546315,0.010107333986145219,-0.004614237125386596,3.919387931936754,256.6386906060222,-0.0054552610771894106,-1.43389892578125,64.88325814355585,5.027098819545017,0.02198672134978124,14.235996791294642,7.724106128472477,5.820406560257397,16.600416027532145
1733,2019-11-19,272.95001220703125,273.239990234375,270.3999938964844,271.54998779296875,259.5777587890625,465200,-0.007020792941009435,21.096807454142347,0.00017661717649093477,0.010404822168450763,258.635489327567,2.8560585365294937,264.347606400626,252.923372254508,0.006191618852628559,-0.00934243706357741,3.8918707208111347,257.0305663637609,-0.007020792941009435,-1.8353271484375,60.21054004358234,4.834474330124436,-0.11685097969384184,14.067958286830358,6.027253671394187,5.954863695247237,16.248476922973936
1734,2019-11-20,271.29998779296875,272.0,267.0,268.8699951171875,257.01593017578125,408800,-0.009869214624674494,20.050085970721664,0.00015952616961640052,0.01842978335780664,258.9290858677455,2.4986104372805578,263.9263067423066,253.9318649931844,0.011537062379822266,-0.015849568693125433,3.853461013375963,257.0286148720303,-0.009869214624674494,-2.56182861328125,61.97747699930071,4.4241015862981214,-0.6649971042700777,14.065253121512276,6.026780179153626,5.954395889857415,15.99192284782883
1735,2019-11-21,269.45001220703125,269.510009765625,266.5899963378906,267.0299987792969,255.2570037841797,652100,-0.006843647358350857,20.166216709155897,0.0001613794826827929,0.010836939303943286,258.8526153564453,2.6160445726560972,264.0847045017575,253.62052621113313,0.00920397429569465,-0.010614272553616138,3.8270892850912643,256.7924000603169,-0.006843647358350857,-1.7589263916015625,45.519120829863745,3.91185415079309,-0.8174169560192837,13.421786717006139,6.076281800700394,6.003302975086588,15.669721282273255
1736,2019-11-22,269.8699951171875,270.2300109863281,264.80999755859375,266.2200012207031,254.48269653320312,616000,-0.0030334417449765505,17.782324973163117,0.0001254805878774524,0.020083794144587306,258.3473445347377,3.1004652365487533,264.54827500783523,252.1464140616402,0.0148590426434169,-0.018749759699652837,3.815480032692116,256.48443959003504,-0.0030334417449765505,-0.7743072509765625,35.40266703805578,3.404173055652336,-0.8845145883964531,13.244940621512276,3.8855210433228877,6.110139744872478,16.444971656355694
1737,2019-11-25,268.3599853515625,271.75,268.1300048828125,271.1499938964844,259.1954040527344,409800,0.018518773903813734,18.76154062233595,0.0001396807168744292,0.013489325215326566,258.54126630510603,3.1057417893453048,264.75274988379664,252.32978272641543,0.0022358255189557884,-0.0008569849504527146,3.886138044752057,256.84590151839495,0.018518773903813734,4.71270751953125,48.81350479691636,3.3435656971354035,-0.476134689786668,13.564450945172991,3.824073225393823,6.70788684115112,17.10084471760483
1738,2019-11-26,273.7200012207031,273.8399963378906,271.2099914550781,271.4700012207031,259.50128173828125,445600,0.0011801045881378869,18.534621469105677,0.00013632229881072727,0.009608376702774823,258.0633087158203,2.5382771552815258,263.13986302638335,252.98675440525727,0.00865846524411108,-0.0091699903347624,3.890724094088806,257.1999522143798,0.0011801045881378869,0.305877685546875,55.53746687699612,3.282378485781038,-0.4496288441145281,13.873829432896205,3.8555257098511966,6.45488080343071,18.010978854818404
1739,2019-11-27,271.20001220703125,271.6499938964844,270.0799865722656,271.4800109863281,259.5108337402344,383300,3.6809074271726416e-05,18.293793103165306,0.00013280272464341987,0.00578911229185426,257.7915584019252,2.199033466921735,262.1896253357687,253.39349146808175,0.0006267806139569302,-0.004129887847905439,3.8908673080409564,257.5080697511604,3.6809074271726416e-05,0.009552001953125,58.12473799305559,3.1977957478582937,-0.44880111492213265,13.75028555733817,3.595630769119393,6.530411101426875,18.725860327959175
1740,2019-11-29,273.42999267578125,273.42999267578125,270.42999267578125,270.6199951171875,258.6887512207031,267600,-0.0031678158005308266,18.339065686054994,0.00013346084533231715,0.010971729804188821,257.66455732073103,2.102222131481227,261.8690015836935,253.46011305776858,0.010276844654440289,-0.010971729804188821,3.8785417571047756,257.66549394709943,-0.0031678158005308266,-0.82208251953125,56.91734100136215,3.029505871883714,-0.5360104326168926,13.862345014299665,4.202561962909749,6.536176522176988,19.149901412196225
1741,2019-12-02,270.1099853515625,270.2099914550781,263.9200134277344,265.5899963378906,253.8805389404297,764600,-0.018586862619980216,18.89212953647724,0.00014163196762818857,0.02328672899358759,257.2166442871094,2.5498275324033464,262.3162993519161,252.1169892223027,0.01710412560710901,-0.022916486836914034,3.8064518342996125,257.16083327954345,-0.018586862619980216,-4.8082122802734375,48.01956904022967,2.4795694524301553,-0.8155545473927422,13.829259599958148,4.215988025229925,6.475385266960082,19.567940664113923
1742,2019-12-03,263.1400146484375,265.0,261.1099853515625,264.8399963378906,253.16358947753906,929800,-0.002823963844896582,14.895056093290865,8.804075238979397e-05,0.014783060089263389,256.91758510044644,2.9146392080547217,262.7468635165559,251.088306684337,0.0006080552299244355,-0.007714635493910634,3.79570255194221,256.6278674392762,-0.002823963844896582,-0.716949462890625,45.16027897469551,1.963257833853561,-0.5255543916375519,13.609989711216517,2.41624077733153,6.71254661827102,20.937411587171216
1743,2019-12-04,268.9599914550781,270.4100036621094,268.1400146484375,269.760009765625,257.86669921875,447100,0.018577354472327112,15.547339292359535,9.592053931418503e-05,0.0084398761369347,257.40101405552457,2.717441832287434,262.8358977200994,251.9661303909497,0.0024166936240884638,-0.003048694351172963,3.8662166637211572,256.79304500987274,0.018577354472327112,4.7031097412109375,49.74202624226465,1.91154372077645,-0.2145026874395755,13.792041233607701,2.417967380315403,7.109175922340137,22.436059893748745
1744,2019-12-05,272.80999755859375,275.17999267578125,271.3999938964844,273.8399963378906,261.76678466796875,639200,0.015124424600131414,16.361612327926213,0.00010623109443228042,0.013855792724330098,257.7683541434152,3.1411910445028117,264.05073623242083,251.48597205440956,0.004911830027793693,-0.005168445712135371,3.9246909661393796,257.4562102976189,0.015124424600131414,3.90008544921875,55.88996911815167,2.1603609190636917,0.043439034580474836,14.14010511125837,4.037311337519753,6.997551088268551,23.07187979526305
1745,2019-12-06,280.79998779296875,281.9700012207031,278.6000061035156,280.0899963378906,267.74127197265625,724600,0.022823702832525772,17.51878043420175,0.00012178875710387686,0.012001407634220293,258.94549560546875,4.932188576016632,268.80987275750203,249.0811184534355,0.006695174375144953,-0.007834692966849953,4.014266946460043,258.82755185429056,0.022823702832525772,5.9744873046875,57.13092179622965,2.8072809486476444,0.3178946105646918,14.320189339773995,3.9031896933748462,9.183593449279005,24.35164659971428
1746,2019-12-09,282.1199951171875,282.5,277.42999267578125,277.5199890136719,265.2845764160156,427200,-0.009175632649162546,17.829861216808247,0.0001261523615121597,0.01797110241020939,259.7703159877232,5.493343586734156,270.7570031611915,248.7836288142549,0.017652102199489685,-0.016624140516726255,3.97743350760365,259.6884884625206,-0.009175632649162546,-2.456695556640625,55.47746769070816,3.0861596060695433,0.19516541400583243,14.418453761509486,3.8548453861131127,9.156514940132155,25.282520618766913
1747,2019-12-10,277.8900146484375,280.2799987792969,277.2300109863281,279.1099853515625,266.8044128417969,380000,0.005729079490086386,17.841750452987885,0.00012632065842329085,0.010975521365268671,260.929696219308,6.05475764900326,273.0392115173145,248.8201809213015,0.004210347137570147,-0.002375053536717952,4.000220540335245,260.63727837975745,0.005729079490086386,1.51983642578125,60.3165233059856,3.3907248832450136,0.26621896168969394,14.644776480538505,3.8209961183700347,9.076111890267022,26.687351623110153
1748,2019-12-11,278.44000244140625,284.3599853515625,278.44000244140625,284.0400085449219,271.5171203613281,465600,0.01766352913482616,18.550677568683227,0.00013655858661001848,0.02126125146620061,263.449207850865,6.297193828984338,276.0435955088337,250.8548201928963,0.0011491768561809274,0.0,4.070878552395186,262.0879239773002,0.01766352913482616,4.71270751953125,69.50367272822797,3.9666461431799007,0.44761871009744625,15.01144300188337,5.0814562551453974,8.767885146334587,26.263519404735014
1749,2019-12-12,281.70001220703125,287.2799987792969,281.29998779296875,287.239990234375,274.57598876953125,856800,0.011265839900380659,18.767310267001086,0.00013976664073725553,0.021228295091209312,266.5081220354353,5.6338340569740835,277.77579014938345,255.24045392148713,0.00014202535743048286,-0.0014200369070928827,4.116740418420363,263.752999282931,0.011265839900380659,3.058868408203125,75.10558078055021,4.616674853547636,0.5145585215366298,15.244928632463727,5.464121689354052,8.723142647073887,25.330785910753622
1750,2019-12-13,288.5299987792969,291.8299865722656,287.1099853515625,289.8900146484375,277.1091613769531,723000,0.009225761577965619,18.786467644785475,0.0001400521295907028,0.016358788481864447,269.25704520089283,5.404509134751563,280.06606347039593,258.44802693138973,0.006723640287095601,-0.004921545190247532,4.154720483999084,265.5338208954673,0.009225761577965619,2.533172607421875,78.11834657034782,5.275421374757741,0.5208064905481938,15.40785653250558,4.988237109293471,10.52000275405589,25.473669988270462
1751,2019-12-16,291.2300109863281,293.95001220703125,291.2300109863281,292.9700012207031,280.0533752441406,552800,0.010624743882727383,18.87890778470113,0.00014143379331081293,0.009339700985798529,271.8694152832031,5.596691155624622,283.0627975944524,260.6760329719539,0.0033650755394646877,0.0,4.198863325045895,267.4697614752904,0.010624743882727383,2.9442138671875,77.11232267231756,5.966280622948602,0.5768384409656334,15.377395629882812,4.918626392150011,11.413378760178688,25.959149158887755
1752,2019-12-17,296.9800109863281,297.0899963378906,293.05999755859375,294.8399963378906,281.8409423828125,401100,0.006382951596686004,18.059762196076477,0.00012942659149953675,0.013569932757132268,273.88365391322543,6.349900209764349,286.5834543327541,261.18385349369674,0.007576267481866252,-0.013199586782676893,4.225664466410763,269.3859189296267,0.006382951596686004,1.787567138671875,77.96124678285196,6.5821582601096225,0.5761798416105948,15.548254830496651,5.926527115507991,9.711264084730535,26.5125296839116
1753,2019-12-18,294.8299865722656,295.6600036621094,291.9100036621094,292.1600036621094,279.27911376953125,478500,-0.009089625487419872,18.32595075781983,0.00013327002824525266,0.01271919469114394,275.88287353515625,5.309050380008113,286.50097429517245,265.26477277514005,0.011871248378401011,-0.009903954967757441,4.187254758975592,270.7050115749473,-0.009089625487419872,-2.56182861328125,73.25690023365794,6.785310727365925,0.504978401059209,15.667565482003349,5.693010589590248,9.697826614858645,27.082322336389318
1754,2019-12-19,290.6499938964844,291.8299865722656,289.1400146484375,291.82000732421875,278.9540710449219,410100,-0.0011638633488274541,18.023526921239277,0.00012890774709549071,0.009255021435803519,277.6185389927455,3.5365274668621733,284.69159392646986,270.5454840590212,3.433424481828522e-05,-0.0051951807319998,4.182381366629417,271.8048861709439,-0.0011638633488274541,-0.325042724609375,74.12378564417259,6.841220953283198,0.49594442036551534,15.569830758231026,5.679961347543069,9.675597728255084,28.29263808720256
1755,2019-12-20,292.75,294.3599853515625,292.30999755859375,293.5899963378906,280.6461181640625,824600,0.006065683547124667,17.368132004638817,0.00011970317830577726,0.0070025202150939365,278.9226815359933,2.4178355008232164,283.7583525376398,274.08701053434686,0.002630193044139624,-0.00150299723793766,4.207750368472782,272.98371710335977,0.006065683547124667,1.692047119140625,84.41490257106904,6.942040747157989,0.542971841223824,15.847307477678571,5.626807231957281,10.579305378751117,29.71908072324778
1756,2019-12-23,295.5,297.4200134277344,295.45001220703125,296.1400146484375,283.0836486816406,424900,0.00868542395499361,16.94584202608697,0.00011395300078297417,0.006666670797641709,280.1380615234375,1.9644948900514547,284.0670513035404,276.2090717433346,0.004331637154980965,-0.0001691634279822335,4.244296464319748,274.33037464713055,0.00868542395499361,2.437530517578125,86.84083655959475,7.13636591758285,0.5103700360728628,16.251195635114396,5.552276323542406,11.410984403517089,31.33496067670446
1757,2019-12-24,293.989990234375,295.19000244140625,291.29998779296875,294.92999267578125,281.927001953125,219500,-0.004085883214739794,17.012446581814405,0.00011485053122979691,0.01323179284211785,280.8263244628906,1.520173876296936,283.86667221548447,277.7859767102968,0.0008844170694985729,-0.009149979695777136,4.226954764637805,275.3432582879298,-0.004085883214739794,-1.156646728515625,82.46064331039207,7.115020760312348,0.4045734110229128,15.884048461914062,5.3771481495493365,11.51312958838988,32.00508626213921
1758,2019-12-26,295.0400085449219,296.54998779296875,294.2300109863281,296.3399963378906,283.2748107910156,191300,0.004780701488517725,16.281077539875746,0.00010518789121406588,0.007863261725358148,281.2865295410156,1.7214666949909345,284.7294629309975,277.84359615103375,0.000711738913355381,-0.0027453821011885655,4.247162573573005,276.4007986216746,0.004780701488517725,1.347808837890625,81.16341653010817,7.124732002962787,0.29939569458845866,15.691883632114955,5.421918053573467,11.486196143937232,32.409111725751345
1759,2019-12-27,297.45001220703125,298.5,296.1499938964844,296.6700134277344,283.59027099609375,317000,0.0011136189772653626,16.282693470648734,0.00010520877248377241,0.007900507672126007,281.5364336286272,1.9297397153260174,285.3959130592792,277.6769541979752,0.006152249107967483,-0.004370543813062734,4.251892294414468,277.35939493826385,0.0011136189772653626,0.315460205078125,77.46848217251396,7.076311915951976,0.2990250726353169,15.336310250418526,6.024889227696179,10.49723497252141,32.49758051971814
1760,2019-12-30,296.4200134277344,296.70001220703125,293.6499938964844,294.8900146484375,281.8888244628906,338900,-0.005999664682525552,16.61212266751638,0.0001095089760002425,0.010289515459085064,281.9092494419643,1.6532350686116228,285.2157195791875,278.60277930474103,0.006106192148307887,-0.00934491399287827,4.226382366381767,277.96331887488077,-0.005999664682525552,-1.701446533203125,79.55104878393205,6.822006290534716,0.21903224649377667,15.21852547781808,6.006746475867139,10.465624643799998,32.40645327004171
1761,2019-12-31,294.9800109863281,296.489990234375,293.3599853515625,295.94000244140625,282.8924255371094,298900,0.0035602726576018373,16.40866437351711,0.00010684296290584491,0.01061090503165508,282.4718715122768,1.0341556838167731,284.54018287991033,280.4035601446432,0.0018644917366764933,-0.005491984454637201,4.241429439961366,278.6205330965113,0.0035602726576018373,1.00360107421875,79.16826200598888,6.625079674939968,0.2219553159315165,15.190364292689733,5.4373796989224,10.443307204724906,32.872705756233735
1762,2020-01-02,301.2699890136719,303.32000732421875,300.6099853515625,302.8299865722656,289.47869873046875,573600,0.023281900110455167,15.424851923628868,9.441510193090349e-05,0.008995326688624359,283.7336687360491,2.6151543807159516,288.963977497481,278.5033599746172,0.0016265169775370074,-0.002190738162371107,4.34017797650809,280.0682885143723,0.023281900110455167,6.586273193359375,80.49347869111678,6.920693667605917,0.37142160232387966,15.3955078125,5.290063433229677,12.365826729592708,33.77475509746172
1763,2020-01-03,298.0400085449219,300.75,297.6600036621094,297.95001220703125,284.8138122558594,410800,-0.016114783212262562,17.021304652383428,0.00011497016351954337,0.010367723289824318,283.9808349609375,2.625221913256191,289.23127878744987,278.73039113442513,0.009394670892135354,-0.0012750129912683318,4.270236949314026,280.70102501323726,-0.016114783212262562,-4.664886474609375,66.48203338334841,6.701304072231665,-0.14165144868874371,15.074680873325892,5.287621078087882,12.360117584347709,33.4420249314749
1764,2020-01-06,293.1700134277344,295.7200012207031,292.42999267578125,295.5799865722656,282.5483093261719,617600,-0.007954329573217178,16.969487651615434,0.00011427123458663816,0.011222186425054872,284.06959315708707,2.553738896586648,289.1770709502604,278.96211536391377,0.00047758857326659444,-0.00252420342483471,4.236270077263453,280.9473295882952,-0.007954329573217178,-2.2655029296875,58.83269469790529,6.272325619103185,-0.46485957172064996,14.621265956333705,5.391560502593524,10.423503867625167,32.61235605349479
1765,2020-01-07,298.6700134277344,301.2200012207031,297.4100036621094,298.7900085449219,285.6168518066406,477700,0.01086024010473352,16.692480502340203,0.00011057099417500294,0.01275654530854203,284.40417044503346,2.5854796685712196,289.5751297821759,279.233211107891,0.008136045021370069,-0.004218735423634584,4.282276987451032,281.56993255074127,0.01086024010473352,3.06854248046875,58.99825863083369,6.109535910745308,-0.24846013128160982,14.752040318080358,5.59433100956986,10.379788816727329,32.761466447058574
1766,2020-01-08,300.6600036621094,303.19000244140625,299.94000244140625,301.8900146484375,288.58013916015625,536900,0.010375043821019947,15.454878344720191,9.478304152781771e-05,0.010809552186570337,285.1170087541853,2.9812621463431177,291.0795330468715,279.15448446149907,0.004323780273846184,-0.0023947356214107005,4.326705798849582,282.50462676532993,0.010375043821019947,2.963287353515625,60.500493570272425,6.14875737073686,-0.039483482190896375,14.79036385672433,5.6401289289572265,9.011148866742126,31.935715661030105
1767,2020-01-09,303.2799987792969,303.9100036621094,300.2699890136719,301.3800048828125,288.0926208496094,579700,-0.0016893688940814444,14.880797019850583,8.78722698198387e-05,0.012002158609498064,286.0032653808594,2.776763156894405,291.5567916946482,280.44973906707054,0.008342122096676766,-0.009924854186693156,4.3193963966591635,283.24969264323386,-0.0016893688940814444,-0.487518310546875,64.68154676269964,6.070524776205275,-0.07091364779341423,14.898278372628349,5.6891562282531405,8.995157719046434,31.06749488745539
1768,2020-01-10,300.04998779296875,300.510009765625,295.55999755859375,296.17999267578125,283.12188720703125,447700,-0.0172539429434847,16.57338096517826,0.00010899879230830658,0.016497291812745233,286.03604561941967,2.7349581232561038,291.50596186593185,280.5661293729075,0.014430985722390413,-0.014964140700025772,4.244869777680913,283.2326519184069,-0.0172539429434847,-4.970733642578125,56.012206578556956,5.543525902720432,-0.6485400709091129,14.888743809291295,5.735095997872597,9.067793353703731,30.19927411388067
1769,2020-01-13,298.67999267578125,301.6199951171875,297.5,301.45001220703125,288.1595153808594,405700,0.017793142817476237,16.588000404295563,0.00010919117357655134,0.013794011042647162,285.8475908551897,2.4929444643297267,290.83347978384916,280.86170192653026,0.0005691138152021029,-0.003950692060790756,4.3203993518767785,283.8895670467339,0.017793142817476237,5.037628173828125,59.88426292085572,5.469323039609208,-0.2490458731138297,15.109614780970983,4.4440342031919835,9.646964952297699,30.69002210520612
1770,2020-01-14,299.1499938964844,305.8999938964844,298.4700012207031,302.54998779296875,289.2110290527344,609600,0.0036490680187506452,16.31086708148381,0.0001055731686308856,0.024837014298426725,286.4757646833147,2.7316183976193167,291.93900147855334,281.0125278880761,0.011198416085125631,-0.0022730826998330128,4.336164782979943,284.5990953142006,0.0036490680187506452,1.051513671875,58.36597243981626,5.432739858123398,-0.14307930595531476,15.178656441824776,4.838872689945594,9.587750548839647,31.163641394684916
1771,2020-01-15,301.6000061035156,302.95001220703125,299.75,300.0799865722656,286.84991455078125,505300,-0.008163984996307327,16.52190072808959,0.00010832269986858999,0.010610119835120085,287.0902797154018,2.115108976295015,291.3204976679918,282.86006176281177,0.0095159999226942,-0.006133972367628743,4.300764398750179,284.8992045457447,-0.008163984996307327,-2.361114501953125,56.50743065528537,5.153815241611198,-0.41425965993407116,15.295272827148438,4.892247176883025,8.271962335520284,30.687625467214215
1772,2020-01-16,302.54998779296875,302.94000244140625,299.54998779296875,301.0799865722656,287.8058166503906,547500,0.0033324120075348684,16.215737125467765,0.0001043452898897909,0.011204808412543205,287.40298897879467,2.0206686025817278,291.44432618395814,283.3616517736312,0.006147796873862084,-0.009915716810581607,4.315096317674152,285.28675282636414,0.0033324120075348684,0.955902099609375,56.052087936097465,4.952805920476635,-0.3432944028455883,15.40006583077567,4.903800262097633,6.995551328477142,29.631038521188056
1773,2020-01-17,300.8999938964844,301.04998779296875,299.2699890136719,300.0400085449219,286.8117370605469,743900,-0.003453994090228174,16.189117552009204,0.0001040029869495127,0.005915582636765457,287.1503601074219,1.9585605455517527,291.0674811985254,283.23323901631835,0.0033565279778447854,-0.00541709842431321,4.300192000494141,285.4900840575885,-0.003453994090228174,-0.99407958984375,54.22631130115185,4.65957795606198,-0.41709392027368397,15.25856454031808,3.9634046524406696,7.080009260463756,29.8224139367065
1774,2020-01-21,298.1099853515625,301.25,297.4700012207031,298.3999938964844,285.2439880371094,573000,-0.005466125757282225,15.954858927922313,0.00010101489024202455,0.012679879792819098,286.74341256277904,2.024965493496761,290.79334354977254,282.69348157578554,0.009560250389313862,-0.002146805415137768,4.276686610238981,285.457271254858,-0.005466125757282225,-1.5677490234375,54.41720759131971,4.251677743257062,-0.5334821074572086,15.353458949497767,4.0191550675613765,7.0660806004861,29.892202452011
1775,2020-01-22,300.55999755859375,301.6600036621094,296.010009765625,296.25,283.18878173828125,1108600,-0.007205081912403877,16.19613540382146,0.00010409317540433272,0.018798223124762026,286.75296892438615,2.0050863084886097,290.7631415413634,282.7427963074089,0.01799974616068029,-0.01513836781317426,4.245872732898528,285.1548059859811,-0.007205081912403877,-2.055206298828125,50.37965241337896,3.7196975556172447,-0.686058656275134,15.483091081891741,4.099083117851405,6.980359695499036,29.891479981416325
1776,2020-01-23,296.92999267578125,297.1000061035156,291.55999755859375,294.32000732421875,281.3438415527344,713000,-0.006514877369866778,16.263743278840458,0.00010496402596826498,0.018657625304194268,285.77930123465404,2.7314926086075713,291.2422864518692,280.3163160174389,0.009362472124304277,-0.01808505455712254,4.218211392715633,284.6466773948816,-0.006514877369866778,-1.844940185546875,38.13766666755669,3.1133395299228823,-0.7124238922478096,15.017636980329241,4.1184038087663914,6.013625393674986,29.3269945731151
1777,2020-01-24,296.8900146484375,299.3299865722656,294.489990234375,295.8299865722656,282.7873229980469,977800,0.005130666579890031,16.074696856382346,0.00010253804723197935,0.016302321058597777,284.8616289411272,2.4510756859000677,289.76378031292734,279.9594775693271,0.01178887745397745,-0.008083883915410529,4.23985362893515,284.3987634753036,0.005130666579890031,1.4434814453125,46.73853891415605,2.7179425649174505,-0.6117626778862422,15.497268676757812,4.102720098507234,5.924747306299,28.547600938199864
1778,2020-01-27,287.1600036621094,288.6199951171875,283.7699890136719,284.2799987792969,271.7464904785156,889100,-0.03904288354399643,21.000420109783093,0.00017500700189975463,0.016889559972364566,282.70399693080356,5.346534361811158,293.3970656544259,272.0109282071812,0.01511351261506926,-0.011805316218154133,4.074317517457045,282.7117937423985,-0.03904288354399643,-11.04083251953125,36.44436104047305,1.496434741034136,-0.543312059749902,15.134874616350446,4.185203552784051,6.043861847824418,27.682928615104288
1779,2020-01-28,286.2300109863281,290.260009765625,285.1600036621094,290.17999267578125,277.3863830566406,1636100,0.02075424255965097,22.30662390762752,0.00019745455164934096,0.017817859440878926,281.2155064174107,5.135688900502414,291.4868842184155,270.9441286164059,0.0002795552065557935,-0.003738277899412369,4.158876891479384,282.0017389842975,0.02075424255965097,5.639892578125,40.297434628131164,0.9722655149813022,-0.2884593108241537,15.12357657296317,4.652752516271415,5.042047488905919,26.166234374393404
1780,2020-01-29,296.07000732421875,298.2900085449219,293.7099914550781,296.1400146484375,283.0836486816406,965500,0.020539096267882195,23.51063066479683,0.00021934514057797005,0.015469372028718497,280.68292236328125,4.626705822031055,289.93633400734336,271.42951071921914,0.007261775402092557,-0.007971141320492594,4.244296464319749,282.14599361060993,0.020539096267882195,5.697265625,43.912789263251106,1.0049943989572512,-0.031014016294424924,15.361467633928571,3.9642983240453527,7.611428491181566,26.37756177384134
1781,2020-01-30,290.7900085449219,294.70001220703125,290.5400085449219,294.3800048828125,281.4012756347656,794100,-0.0059430244548212,23.508811550817267,0.0002193111986237456,0.014305868633264022,280.1339634486607,4.203999300146332,288.5419620489534,271.72596484836805,0.0011004756518974913,-0.0008597269254572048,4.219072506638786,282.0466978804974,-0.0059430244548212,-1.682373046875,42.7805852657587,0.8849773624474437,-0.1070362790902923,15.096217564174108,3.98279153559682,7.646935344044406,26.588889173289274
1782,2020-01-31,288.0,288.25,280.1700134277344,280.6600036621094,268.2861633300781,1272600,-0.04660644225973509,28.45952011445472,0.0003214064623591476,0.028055508931477863,278.00501796177457,5.850259985079521,289.70553793193363,266.3044979916155,0.026354153951009113,-0.027187453375922307,4.022436547468489,280.2119599404415,-0.04660644225973509,-13.1151123046875,36.3860195257957,-0.2653580763595187,-0.46186782427175255,14.786403111049108,4.065610200123236,7.805946672469031,26.588155656378312
1783,2020-02-03,283.6300048828125,288.8500061035156,283.32000732421875,288.1600036621094,275.4554748535156,823200,0.026722628682929628,28.872193706949332,0.0003307950672427,0.019497227670188515,277.16382271902904,5.71186502514037,288.5875527693098,265.7400926687483,0.002432755454386212,-0.0010929646132532126,4.129926625727135,279.5777619288514,0.026722628682929628,7.1693115234375,38.78107071478005,-0.591683121117967,-0.18323133124584876,14.933955601283483,4.063844474902714,6.495752783386164,25.7764593121214
1784,2020-02-04,294.9100036621094,299.260009765625,294.2300109863281,299.2300109863281,286.0374450683594,795300,0.038416263900621805,31.611066158955754,0.0003965315490896337,0.017056046647573046,277.6281258719308,6.342459941778523,290.31304575548785,264.9432059883738,0.0001017218097872524,-0.0023057633425020937,4.2885829768712735,280.4390530141191,0.038416263900621805,10.58197021484375,47.60119359026526,0.003537708487499458,0.2575694449096061,15.367102486746651,3.9077402425982255,9.590024601030622,25.87274640634689
1785,2020-02-05,307.3500061035156,307.3500061035156,303.04998779296875,306.32000732421875,292.8147888183594,1042000,0.023693903951562456,32.44795974544149,0.00041780559192134537,0.013990623800731686,280.6378827776228,7.89505571867848,296.4279942149798,264.8477713402658,0.003351224203164554,-0.013990623800731686,4.390196250013568,282.08915112135116,0.023693903951562456,6.77734375,54.22648293530783,1.010481304805353,0.4652236496697858,15.908072335379464,3.786957673286128,11.913281385821312,26.822357298394746
1786,2020-02-06,307.5299987792969,309.6099853515625,306.6199951171875,309.54998779296875,295.9023742675781,698000,0.010544499687596298,32.437158032258125,0.00041752746873400284,0.009722596970192841,283.2830243791853,9.552019508733817,302.38706339665293,264.17898536171765,0.00019509497880500456,-0.002959072824509883,4.436488673000322,283.9309142075148,0.010544499687596298,3.08758544921875,55.568690337259774,2.034184884139563,0.5343877664200587,15.958437238420759,2.1654410487935887,13.04634274818477,28.801969605130722
1787,2020-02-07,304.6700134277344,305.6300048828125,303.20001220703125,304.9700012207031,291.5243225097656,1775900,-0.014795595231870351,32.777311042985545,0.00042633020603516744,0.00797581832370788,284.4888349260603,10.042807134586774,304.57444919523385,264.40322065688673,0.0021662901927364223,-0.004824896300639049,4.370848182343831,284.9433686478149,-0.014795595231870351,-4.3780517578125,53.09707961328923,2.4638039598136174,0.38567662738975983,15.70725577218192,2.2174014618651916,12.58560067172884,31.041627902938163
1788,2020-02-10,304.0400085449219,309.70001220703125,304.0,309.67999267578125,296.02667236328125,373000,0.015444165395032572,33.15593387894317,0.0004362364886447822,0.018747572841845497,286.5781773158482,10.787176490731717,308.15253029731167,265.0038243343848,6.584505554321519e-05,-0.0001315897375261511,4.438352284588527,286.42114247654376,0.015444165395032572,4.502349853515625,56.82312633270598,3.131484375396383,0.5369678154766395,15.974214826311384,3.214017008634787,12.477002385191438,32.78066813209941
1789,2020-02-11,313.0400085449219,316.2699890136719,313.010009765625,316.010009765625,302.07757568359375,789900,0.020440399076225413,33.040018268370346,0.0004331915901485102,0.010413938024088258,291.40552193777904,8.570198765367614,308.5459194685143,274.2651244070438,0.000830498469685441,-9.583049603249073e-05,4.529073976526393,288.50866690415046,0.020440399076225413,6.0509033203125,61.377227017357335,4.101602522839187,0.60685809062966,16.247593470982142,3.1395198227258017,14.856385465808003,34.808986183401906
1790,2020-02-12,315.6300048828125,317.7099914550781,315.25,317.44000244140625,303.444580078125,656100,0.004525342178868241,32.623677230922326,0.00042234298256642826,0.00779390874448541,295.40396554129467,6.045823647091746,307.49561283547814,283.3123182471112,0.0008553971723065963,-0.0012039567751284885,4.5495695860235825,290.50012199401374,0.004525342178868241,1.36700439453125,63.38895386393646,4.923973472988166,0.6199941468649145,16.370535714285715,3.166394946924401,15.073171069669039,36.15927867873623
1791,2020-02-13,314.95001220703125,318.3699951171875,314.0199890136719,317.25,303.26287841796875,742200,-0.0005987968547979117,32.64074218084007,0.0004227849405222506,0.01381173498941211,297.86474173409596,5.015887607829062,307.8965169497541,287.83296651843784,0.003556104377767972,-0.002952923185626129,4.546845318064787,292.2018228505411,-0.0005987968547979117,-0.18170166015625,62.59697774520101,5.4976728203233165,0.6045255512939219,16.151912144252233,2.1027283010486335,15.200996709505368,38.196363244037435
1792,2020-02-14,317.3699951171875,319.2200012207031,314.510009765625,316.29998779296875,302.35479736328125,661400,-0.0029943693056818654,32.477360727421214,0.0004185630792932703,0.014840695489625542,299.22760009765625,4.701270495557183,308.63014108877064,289.82505910654186,0.009200660026654922,-0.009011517772833134,4.533230384006691,293.5555527855731,-0.0029943693056818654,-0.9080810546875,71.51304480625083,5.812061309510284,0.5681124422666636,16.875087193080358,2.3431344220807238,14.717057671563191,40.427670800341225
1793,2020-02-18,307.3999938964844,310.2099914550781,306.8900146484375,309.17999267578125,295.5487060546875,757100,-0.0225102805311741,33.628422727510895,0.00044875825997625835,0.0108001850115801,299.1770760672433,4.744662465149776,308.6664009975429,289.68775113694375,0.0033506792444625835,-0.0016590086472760578,4.431186096350258,293.8213065547884,-0.0225102805311741,-6.80609130859375,62.559495546143474,5.449206701669141,0.3938206769355809,16.113778250558035,2.402334780086768,15.08889083433089,43.044445785803056
1794,2020-02-19,311.1499938964844,317.6300048828125,311.0,317.3900146484375,303.3967590332031,1093900,0.026554178102419,34.66437077614113,0.00047683277829594717,0.02130806689013858,300.8731384277344,3.51604953644026,307.9052375006149,293.8410393548539,0.0007713007844533067,-0.0004820629902833167,4.548852601157705,295.09803355191036,0.026554178102419,7.848052978515625,63.641028751866976,5.728875190089184,0.5947952078400113,16.19789777483259,4.5553569296095375,14.69058260808528,44.208266919995
1795,2020-02-20,315.8500061035156,316.5799865722656,310.44000244140625,313.4700012207031,299.6495666503906,1118400,-0.012350798982669442,34.95478049221048,0.00048485582510262605,0.019439556790279363,301.3906947544643,2.895671159312935,307.18203707309016,295.5993524358384,0.009846399529728817,-0.017128394989919103,4.492670637079013,295.70490463170773,-0.012350798982669442,-3.7471923828125,61.923753066882774,5.583781021531934,0.4988363460170836,16.30981663295201,4.512528268497079,14.745863752134863,45.42972785273959
1796,2020-02-21,310.20001220703125,310.8299865722656,304.7300109863281,306.0,292.5088806152344,1134600,-0.023830123016621907,36.00004244266587,0.0005142869269340251,0.019664652952580488,300.0237383161272,4.390222022481785,308.8041823610908,291.2432942711636,0.015570555713073388,-0.017633787896347276,4.385609743124255,295.27876809617794,-0.023830123016621907,-7.14068603515625,67.16795102398189,4.836843045965679,0.25595751680379747,16.531276157924108,4.459602356577617,14.981038149133713,46.768547849690826
1797,2020-02-24,289.04998779296875,295.2300109863281,288.2699890136719,290.3999938964844,277.5967102050781,1347400,-0.050980231365254536,40.32759933585319,0.000645363201663931,0.024078956120355717,296.3311854771205,9.232813788252455,314.79681305362544,277.8655579006156,0.016709971609835308,-0.0026984909608629595,4.1620303437420665,292.92116037736463,-0.050980231365254536,-14.91217041015625,51.36751670317847,3.0069396643447703,-0.34485539899622353,15.559574672154017,4.556075077013316,15.305116708081071,48.455003899116605
1798,2020-02-25,295.54998779296875,295.92999267578125,284.44000244140625,284.5899963378906,272.0428466796875,1166700,-0.020006950087008035,40.835824856369605,0.0006617319808333702,0.038876639177612415,291.87118094308033,12.343032137595829,316.557245218272,267.1851166678887,0.03836913147103303,-0.03759088414967213,4.078760810394206,290.13738521767436,-0.020006950087008035,-5.553863525390625,40.44881757580024,1.0959443158715771,-0.3564449740319794,15.168770926339286,4.768762066890478,14.37775188665901,49.97958797755423
1799,2020-02-26,289.45001220703125,292.30999755859375,285.5899963378906,286.32000732421875,273.69659423828125,861100,0.0060789966682746055,38.53929737970109,0.0005893958105242204,0.02321644822006984,287.7771519252232,13.020397635692614,313.81794719660843,261.736356653838,0.020694385841278237,-0.013335690814826155,4.103555583771281,287.9452797537553,0.0060789966682746055,1.65374755859375,35.970867937846464,-0.28184077373805394,-0.30889616389291297,15.094098772321429,4.563965355186335,14.10243885077075,51.54765087421195
1800,2020-02-27,278.8599853515625,286.8500061035156,275.8699951171875,277.2300109863281,265.00732421875,1373900,-0.03174781930960502,39.36642617276049,0.0006149664720696039,0.03937463803738453,283.41409737723217,14.95548290105983,313.32506317935184,253.50313157511252,0.03449758166292465,-0.010722191750119615,3.9732766425707897,284.8868856824213,-0.03174781930960502,-8.68927001953125,29.0511260054174,-2.0512513067710074,-0.2505806082817726,14.833971296037946,4.142083573535958,14.330980639360948,53.9828852583452
1801,2020-02-28,267.80999755859375,277.4599914550781,265.9800109863281,276.7099914550781,264.5102233886719,1647400,-0.0018758003445512594,38.51482221921301,0.0005886474327688823,0.042866138581097266,277.858877999442,13.44138671785812,304.7416514351582,250.97610456372573,0.002800492912277887,-0.006833152566924784,3.965823568875658,282.169997376588,-0.0018758003445512594,-0.497100830078125,30.66505206818009,-3.453820294233026,-0.027606834471341903,15.028616768973214,4.250691993704096,12.053951316480562,54.76157180952429
1802,2020-03-02,279.6199951171875,287.489990234375,275.4700012207031,287.489990234375,274.8149719238281,1081300,0.038957845950681635,41.1264617562722,0.0006711848637262377,0.042986872267966214,274.3110787527902,9.401669685458792,293.11441812370776,255.50773938187263,0.0,-0.014841549134371206,4.120323512539499,281.18932731622004,0.038957845950681635,10.30474853515625,35.98233657235443,-3.691308132953111,0.16594595338215534,15.37176513671875,7.111944959654758,11.643437005162205,54.41177737406218
1803,2020-03-03,292.92999267578125,296.8500061035156,282.2200012207031,284.29998779296875,271.7656555175781,1916300,-0.011095888935393261,37.85300826306513,0.0005685913629220939,0.04994369046738475,271.34776088169644,4.9023595412893,281.152479964275,261.5430417991179,0.04284306361362389,-0.03656160762934263,4.074604860466471,279.9328377430678,-0.011095888935393261,-3.04931640625,29.140981254496737,-4.0785582255206805,0.10867102916022764,15.499744960239955,9.519044603243358,11.176015421587238,53.292724759865415
1804,2020-03-04,292.3900146484375,301.989990234375,289.9800109863281,301.6099853515625,288.3124084472656,1289500,0.06088610754796875,42.37152301684658,0.000712438874113952,0.041075203140871194,272.87857491629467,7.921962431015672,288.722499778326,257.03465005426335,0.0012996506849572427,-0.008242428063102988,4.322691690216309,281.05011383696086,0.06088610754796875,16.5467529296875,41.386394265228,-3.0155111045028207,0.4194665957417538,16.542024884905135,9.26165898815111,12.164137014544977,52.841121852151076
1805,2020-03-05,291.0400085449219,295.94000244140625,286.0400085449219,288.25,275.54150390625,1453900,-0.04429536907479825,43.21955831516371,0.0007412421511737443,0.03401592085562462,273.37838309151783,7.970665218856005,289.31971352922983,257.43705265380584,0.02642249249459908,-0.017179768599505978,4.1312164664016136,280.3156325128661,-0.04429536907479825,-12.770904541015625,36.19838070951227,-3.1670362453875214,0.1795923116783066,16.18306623186384,9.636698114607753,9.479424340302907,50.875634382794324
1806,2020-03-06,284.4599914550781,288.239990234375,281.2900085449219,288.1099853515625,275.4076232910156,1148400,-0.0004858818484199112,42.249536479612416,0.0007083425923579761,0.024432193975336827,273.62281581333707,8.00819736427771,289.6392105418925,257.60642108478163,0.00045702343639784,-0.011143862073330806,4.129209183308696,279.66123128328604,-0.0004858818484199112,-0.133880615234375,36.47960238312885,-3.2603408778328458,0.18252881740087104,15.950306483677455,9.884669706806658,7.088640990328504,49.19534173016749
1807,2020-03-09,265.45001220703125,276.3699951171875,263.8599853515625,263.9100036621094,252.27464294433594,1759600,-0.08399542492778311,50.44729556783145,0.0010098927103603756,0.04712755392856461,271.80386134556363,11.129128238462581,294.0621178224888,249.54560486863846,0.04693912556824544,-0.005989929487095474,3.7823745033409777,276.00968617142604,-0.08399542492778311,-23.132980346679688,31.34427737524551,-5.1416538696224166,-0.2154610042589515,16.282793317522323,10.012841403951635,6.1002948185406005,46.94545093745108
1808,2020-03-10,277.989990234375,280.3500061035156,265.0,279.760009765625,267.42578125,1699200,0.06005811019622431,55.42341800195526,0.0012189505011981979,0.05521783748606899,272.2203696114676,10.862021365111753,293.94441234169113,250.4963268812441,0.0021223654038521156,-0.04672826609124689,4.009536768066019,274.8651655152359,0.06005811019622431,15.151138305664062,35.41130640864486,-5.348384880178173,0.06763649119638512,16.710940769740514,10.627158061468895,5.779426132537316,45.01717884309697
1809,2020-03-11,272.510009765625,274.3299865722656,260.55999755859375,264.1400146484375,252.49447631835938,1175900,-0.05583345353558966,57.800215197343384,0.0013257400304996845,0.05053021364431675,269.031727382115,13.032701683336017,295.09713074878704,242.96632401544295,0.03739301882008706,-0.043851644999422144,3.785670483226967,271.88240695565236,-0.05583345353558966,-14.931304931640625,32.466037392853735,-6.640504613705389,-0.1604440621230453,16.752852303641184,9.581391767496509,5.853354984564128,43.35621974621459
1810,2020-03-12,245.4199981689453,254.86000061035156,237.5500030517578,240.75,230.1356964111328,2779800,-0.08855156054596358,63.36546385593621,0.00159332619431665,0.07053213954747761,263.08459036690846,19.480570108457798,302.045730583824,224.12345014999286,0.05749327974747332,-0.032067456506824084,3.450443454224427,266.31617888304976,-0.08855156054596358,-22.358779907226562,29.165318952368025,-9.360780242387762,-0.11505754368965833,17.19067927769252,9.663694978470284,3.2651527388750474,42.612501657948705
1811,2020-03-13,257.05999755859375,257.8599853515625,233.83999633789062,256.95001220703125,245.62144470214844,2637200,0.06728964055776321,68.92644927122691,0.0018852600829916734,0.09344117809771942,256.98588126046315,16.758652255680758,290.50318577182463,223.46857674910163,0.003539925127105132,-0.09032911165188354,3.6826225540240753,263.5568809922629,0.06728964055776321,15.485748291015625,39.35998799278064,-10.15004441552071,0.17287526660901986,18.673841203962052,10.18167711807895,2.5199650543578738,42.376345020950765
1812,2020-03-16,220.64999389648438,248.2100067138672,209.6199951171875,229.36000061035156,219.2478790283203,1496800,-0.10737484956091636,76.74602146081313,0.002337282464310948,0.17489242086625112,248.94393484933036,19.630970084302472,288.2058750179353,209.6819946807254,0.08542944312230032,-0.04998866568956935,3.287201511296103,257.64901406373724,-0.10737484956091636,-26.373565673828125,34.57002497982269,-12.756617944912904,0.10423172480325626,20.120750427246094,9.368017978170903,2.361885882913841,41.61599147539424
1813,2020-03-17,231.5500030517578,239.97999572753906,225.02000427246094,238.33999633789062,227.83193969726562,1642500,0.03915230882501031,78.88015531718268,0.002469078929707486,0.06460803825484794,242.14740862165178,17.001421855844093,276.15025233333995,208.1445649099636,0.007082700790471821,-0.028201246785720144,3.4159030400364085,253.6734041482077,0.03915230882501031,8.584060668945312,37.1173613929121,-13.968662247114423,0.1971629916941436,20.15396227155413,9.028417500455847,6.3636100377039995,38.986559796485786
1814,2020-03-18,213.36000061035156,226.2899932861328,191.25,196.99000549316406,188.30502319335938,3131900,-0.17349155064223265,96.696629329312,0.003710411953829508,0.164229439378961,233.00889151436942,25.645481082976534,284.2998536803225,181.71792934841636,0.1373265265708253,-0.10362767410527864,2.8232727247769756,244.9576200208946,-0.17349155064223265,-39.52691650390625,31.63674169888091,-17.912226908727888,-0.0265936162754552,21.827428545270646,8.396983317124494,5.91854855190165,36.35712811757733
1815,2020-03-19,205.80999755859375,219.24000549316406,200.58999633789062,214.02999877929688,204.59375,1634600,0.08650181779757782,102.34927113271092,0.004156894167221101,0.0906176054443799,224.0328870500837,22.379535201722415,268.79195745352854,179.27381664663886,0.025314643485110134,-0.025363205299183775,3.0674909476085044,239.57577068477534,0.08650181779757782,16.288726806640625,36.66382057243853,-19.498400765488185,0.1204962179584692,23.147593906947545,6.451434243597765,8.019611562389404,34.365462592907086
1816,2020-03-20,225.14999389648438,237.32000732421875,215.58999633789062,216.10000610351562,206.57247924804688,2316700,0.009671503885367416,102.74593584564616,0.004189177513014933,0.09651348689939906,217.47260175432478,19.142465662656722,255.75753307963822,179.18767042901135,0.09424828690183885,-0.04246057214191657,3.097158198226629,235.1753318265449,0.009671503885367416,1.978729248046875,34.225970205433356,-20.361078225892186,0.1383644626987749,23.84377179827009,10.28146891490066,7.662714726147632,32.53007542179846
1817,2020-03-23,225.3300018310547,235.3000030517578,222.6699981689453,233.14999389648438,222.8707733154297,1731500,0.07889867094934866,107.73490367763256,0.004605876773979669,0.056051146230771696,216.43475559779577,18.528583176988278,253.49192195177233,179.37758924381922,0.00954160181867591,-0.011804924512909567,3.3415198637865897,233.53472402506287,0.07889867094934866,16.298294067382812,39.35038715985132,-19.504781231079704,0.28554069084263134,24.32180677141462,9.886427783503285,8.918590623973104,30.197973860753173
1818,2020-03-24,254.3300018310547,260.5299987792969,250.8000030517578,260.2099914550781,248.73773193359375,1427600,0.1160625874508654,115.12899906167478,0.005259796200374249,0.038257365066990665,216.87993948800224,19.365271775714586,255.61048303943141,178.14939593657306,0.0012582366292409465,-0.013879600337681625,3.7293453051961247,235.56179174620033,0.1160625874508654,25.866958618164062,41.716688906106974,-16.54815547664569,0.5491234176421855,24.852870396205358,9.263706651053033,14.128440160171223,28.611098142645336
1819,2020-03-25,260.6700134277344,272.3399963378906,251.9499969482422,262.07000732421875,250.5157012939453,1211300,0.007147968048636155,114.99674453707445,0.005247718751636968,0.07822149974799907,221.34677124023438,23.22416750917033,267.79510625857506,174.89843622189372,0.03939842898929772,-0.0334523191403051,3.7560025462799977,237.55564635256633,0.007147968048636155,1.7779693603515625,44.50921353066303,-13.901295515204708,0.6110496676072504,25.83160400390625,11.419762473787133,13.977335383387535,26.70079846843984
1820,2020-03-26,262.8900146484375,277.1400146484375,261.6099853515625,275.8999938964844,263.7359619140625,1018600,0.052772183746698786,116.50375013367547,0.0053861602361943975,0.05907424562185555,226.47591727120536,28.304301327951666,283.0845199271087,169.86731461530204,0.004716880379087062,-0.004869067768080814,3.954215002805354,241.04635509409917,0.052772183746698786,13.220260620117188,47.57824662565919,-10.614517826257782,0.8135348703551033,26.82630593436105,11.274280423941976,15.504639921250638,25.019734912881052
1821,2020-03-27,262.2099914550781,263.7099914550781,251.80999755859375,252.6199951171875,241.4823455810547,1518300,-0.08437839182606077,119.7429279301534,0.005689828884637266,0.04538344946524696,234.0726776123047,22.98913223002239,280.05094207234947,188.0944131522599,0.042294331639877905,-0.03966284365737491,3.620564699934156,241.10448715902658,-0.08437839182606077,-22.253616333007812,47.75250436353856,-9.693661192522114,0.5637748837266653,26.784588405064174,11.302080780479743,15.542871586739915,23.145540819129206
1822,2020-03-30,263.57000732421875,270.1300048828125,260.69000244140625,268.0299987792969,256.2130126953125,1142400,0.06100101056585694,121.69101952188039,0.005876469933442331,0.0358159205489343,241.44685799734933,20.04802032660102,281.54289865055136,201.3508173441473,0.007967545794891591,-0.010926906714654343,3.841422805449208,243.11895723053138,0.06100101056585694,14.730667114257812,47.66084477487653,-7.686627294383612,0.7563511656298721,26.82546670096261,10.945963269028335,16.780827143629104,21.868636735883857
1823,2020-03-31,268.1199951171875,268.5899963378906,259.0,261.6400146484375,250.1046600341797,881800,-0.023840915013933484,121.19077470794912,0.005828255505679713,0.03576755375405372,247.66574096679688,12.90705504327119,273.47985105333925,221.8516308802545,0.025921161480013787,-0.034014602727414696,3.7498397708119073,244.05038427101783,-0.023840915013933484,-6.1083526611328125,49.48239356860484,-6.5138439420933025,0.685232855938864,26.72596631731306,9.18397839202277,17.134287004227854,22.156603789806002
1824,2020-04-01,253.1300048828125,257.67999267578125,247.3800048828125,249.00999450683594,238.03152465820312,715700,-0.04827233276791654,122.23699061415458,0.0059293182041289345,0.04069050525139115,249.83156258719308,8.609535792257626,267.05063417170834,232.6124910026778,0.03425116739107686,-0.022715600241314672,3.568826257568907,243.24786965597588,-0.04827233276791654,-12.073135375976562,51.78989336550842,-6.483863864825878,0.5446677922886367,26.22525133405413,7.499362977855836,17.543267071650327,23.6852049691795
1825,2020-04-02,243.8699951171875,251.9600067138672,242.25,247.27999877929688,236.37777709960938,788600,-0.006947598898794705,119.9808350152821,0.005712460623398548,0.03981632389503765,248.06585475376673,10.022711282590443,268.1112773189476,228.02043218858586,0.019190585263764885,-0.00664286361431647,3.544031484191832,242.33185731512702,-0.006947598898794705,-1.65374755859375,47.76436801333866,-6.518407895973382,0.5254135452686214,25.23983655657087,7.756456874002579,16.512189402600423,24.758144024920732
1826,2020-04-03,246.05999755859375,248.0,242.47999572753906,244.61000061035156,233.82550048828125,571700,-0.010797447385473169,119.2139871173858,0.005639672509692153,0.02243357037808013,245.6815403529576,11.252553074212095,268.1866465013818,223.1764342045334,0.013777125186068426,-0.014549304505305415,3.50576499070881,241.19767640488092,-0.010797447385473169,-2.552276611328125,53.9848356191021,-6.674788870614009,0.4956979069400564,23.313565935407365,7.728455848884443,16.500790193344134,26.44304079207519
1827,2020-04-06,260.0,272.7799987792969,259.4200134277344,271.1300048828125,259.17626953125,807600,0.1084174693950426,125.53721314124178,0.006253806302884748,0.05138455904447115,245.0301557268415,10.106888478484569,265.24393268381067,224.8163787698724,0.00634613037109375,-0.002230717585637019,3.8858511592951945,243.59482215506347,0.1084174693950426,25.35076904296875,57.848623777496016,-4.6989600368265485,0.7908517632612339,24.615164620535715,12.24856830264204,15.64002282554697,26.23769002652709
1828,2020-04-07,280.4599914550781,281.2799987792969,271.0,272.5899963378906,260.5718994140625,768200,0.005384867547235883,121.74814301549056,0.0058819882252858485,0.03665406508059259,247.75723484584265,11.473122828730519,270.7034805033037,224.8109891883816,0.030984820317225697,-0.0337302707812189,3.9067759530962722,245.85843245626336,0.005384867547235883,1.3956298828125,72.36684120308854,-2.9860642927877734,0.7433622662203816,23.581006731305802,12.01946857525905,17.605157714147918,25.979269309884824
1829,2020-04-08,278.0299987792969,281.3399963378906,274.4100036621094,278.5799865722656,266.2978210449219,891700,0.02197444023601558,120.26102212451453,0.0057391720009654645,0.024925341532236422,249.1979217529297,13.213120946461768,275.62416364585323,222.77167986000615,0.009927021464384945,-0.013020160173654823,3.992625167793089,248.5836842680845,0.02197444023601558,5.725921630859375,70.43366171334326,-1.153254057899204,0.7712216685480038,22.854800633021764,11.406008964593225,18.534026692425797,25.70594395936192
1830,2020-04-09,282.2200012207031,285.1300048828125,275.1199951171875,276.80999755859375,264.6058349609375,728900,-0.006353736119000919,118.43897856403969,0.005566583985433751,0.035468817668230825,251.26951817103796,14.457180591624946,280.18387935428785,222.35515698778806,0.02948057291556843,-0.025157699924900936,3.96725708105485,250.71997102713158,-0.006353736119000919,-1.691986083984375,69.25465014649288,0.1608776243640193,0.6714030144777701,21.862366812569753,12.035103483241388,18.3503026582726,25.545473724309513
1831,2020-04-13,274.8500061035156,276.1499938964844,272.010009765625,274.1000061035156,262.01531982421875,789400,-0.0097900907480033,113.64897037953969,0.005125431931876782,0.015062703434323919,254.6957746233259,13.614413758579975,281.92460214048583,227.46694710616595,0.007458569210279266,-0.010332895305889165,3.9284172742106644,252.22601753340987,-0.0097900907480033,-2.59051513671875,64.28718535915155,0.9819838303378106,0.4609449060986754,20.634983607700892,12.172539643751273,18.55985591596242,24.178484658499364
1832,2020-04-14,286.989990234375,294.760009765625,285.04998779296875,288.92999267578125,276.19146728515625,1700600,0.05410426943908475,112.8819125731173,0.005056478645303532,0.03383400920961182,260.3834446498326,12.98834226886355,286.3601291875597,234.4067601121055,0.020314356905209736,-0.006759826152201043,4.1409614208837136,255.42141083364274,0.05410426943908475,14.1761474609375,60.95511467382131,2.7449707255733813,0.6463808983592229,20.28394535609654,15.113923849880582,18.377128062984095,21.770049847470133
1833,2020-04-15,276.9200134277344,284.5400085449219,275.04998779296875,282.489990234375,270.0354309082031,1487600,-0.02228901724395882,105.52427359334003,0.004418798538651619,0.03426989849698841,265.55629185267856,5.954133196285189,277.46455824524895,253.6480254601082,0.007402925794967333,-0.00675294505304374,4.048663460367068,257.36994684358416,-0.02228901724395882,-6.156036376953125,57.52616857718647,3.6038667219631577,0.5291454149831923,19.2759279523577,16.028628661195352,19.489324182557112,19.389797455341526
1834,2020-04-16,289.8299865722656,292.54998779296875,286.1700134277344,292.3999938964844,279.50848388671875,1212000,0.03508077790627384,105.4023040074726,0.004408589559557013,0.022012816688460928,268.4608939034598,7.1602164647634385,282.7813268329867,254.14046097393293,0.0005175237326486085,-0.01262800025565567,4.190693724037452,260.3217517826688,0.03508077790627384,9.473052978515625,56.26232420178188,4.991406367312948,0.709550122976925,18.982373918805802,15.969429541481697,18.530502038806247,18.91886916688092
1835,2020-04-17,301.25,301.42999267578125,293.6099853515625,295.6499938964844,282.615234375,899100,0.011115048978407316,81.07097786823515,0.002608136290679315,0.025958530536825727,271.6099417550223,7.919446555411752,287.4488348658458,255.7710486441988,0.019186717939574688,-0.025361044476141077,4.237273490033632,263.29421612831294,0.011115048978407316,3.10675048828125,69.25967751131317,6.269459901996186,0.6820756906162819,19.696341378348215,18.367379879289903,19.111045996993692,18.1889331613617
1836,2020-04-20,291.6499938964844,298.010009765625,291.44000244140625,291.5799865722656,278.72467041015625,510100,-0.013766292441551031,78.21261569843709,0.002427465577139448,0.022527027127422636,273.3852059500558,7.923021300052001,289.2312485501598,257.5391633499518,0.022047054098830496,-0.0007200118617271684,4.178941944014998,265.3516100325587,-0.013766292441551031,-3.89056396484375,61.731556953384974,6.88897868095421,0.6163344867239752,18.7497068132673,18.99829751901602,17.70300619415447,17.840962862032466
1837,2020-04-21,286.07000732421875,287.54998779296875,278.57000732421875,281.0899963378906,268.6971435546875,663700,-0.03597645963923024,80.2472378122726,0.0025554044351188223,0.03139084922863828,273.9696786063058,7.293317891323901,288.55631438895364,259.383042823658,0.022581855104288034,-0.026217358716322334,4.028598407831455,265.7976811688426,-0.03597645963923024,-10.02752685546875,59.308896325281054,6.495933089890173,0.4468933225385595,18.507063729422434,15.832962746709153,18.68368485401284,17.539300416777163
1838,2020-04-22,290.0,295.4700012207031,288.2300109863281,294.9700012207031,281.9651794433594,596100,0.049379147515840494,77.84493581511664,0.0024046960444681067,0.024965483566810345,276.8196585518973,5.527500265279237,287.87465908245576,265.76465802133885,0.0017241379310344827,-0.006103410391971983,4.227527162893845,267.95334760544483,0.049379147515840494,13.268035888671875,71.73664502491319,7.172382477299436,0.6710913206924469,19.683697291782924,15.9054904342775,19.373900267143497,17.76237504839695
1839,2020-04-23,290.94000244140625,297.1600036621094,288.30999755859375,289.3999938964844,276.6408386230469,730500,-0.01888297282247242,68.69707576060449,0.001872733419864378,0.03041866374252873,276.8838544573103,5.521594872187652,287.9270442016856,265.840664712935,0.0266721994243051,-0.009039681242671911,4.147698882370657,269.1116797411251,-0.01888297282247242,-5.3243408203125,69.22239725296916,7.195893897982046,0.5794884591003604,19.77415030343192,17.207446373823494,13.491861608177011,17.34840914058215
1840,2020-04-24,289.8900146484375,292.4599914550781,285.9700012207031,291.8399963378906,280.38580322265625,464200,0.0135372803894378,68.7466781504935,0.0018754387923521985,0.022387767451202828,278.3624790736607,4.707909733452337,287.7782985405654,268.94665960675604,0.002138725329809637,-0.013522416191148735,4.203847445112266,270.6148962053293,0.0135372803894378,3.744964599609375,71.97852981681774,7.431053652639719,0.49906689244310004,20.073931012834823,14.566396657435435,13.756726897718824,17.004997368869184
1841,2020-04-27,293.7900085449219,294.760009765625,290.2799987792969,290.8999938964844,279.482666015625,689100,-0.0032210518387554288,66.6786453862568,0.0017643022819627725,0.015249024323586246,278.3587908063616,4.706872296267042,287.7725353988957,268.9450462138275,0.013138690074105806,-0.011947342195227525,4.19030663456934,271.7972655133687,-0.0032210518387554288,-0.90313720703125,62.461794318590435,7.458566120227829,0.27876004131858434,18.31819588797433,15.030829295213408,12.802880837528063,16.633909173857894
1842,2020-04-28,297.5899963378906,297.5899963378906,291.0899963378906,291.4200134277344,279.9823303222656,532000,0.0017878185927018286,58.538612093063634,0.001359829010231022,0.02184213206084975,277.98266165597096,4.405605096966084,286.7938718499031,269.1714514620388,0.020733166390279823,-0.02184213206084975,4.197798142679745,272.8886074878883,0.0017878185927018286,0.499664306640625,62.04440158900106,7.434982828751345,0.27098318109112335,18.032738821847097,15.517744103864478,12.600163284935181,16.375761003244158
1843,2020-04-29,296.29998779296875,304.760009765625,295.3500061035156,303.7099914550781,291.7899169921875,968000,0.04217261373719938,56.71328975951923,0.0012763481092647572,0.031758366688439926,279.84912545340404,6.85759980849439,293.56432507039284,266.13392583641524,0.0035437676469988436,-0.0032061482571403206,4.374830262297711,275.4087820884615,0.04217261373719938,11.807586669921875,64.70805740777587,8.273692487688038,0.6039666328721374,18.319137573242188,17.528120866124215,10.428907136724929,16.58286427954287
1844,2020-04-30,301.3599853515625,301.5299987792969,287.05999755859375,288.42999267578125,277.109619140625,846300,-0.05031118964935155,59.201974785875876,0.0013908229438680487,0.04801566871534924,281.05090767996654,5.085736290985097,291.22238026193673,270.87943509799635,0.04346962682598134,-0.047451514759952546,4.154727347287529,275.6355603620833,-0.05031118964935155,-14.6802978515625,56.2739374131393,7.665436209662687,0.15571326335877864,18.007553100585938,17.43371722671847,10.372738720483907,16.353577405315292
1845,2020-05-01,283.8599853515625,283.8599853515625,278.20001220703125,279.05999755859375,268.1073913574219,862800,-0.03248616129285198,57.62556285112781,0.0013177402753608261,0.01993931317061591,279.0712236676897,7.005390331071872,293.08200432983347,265.06044300554595,0.016909702109030735,-0.01993931317061591,4.019756204555723,274.6318044947951,-0.03248616129285198,-9.002227783203125,52.87198396724392,6.383400314433857,-0.23367860319782074,17.66513933454241,17.594425281291645,10.468357035194787,15.652914584371027
1846,2020-05-04,279.6000061035156,283.2300109863281,275.9599914550781,283.17999267578125,272.0657043457031,1036900,0.01476390847801845,57.48768997544123,0.001311442261393827,0.026001499901822028,278.4176330566406,7.468079035039688,293.35379112672,263.48147498656124,0.00017889238002504493,-0.013018650103640794,4.07910351726373,274.2896578082495,0.01476390847801845,3.95831298828125,47.8476338826715,5.621973793710765,-0.10044702928904675,16.406420026506698,17.540031366166417,10.435993663560337,15.144101919006506
1847,2020-05-05,284.3299865722656,293.0,284.3299865722656,288.3500061035156,277.0328063964844,821600,0.018256994437159113,57.21398380158909,0.0012989841041462296,0.03049278597820633,277.93863351004467,7.428225382041215,292.7950842741271,263.08218274596226,0.016354215580784433,0.0,4.1535756874870104,274.6554109533475,0.018256994437159113,4.96710205078125,53.69630849546429,5.35758253743785,0.03725049511560115,17.223868233816965,19.596966167796424,10.13217932172656,14.936062219709884
1848,2020-05-06,293.8900146484375,295.7799987792969,290.7900085449219,291.8999938964844,280.4434814453125,552400,0.012311448211468567,44.35090501677842,0.0007805566570663893,0.016979107780658073,278.07589285714283,7.470269293008274,293.0164314431594,263.1353542711263,0.013202234473511836,-0.010548184521423674,4.204712219455922,275.4271536856095,0.012311448211468567,3.410675048828125,50.527703485688384,5.361459961205298,0.1556766367954868,16.95477076939174,14.05035880270912,12.398634626930953,14.65435830495493
1849,2020-05-07,297.94000244140625,300.1199951171875,294.54998779296875,299.5899963378906,287.83154296875,570800,0.026344208413623615,45.0147803458374,0.0008040993847555514,0.018695063699323704,279.1972089494978,8.34232478288906,295.8818585152759,262.5125593837197,0.0017788775423035251,-0.011378178897290538,4.315482034484578,277.0810722566949,0.026344208413623615,7.3880615234375,52.80831717186189,5.892759603220895,0.4122063877065101,16.79441397530692,15.305538280252694,9.374251252004845,14.900933912399811
1850,2020-05-08,300.2200012207031,304.510009765625,299.44000244140625,304.3999938964844,292.452880859375,680600,0.01605570342624585,44.78182517188504,0.0007957983594147922,0.016887640075957482,279.2919180733817,8.511169621014565,296.3142573154108,262.26957883135253,0.000366450831701077,-0.0025980906539383704,4.384770134171554,279.13064673705225,0.01605570342624585,4.621337890625,57.33318944493856,6.610519785781889,0.5726694068891269,16.88610621861049,15.475239879298961,9.879442093177362,14.818192518185784
1851,2020-05-11,298.6000061035156,305.79998779296875,298.3500061035156,304.3900146484375,292.4433288574219,513600,-3.266167843873902e-05,44.63587546280543,0.0007906195945758237,0.024949703741367107,281.4824480329241,9.740365122854906,300.9631782786339,262.00171778721426,0.0047219461343294645,-0.0008372404383452442,4.384626920219405,280.9056710197682,-3.266167843873902e-05,-0.009552001953125,64.20476223683542,7.096771965287417,0.5523907314094848,17.198043823242188,15.020816927943498,10.02857561350559,14.777522585299819
1852,2020-05-12,305.3800048828125,305.8999938964844,296.239990234375,296.6300048828125,284.98785400390625,481700,-0.025493742266729846,45.61882602111716,0.0008258243204543475,0.03163273137616307,283.8939426967076,7.766776044081093,299.4274947848698,268.3603906085454,0.030355586041820815,-0.029929970863498148,4.272846371579566,281.44996208431996,-0.025493742266729846,-7.455474853515625,51.94327391044856,6.802125143647686,0.3015317906702247,16.24688720703125,14.969549243587254,9.976067990467298,14.741037361611088
1853,2020-05-13,298.489990234375,301.4700012207031,290.75,294.2300109863281,282.6820373535156,1142300,-0.008090929553646986,42.027122506690446,0.0007009043754731612,0.035914106239494856,285.41056169782365,5.879305804037429,297.16917330589854,273.65195008974877,0.024255387018808045,-0.02593048506684443,4.238275072593559,281.6142387868794,-0.008090929553646986,-2.305816650390625,54.040707951595934,6.309819608785972,0.22451721276886352,16.338838849748885,10.334873615324497,10.440911913626223,14.301365124949253
1854,2020-05-14,286.1700134277344,303.760009765625,283.30999755859375,302.54998779296875,290.6754150390625,1296800,0.028276921166910052,42.0800448434219,0.0007026707039779358,0.07146105897708052,287.3595057896205,4.80174683022252,296.9629994500656,277.7560121291755,0.004228332515215865,-0.009994114459734811,4.358120442704967,282.8223956205038,0.028276921166910052,7.993377685546875,56.51219619601368,6.489851730362034,0.4914970736152421,16.714468819754465,10.637815301568667,10.105391367812928,13.959614083977458
1855,2020-05-15,292.75,296.2200012207031,290.1000061035156,292.5400085449219,281.0583801269531,957200,-0.033085133501286945,42.32990182159526,0.0007110399159626561,0.02090519254376601,287.44734845842635,4.65759976228343,296.7625479829932,278.13214893385947,0.012570427585930828,-0.009052071379963706,4.213931446043386,282.5871935546971,-0.033085133501286945,-9.617034912109375,50.8981854680887,5.78977323740736,0.1702868489023254,16.124882289341517,11.144495874653368,9.328738689863428,14.028448293887628
1856,2020-05-18,297.69000244140625,306.55999755859375,297.6600036621094,304.8900146484375,292.9236145019531,997000,0.04221626257733546,44.612624498556,0.0007897961367655394,0.029896851837461838,288.17478724888394,5.103873157946163,298.3825335647763,277.9670409329916,0.00560980515455822,-0.0001007718735961904,4.391827882452445,283.9653830143312,0.04221626257733546,11.865234375,56.53058685036785,6.1218127929282105,0.5543666556630541,16.653045654296875,11.449570577814937,9.232708601184742,14.444372243820686
1857,2020-05-19,303.82000732421875,311.989990234375,303.7300109863281,306.25,294.2301940917969,687400,0.004460478859190875,44.24196183764207,0.0007767266616045148,0.027187081327505577,288.4286891392299,5.3884402687302675,299.20556967669046,277.65180860176935,0.01889273285498154,-0.0002962159690641645,4.411417537875328,285.33402449132666,0.004460478859190875,1.30657958984375,51.37742560613238,6.416422066752034,0.5070830767614944,16.24509538922991,11.32995934982293,10.863352799513397,14.376428715353459
1858,2020-05-20,318.239990234375,326.260009765625,317.54998779296875,325.6400146484375,312.8591613769531,1084900,0.06331426094000459,46.54418349671711,0.0008596670703873306,0.0273693509299116,291.3452366420201,10.765675605964077,312.87658785394825,269.81388543009194,0.0019481999001159176,-0.0021681827004144958,4.69072317898368,289.00404274274354,0.06331426094000459,18.62896728515625,69.31786287336969,8.060191143729014,0.7335816399521669,17.49936785016741,14.442978940749937,10.194744851877289,14.804229919703992
1859,2020-05-21,322.6000061035156,324.4599914550781,317.29998779296875,318.989990234375,306.4702453613281,639200,-0.020421060989571638,44.91692444811697,0.0008006071832848602,0.02219467925184068,294.41414969308033,11.674906217068546,317.76396212721744,271.0643372589432,0.016955986104190943,-0.01642907070760008,4.594933634860457,291.3328697585548,-0.020421060989571638,-6.388916015625,71.33250203130484,8.746533260983256,0.6065654632148042,17.845829554966517,15.052797545923696,7.93689348216663,15.81000722210722
1860,2020-05-22,315.9700012207031,319.5,314.32000732421875,319.3599853515625,306.82568359375,365400,0.0011597805588037247,44.14024766307801,0.0007731593110150251,0.016393938208592963,297.86324201311385,11.187423445239606,320.23808890359305,275.48839512263464,0.00044312639774843885,-0.005221995411304456,4.600262749559161,293.3985782699142,0.0011597805588037247,0.355438232421875,70.13587203441757,9.212944143344487,0.5475129069068472,17.696339198521205,14.670878991776142,7.985004806151874,16.638930439636574
1861,2020-05-26,322.4599914550781,325.3800048828125,319.3800048828125,319.8599853515625,307.3060607910156,540400,0.0015656355479733985,44.05383315239874,0.0007701350061188037,0.01860695949573595,300.23904854910717,11.17244700924776,322.58394256760266,277.8941545306117,0.017118463305606686,-0.009551530899592849,4.607465084449889,295.2529092727277,0.0015656355479733985,0.480377197265625,68.49836385457513,9.51169564647671,0.5586974717668074,17.526341029575892,16.193149442534523,7.924321246096112,18.135451765483175
1862,2020-05-27,318.989990234375,319.6000061035156,311.1099853515625,318.5299987792969,306.0282897949219,808100,-0.004157975253741286,44.07635695451585,0.0007709227152309117,0.026615320266680342,303.8061785016741,7.365321824138864,318.53682214995183,289.07553485339633,0.0033543601898999146,-0.024702984808466052,4.5883073586462695,296.68962667568695,-0.004157975253741286,-1.27777099609375,66.05191599483958,9.535434372644318,0.528947282408664,17.065394810267858,16.287290376888773,6.765891613028679,19.72104168644609
1863,2020-05-28,321.260009765625,329.0799865722656,319.4100036621094,319.9700012207031,307.4117431640625,797900,0.004520671504153251,44.0638054023461,0.0007704837089427878,0.03010017623174132,305.8759111676897,5.628367697122204,317.1326465619341,294.6191757734453,0.02835704748377703,-0.0057585944321712984,4.609049588974798,298.1192422074704,0.004520671504153251,1.383453369140625,63.285641160713844,9.555728123474637,0.5265840373758743,17.30647931780134,17.89842155786207,6.673675870747653,21.40221424253851
1864,2020-05-29,325.45001220703125,329.9800109863281,324.239990234375,329.510009765625,316.57733154296875,649500,0.02981534890166726,42.93767341104155,0.0007316046817274858,0.01763718093917808,309.068359375,4.0337478549986,317.1358550849972,301.0008636650028,0.0014441579446128248,-0.0037179963965910333,4.746470010575168,300.58032078553686,0.02981534890166726,9.16558837890625,65.41821952146196,10.193888646533992,0.71282032168016,17.727179391043528,16.019520891923193,8.054149577619786,21.768603551972248
1865,2020-06-01,323.8800048828125,327.1600036621094,323.5,326.7300109863281,313.90643310546875,526100,-0.008436796230741783,38.450555846906894,0.0005866846210063912,0.01130049279650237,309.2179696219308,4.213209892068992,317.6443894060688,300.79154983779284,0.0013276295828661346,-0.001173289110422222,4.706425010280618,302.3571357615278,-0.008436796230741783,-2.6708984375,63.26603829460552,10.364639167916266,0.6555908880174566,17.529719761439733,16.19411558501774,8.141930715590716,22.134992861405987
1866,2020-06-02,331.69000244140625,335.0199890136719,328.7699890136719,334.7300109863281,321.592529296875,717200,0.02448530957256234,36.2225882188341,0.0005206650385996901,0.01884289533599698,311.3782958984375,6.047278957755301,323.4728538139481,299.2837379829269,0.0008742440990363442,-0.008803441183760736,4.821663283637389,304.9218548995741,0.02448530957256234,7.68609619140625,72.56050997584191,10.993438398878766,0.7403314265007823,18.07664053780692,17.68561408680401,7.826747957863818,22.765953817345913
1867,2020-06-03,340.510009765625,347.4599914550781,338.8500061035156,346.29998779296875,332.7083435058594,693900,0.03456490184423067,37.2580835418401,0.0005508590433375936,0.025285557265963494,315.07581874302457,9.643308756091331,334.36243625520723,295.7892012308419,0.0034066653808732736,-0.004875050995569749,4.9883236017622465,308.62672004707883,0.03456490184423067,11.115814208984375,77.81230997676286,12.247537637541825,0.7700444372134666,18.747020176478795,20.44628582349955,7.606471812696036,23.73628391509927
1868,2020-06-04,347.8500061035156,353.3900146484375,347.0,353.1099853515625,339.2510986328125,884600,0.019665136912437875,37.30110986441788,0.0005521320623481637,0.018370028852424152,319.639395577567,12.491675941970426,344.6227474615078,294.65604369362615,0.0008050288686545744,-0.0024435995072619727,5.086419668354447,312.7099705251767,0.019665136912437875,6.542755126953125,77.4485648086515,13.612450126535748,0.7766011359346001,18.718712942940847,17.89907158993533,9.747653778690314,23.624259172950218
1869,2020-06-05,359.0,364.1600036621094,356.1600036621094,357.2200012207031,343.1997375488281,899200,0.011639281145820135,37.29648409147658,0.0005519951292007005,0.022284122562674095,324.94960239955356,13.593449677238645,352.13650175403086,297.76270304507625,0.01933148312369429,-0.007910853308887534,5.145621936900053,316.7752727949969,0.011639281145820135,3.948638916015625,87.51748514591714,14.841689510056028,0.6848080283717105,20.060777936662948,20.39258591393548,7.92644384546441,25.423089165183292
1870,2020-06-08,350.9700012207031,351.57000732421875,343.1099853515625,349.25,335.5426025390625,1001700,-0.022311016507337023,38.38951581549318,0.0005848233827571433,0.024104686848538573,328.96829659598217,11.549004782856043,352.06630616169423,305.8702870302701,0.006610272433967489,-0.022395121639464426,5.03081788092536,319.277583427539,-0.022311016507337023,-7.657135009765625,77.10840847707604,15.0248071515216,0.5264371240853059,18.843521118164062,19.84735101581709,8.162601096149274,26.265158205680336
1871,2020-06-09,346.6199951171875,353.1400146484375,345.17999267578125,349.3299865722656,335.6194152832031,737200,0.00022892098815296968,38.342013963779834,0.0005833769979359872,0.022964693568716586,331.68859427315846,10.321323377083111,352.33124102732467,311.04594751899225,0.010991945444127528,-0.004154412502716137,5.031969540725879,321.45649434162755,0.00022892098815296968,0.076812744140625,76.74459603146306,15.00318002796854,0.4620060597937231,18.738595145089285,19.799022964506694,7.395490097836166,27.386127146516586
1872,2020-06-10,351.010009765625,353.4200134277344,347.7099914550781,347.9200134277344,334.2647705078125,997900,-0.004036252712756649,38.45749665665674,0.0005868964480542715,0.01626740495653934,334.59692818777904,6.7131820896366765,348.0232923670524,321.17056400850566,0.015669068821349105,-0.009401493458122035,5.011659240016615,323.1642644971189,-0.004036252712756649,-1.354644775390625,67.80704128308773,14.70719645873811,0.43647082307691865,17.722222464425222,19.230278637375005,7.971806987033579,28.407968861494915
1873,2020-06-11,341.6000061035156,344.82000732421875,332.79998779296875,332.8900146484375,319.8246765136719,919300,-0.04319956892915555,40.743939658929946,0.0006587573884644937,0.03518741017705823,334.34437779017856,7.292226908357395,348.92883160689337,319.75992397346374,0.034923865522900735,-0.02576117726379721,4.795157721228078,322.71898609932595,-0.04319956892915555,-14.440093994140625,59.79702863897695,13.155780791475252,0.16427310375455248,17.752164568219865,19.276614240363045,8.001913159501733,29.42293606715789
1874,2020-06-12,346.260009765625,347.2699890136719,337.25,343.07000732421875,329.6051025390625,845000,0.03058058600106972,41.279330442336416,0.0006761837784792071,0.028937759865640164,333.9010576520647,7.499642571596356,348.9003427952574,318.901772508872,0.012129560362156724,-0.02602093661270228,4.941796454310786,323.63713495795747,0.03058058600106972,9.780426025390625,64.68114885070086,12.570565683349173,0.3486354534174211,18.781847272600448,18.73663542824527,8.914790730388003,31.09007018722027
1875,2020-06-15,337.510009765625,350.010009765625,336.6300048828125,350.010009765625,336.27276611328125,598200,0.020229248645895925,40.864925670649335,0.0006626754563760694,0.03964328314915429,333.47558157784596,7.22498772215104,347.92555702214804,319.0256061335439,0.0,-0.0026073445449028205,5.041765283542446,325.3218857786673,0.020229248645895925,6.66766357421875,67.28988237471415,12.500702898762427,0.4743218110580018,18.914031982421875,18.884094660154364,8.930148417136435,32.671998185594056
1876,2020-06-16,351.25,355.0,347.0400085449219,352.04998779296875,338.2325744628906,863900,0.005828031726331284,38.155776956368,0.0005777235377555964,0.02266189738100534,332.76598685128346,6.294809829534435,345.35560651035235,320.17636719221457,0.008398611265569395,-0.011985740797375445,5.071148851571647,327.0433109365638,0.005828031726331284,1.959808349609375,69.06711062093369,12.459846934183076,0.4206161072800279,19.373552594866073,18.293783441680496,9.548574012541595,33.74536955624016
1877,2020-06-17,361.3800048828125,365.75,360.4100036621094,362.4100036621094,348.1860656738281,710400,0.029427949767237838,36.9981045097975,0.0005431983084594834,0.014776679024126603,334.5721958705357,8.611816337715808,351.7958285459673,317.34856319510413,0.009242338515584756,-0.002684158524536173,5.220382365237883,329.86234490153237,0.029427949767237838,9.9534912109375,71.91699679305792,13.07985541255971,0.5842855780787722,19.692533220563615,15.651746122718066,12.79969473552806,33.71230400169645
1878,2020-06-18,359.5799865722656,361.79998779296875,356.5199890136719,358.8800048828125,344.7945556640625,494700,-0.009740510445764627,37.51783577137551,0.0005585666670507554,0.01468379491758989,335.88293021065846,9.454752627512264,354.79243546568296,316.97342495563396,0.00812053790309994,-0.00850992177780388,5.1695331762783985,331.8533063365364,-0.009740510445764627,-3.391510009765625,66.17110956426839,13.146011052530923,0.5040131518121301,19.05293709891183,15.86516666651403,11.456229796506614,34.380629694831704
1879,2020-06-19,364.7300109863281,368.1400146484375,359.5899963378906,360.6700134277344,346.5143737792969,786900,0.004987950322829393,31.63078993200965,0.0003970265363979853,0.023442047687343644,337.63287353515625,10.208877864725132,358.0506292646065,317.215117805706,0.020480906412121754,-0.01409265619392689,5.1953185509538935,333.8081153289045,0.004987950322829393,1.719818115234375,68.89336051674414,13.18522377050391,0.4507079809964832,19.964564732142858,14.190205098732186,11.71055929684625,34.01543144833622
1880,2020-06-22,362.3800048828125,364.92999267578125,359.82000732421875,364.2900085449219,349.9922790527344,554500,0.010036828300959977,30.268832994063377,0.0003635723217549602,0.014101179101244789,341.9425310407366,7.426732260617144,356.79599556197087,327.0890665195023,0.0017660580667698124,-0.007064400695677482,5.24746307121861,335.96600382541516,0.010036828300959977,3.4779052734375,67.29866893993668,13.343126762004772,0.4864821221013072,19.771854945591517,13.947232217959819,11.567836021000378,32.98556802884506
1881,2020-06-23,370.6099853515625,371.79998779296875,366.54998779296875,366.6400146484375,352.25,604100,0.006450773580995106,30.206272289806957,0.0003620709863674442,0.014165835264853491,345.1775163922991,5.940173610872548,357.05786361404415,333.297169170554,0.013922919911713856,-0.010954906017285033,5.281313267365674,338.13720331535984,0.006450773580995106,2.257720947265625,63.34294486172193,13.494884602854256,0.49871826171875,19.48187255859375,15.335141979634951,11.318211165682595,32.29797148127202
1882,2020-06-24,365.5899963378906,367.55999755859375,359.5299987792969,361.5799865722656,347.38861083984375,613500,-0.013800962839336406,30.998441057344944,0.00038131085237527333,0.021964492627624524,346.7654942103795,4.46573288933122,355.6969599890419,337.83402843171706,0.016357151580266974,-0.016575939219608447,5.208426059219867,339.37072431862435,-0.013800962839336406,-4.86138916015625,55.68682516270313,13.072192213503286,0.37406725761217946,19.098181588309153,14.00130499926038,11.409207111610712,31.151078723890674
1883,2020-06-25,362.4700012207031,366.92999267578125,358.5799865722656,366.54998779296875,352.1635437011719,465100,0.013745219941967202,30.876696529044427,0.0003783215827566287,0.02303640597951558,348.75563267299106,2.836085407109699,354.42780348721044,343.08346185877167,0.0010483760905254064,-0.010731963018558664,5.280017020955317,341.0764335696307,0.013745219941967202,4.774932861328125,56.19275320151969,12.972958436271597,0.4965014335436699,18.714787074497767,13.754279193609738,11.207913833682008,29.67007885782452
1884,2020-06-26,367.42999267578125,368.20001220703125,361.0,361.760009765625,347.5616149902344,493000,-0.013067589741323271,31.638450796401624,0.00039721887650647874,0.019595602837421365,348.6664254324777,2.8666428901069287,354.39971121269156,342.93313965226383,0.017527155022123854,-0.01749991237502228,5.211019924698269,341.9411244257112,-0.013067589741323271,-4.6019287109375,58.66945611483932,12.380265768493643,0.37850326146834934,19.25596182686942,11.645363156106619,12.00200595513206,27.566617433373363
1885,2020-06-29,362.92999267578125,365.1000061035156,358.1099853515625,364.80999755859375,350.4918518066406,612800,0.008430841295545832,30.459960892735022,0.0003681782609472011,0.0192599699474206,349.4803248814174,2.3455499891438056,354.17142485970504,344.78922490312976,0.000799075719214395,-0.013280818398838259,5.254953206671328,343.08122140983517,0.008430841295545832,2.93023681640625,60.30352849443406,12.008570851532,0.45363753881209934,19.251746041434153,11.792264162293796,10.942081861741803,26.169101078140464
1886,2020-06-30,362.2200012207031,368.9100036621094,362.19000244140625,368.0299987792969,353.58544921875,678600,0.008826446024816637,30.082723315150727,0.00035911517541901316,0.018552264364354032,350.490478515625,2.3777417802509664,355.24596207612694,345.73499495512306,0.0024294762294926587,-8.281922366456108e-05,5.301335767512949,344.4817851176905,0.008826446024816637,3.093597412109375,63.0703166935051,11.827289774519159,0.5329605493790064,19.29585702078683,11.56500273709088,11.734722638079724,24.628193385975838
1887,2020-07-01,368.0299987792969,370.19000244140625,365.2699890136719,367.5899963378906,353.1627502441406,516600,-0.0011954648460318351,29.38619607170132,0.0003426779839541563,0.01336851192580322,350.9434029715402,2.56186082721601,356.0671246259722,345.8196813171082,0.007064658077166196,-0.007499415196531694,5.294998206965876,345.63924713455054,-0.0011954648460318351,-0.422698974609375,77.83130148203027,11.516756935300691,0.4700811315024513,19.623323713030135,9.7397848071635,12.632370251422643,23.403713092444768
1888,2020-07-02,373.55999755859375,375.8800048828125,372.4100036621094,373.2200012207031,358.5718078613281,449400,0.015316047950833411,27.619181634366864,0.0003027060294254555,0.009289006433722463,351.84651838030135,3.8763132971315213,359.5991449745644,344.0938917860383,0.007120686581791048,-0.0030784717421570166,5.3760966534033425,347.36358856478756,0.015316047950833411,5.4090576171875,76.08590382100732,11.573708658249359,0.5590268274781051,19.28560529436384,6.6982201515014035,14.521998212608409,22.9798660907414
1889,2020-07-06,386.2799987792969,389.489990234375,383.5,385.4599914550781,370.3313293457031,752900,0.03279544355289299,28.918505460272986,0.0003318571262126343,0.01550686096433746,355.1240495954241,7.491936213798517,370.1079220230211,340.14017716782706,0.010432843512561562,-0.007196848887030369,5.552408127734929,350.425954002243,0.03279544355289299,11.759521484375,78.09481181781977,12.424516324176352,0.5486768161920804,20.036553519112722,9.857050709062852,12.16673359691719,22.075247687195674
1890,2020-07-07,385.3999938964844,388.6099853515625,381.8699951171875,382.0199890136719,367.02642822265625,410900,-0.008924173736221341,29.14113551780691,0.000336986420344122,0.017488298757434108,357.24731881277904,8.545162042936697,374.33764289865246,340.1569947269056,0.01709910856838428,-0.009159311975093095,5.502857472948615,352.63935056496473,-0.008924173736221341,-3.304901123046875,73.23632455499607,12.685874761178923,0.3186666308761608,20.004512241908483,7.343765589778473,12.367142865374369,21.192623579627146
1891,2020-07-08,388.8299865722656,392.1499938964844,386.8900146484375,391.92999267578125,376.5473937988281,599300,0.02594081745632759,28.573073632484906,0.0003239764034950016,0.013527709872420775,361.38814435686385,9.97307833338938,381.3343010236426,341.4419876900851,0.0005658031229601086,-0.004989254920717318,5.645606094142563,355.8270896628132,0.02594081745632759,9.520965576171875,73.04817741271471,13.505581619480381,0.5620937985000737,19.833522251674108,7.051832504681392,13.073092481284073,20.630861361316295
1892,2020-07-09,395.45001220703125,395.67999267578125,386.1000061035156,394.7200012207031,379.22796630859375,644200,0.007118818384911574,28.507669802336455,0.0003224949355393038,0.02422553110770972,365.49330357142856,10.632791099192643,386.75888576981384,344.22772137304327,0.002427592427473583,-0.02364396463495514,5.685796138599514,358.9472065489173,0.007118818384911574,2.680572509765625,78.30985039095862,14.207727174547074,0.5620968017064497,20.227713448660715,7.865143273629581,12.533370646365594,19.548704697560932
1893,2020-07-10,399.0799865722656,399.19000244140625,391.95001220703125,395.8500061035156,380.3135986328125,667200,0.0028627433118562085,28.30142991695511,0.00031784560926361973,0.018141702109794922,369.31161063058033,10.44130697590522,390.1942245823908,348.42899667876986,0.008369240378547062,-0.017866028378106292,5.7020731134678675,361.79605882677,0.0028627433118562085,1.08563232421875,78.08128039723877,14.682532940995145,0.5404966904636322,19.986040387834823,7.824942588144211,13.254406073972996,18.804371252762387
1894,2020-07-13,397.8599853515625,402.8699951171875,387.8699951171875,388.6199951171875,373.3672790527344,1083600,-0.018264715237765405,23.757974261021968,0.0002239846591219771,0.03770170550513014,372.1979718889509,7.653654176965663,387.50528024288224,356.8906635350196,0.035816620229873634,-0.025109311321035485,5.597926371785459,363.3388881902319,-0.018264715237765405,-6.946319580078125,68.36228811324537,14.333087088479601,0.340868864440893,20.281810215541295,8.483785905655129,12.932189844495372,17.8253068359335
1895,2020-07-14,386.6300048828125,397.54998779296875,385.4100036621094,396.8299865722656,381.25506591796875,880100,0.021126079621241578,22.807610866012702,0.00020642345770454786,0.03139948782438394,375.43843732561385,5.390189019302365,386.2188153642186,364.6580592870091,0.0018622486915400094,-0.0031554747569912667,5.716188610029646,365.72771188726347,0.021126079621241578,7.887786865234375,70.93335600435566,14.52518986463599,0.5170928399613826,20.451453072684153,8.548133373526568,11.995758000874195,16.932999238511552
1896,2020-07-15,387.1700134277344,387.69000244140625,372.510009765625,375.42999267578125,360.695068359375,1640300,-0.053927145883531535,30.55932928520387,0.00037058436760377715,0.03920756295506498,374.06182861328125,7.663156896377005,389.3881424060353,358.7355148205272,0.03166570070105221,-0.03786451211011898,5.407930872958796,365.0566927502117,-0.053927145883531535,-20.55999755859375,57.82934060772171,12.870054743108483,0.05775429945946536,20.442167009626115,8.008420837327925,12.143257940175515,16.205920530845756
1897,2020-07-16,374.1000061035156,393.8599853515625,372.82000732421875,385.2200012207031,370.10076904296875,2240900,0.026076599068503237,31.541040159021072,0.0003947766723464205,0.05624158696624524,374.5010201590402,7.270794906989632,389.04260997301947,359.9594303450609,0.023095386233350237,-0.0034215417225700122,5.548951318123123,365.72923625591267,0.026076599068503237,9.40570068359375,60.00861627112987,12.176941471735574,0.2678905512798835,21.415276663643972,9.149555900917719,9.374899502504839,14.768146007184836
1898,2020-07-17,385.42999267578125,387.04998779296875,380.1099853515625,383.5899963378906,368.5347900390625,1048700,-0.0042312233177890235,30.31890606945672,0.00036477621636846793,0.018005870257336437,373.35636247907365,7.521339860886965,388.3990422008476,358.3136827572997,0.00897696474282588,-0.013802785007169568,5.525472465916605,366.103310093666,-0.0042312233177890235,-1.56597900390625,62.11300458294366,11.370214042607756,0.2329044328204345,21.480473109654017,9.375057380968208,8.18803108087738,14.612639561602814
1899,2020-07-20,383.9100036621094,392.4700012207031,382.0799865722656,391.4800109863281,376.1150817871094,972600,0.02056872771019358,30.545857027091856,0.0003702576910791813,0.027063672603806547,372.9116646902902,7.201548764491036,387.31476221927227,358.5085671613081,0.002578703927825543,-0.004766786674968758,5.639124404538215,367.4382129861251,0.02056872771019358,7.580291748046875,64.04427812696123,11.213283187236584,0.3423078134916527,21.937388828822545,10.388994841488316,7.995574963545154,14.464131460750613
1900,2020-07-21,392.1400146484375,392.2900085449219,383.1600036621094,383.82000732421875,368.7557373046875,823700,-0.01956673592415914,31.643529685359116,0.0003973464170429379,0.02328251272953554,371.2605416434152,6.51374806054521,384.2880377645056,358.2330455223248,0.021599431081514787,-0.022900011860250757,5.528785146471135,367.6138828952668,-0.01956673592415914,-7.359344482421875,57.94349333456057,10.37547474426276,0.09270605652081809,21.77715846470424,9.093681181455226,8.378339233874073,14.203206449965048
1901,2020-07-22,392.6199951171875,394.54998779296875,389.75,392.6000061035156,377.191162109375,710100,0.02287537237072912,32.30089188087975,0.0004140268318651918,0.012225530672568194,371.8068106515067,6.8704503803434225,385.5477114121935,358.06590989081985,0.00496658782971841,-0.007309854701441979,5.655258165454418,368.8908534571479,0.02287537237072912,8.4354248046875,61.60776072913254,10.2737444700075,0.15696519331979444,22.433565412248885,8.940949869382523,9.685289228779984,13.949431788714
1902,2020-07-23,390.04998779296875,394.2099914550781,381.8900146484375,384.2300109863281,369.1496887207031,990800,-0.021319357918412885,33.423409441199134,0.00044330329312461896,0.03158563566775405,370.0774710518973,5.478366420020599,381.0342038919385,359.1207382118561,0.025586414000984888,-0.020920326624551545,5.534691692504068,368.92536482562195,-0.021319357918412885,-8.041473388671875,54.983271014171045,9.435476497976026,-0.11068256476444359,22.026535034179688,7.458495304176978,9.792027224515659,13.875922105464891
1903,2020-07-24,371.010009765625,375.1600036621094,366.7699890136719,367.67999267578125,353.2491760253906,1628900,-0.043073347157398634,36.60333259542062,0.0005316682369408656,0.022613984603104518,369.0137721470424,7.824287374208903,384.6623468954602,353.3651973986246,0.020161210720577076,-0.011428319021989831,5.29629399582367,366.83520631892446,-0.043073347157398634,-15.9005126953125,42.25474112547212,7.402770076980801,-0.3745376925840607,20.41738019670759,7.579193440105703,9.950488064773946,14.034323223893399
1904,2020-07-27,377.989990234375,383.7900085449219,376.260009765625,381.7799987792969,366.7957458496094,1080300,0.03834848244131517,38.615208739242924,0.0005917199785616282,0.01992115922071866,368.5416259765625,7.847446100966946,384.2365181784964,352.8467337746286,0.005317626967790023,-0.004576789104064145,5.499398833126557,366.8299449230158,0.03834848244131517,13.54656982421875,49.90429433436134,6.806469817711616,0.0007134856394107826,21.293249947684153,7.389125716719312,11.864576830076826,14.655453594928932
1905,2020-07-28,381.1099853515625,381.739990234375,376.19000244140625,376.3599853515625,361.58856201171875,502000,-0.01419641284505424,38.67347055126213,0.0005935068747933885,0.014562693202197401,367.549307686942,8.275935440573535,384.10117856808904,350.9974368057949,0.014116672586916366,-0.012909614282653113,5.421327096891883,366.13109386817615,-0.01419641284505424,-5.207183837890625,43.563479897356245,5.8463285127805875,-0.14352980958217976,20.566155569893972,7.407571708559857,11.341080799175995,15.582694155332723
1906,2020-07-29,365.0,366.1600036621094,361.69000244140625,364.6199951171875,350.30926513671875,1446700,-0.031193732490449877,40.26837061310027,0.0006434689173944434,0.012246578686857877,363.8627624511719,9.48383638328918,382.8304352177502,344.89508968459353,0.0042192014929366434,-0.009068486461900685,5.25221566968821,364.02151670398183,-0.031193732490449877,-11.279296875,38.41412242486605,4.127683255210343,-0.2763656952124892,19.526072910853795,7.633815500323607,11.68746274776242,16.40367437755586
1907,2020-07-30,355.8500061035156,362.82000732421875,354.8599853515625,362.7300109863281,348.4934997558594,1010400,-0.005183321029635701,40.18626136547611,0.000640847461323158,0.022369037055294316,360.96815708705356,10.749269484113075,382.4666960552797,339.4696181188274,0.0002529052588085255,-0.0027821293662283406,5.2249917497553335,361.9511144442322,-0.005183321029635701,-1.815765380859375,37.32586574532488,2.589279809293714,-0.13260746304329032,18.99383762904576,7.74153319694173,10.877815992632346,17.171093072888546
1908,2020-07-31,361.95001220703125,362.1600036621094,350.739990234375,353.7200012207031,339.8371276855469,954900,-0.02483940755387637,41.071399062296884,0.0006693888178311275,0.03155135527720954,355.6318664550781,10.624525827091583,376.8809181092613,334.38281480089495,0.023318143823072082,-0.030971188270727965,5.095206050217519,359.0025828764075,-0.02483940755387637,-8.6563720703125,36.82422838854757,0.6639336986584112,-0.23291739195629355,18.35884530203683,7.7962465023666025,10.213801604866457,17.19461537062161
1909,2020-08-03,361.0199890136719,367.1499938964844,359.82000732421875,366.6099853515625,352.2212219238281,862400,0.036441263268151,42.778291324525206,0.0007261834161293447,0.020303547712944053,353.21351405552457,8.8057298894692,370.824973834463,335.60205427658616,0.0014957857219961988,-0.003323864954767592,5.2808817952989715,358.09840141606355,0.036441263268151,12.38409423828125,38.98046025392473,0.13581040365141916,0.03381035772649951,18.582427978515625,7.7110030402993415,10.563691522993713,16.18226280696772
1910,2020-08-04,368.42999267578125,371.8699951171875,368.20001220703125,370.3299865722656,355.795166015625,833400,0.010146873241413612,41.24909299418603,0.000675193520969447,0.009961140469326118,353.5772269112723,8.859861916669377,371.2969507446111,335.85750307793353,0.004179921764070614,-0.000624217553733154,5.334466233478759,357.7913033626718,0.010146873241413612,3.573944091796875,47.865002638163155,0.005591847608002354,0.11538863416937989,18.901626586914062,4.596138839894203,12.903438319033086,17.943415614723058
1911,2020-08-05,371.010009765625,373.2099914550781,366.7099914550781,368.510009765625,354.0466613769531,591300,-0.004914357489036458,41.182491909015965,0.0006730149364429228,0.017519742941992832,351.7559291294643,6.748508052635904,365.2529452347361,338.25891302419245,0.012668072466352605,-0.011590033145637469,5.308250759394251,357.292017764576,-0.004914357489036458,-1.748504638671875,42.50471820295952,-0.23597681388821456,0.07547754683518557,17.776620047433035,4.934155509408359,12.930746182731683,18.861329616632446
1912,2020-08-06,368.04998779296875,369.55999755859375,364.17999267578125,369.2300109863281,354.7384033203125,402100,0.001953815750356247,39.99789376852519,0.0006348537721897722,0.014617592884798025,350.777335030692,5.458405195197721,361.6941454210874,339.86052464029655,0.0008965808537161133,-0.010514862778271317,5.318622103334795,356.9515358386742,0.001953815750356247,0.691741943359375,43.50578084337509,-0.36736912226950835,0.09126713783970922,17.674057006835938,5.053128340548784,11.983009099347658,19.37362100626524
1913,2020-08-07,370.739990234375,371.1700134277344,362.3299865722656,366.07000732421875,351.70233154296875,572500,-0.008558621646053699,39.889775107750445,0.0006314262532328996,0.02384427655047476,350.9763445172991,5.463887799932871,361.90412011716484,340.04856891743333,0.013756288066716232,-0.022684371483078277,5.273102029074015,356.2516419325801,-0.008558621646053699,-3.03607177734375,37.994866929453146,-0.7083190313334171,0.02196624885236903,17.138085501534597,4.602594841169531,12.06476950022052,20.415813348320572
1914,2020-08-10,364.760009765625,366.7799987792969,359.5400085449219,365.4100036621094,351.0683288574219,547900,-0.001802668417822062,39.83195715529714,0.00062959714715136,0.019848640312919788,351.34417724609375,5.354456958714288,362.0530911635223,340.6352633286652,0.0037558807997285244,-0.014310782654209311,5.263596374582249,355.560533522559,-0.001802668417822062,-0.634002685546875,40.68602951834781,-1.0179487295172862,0.007494604915413154,17.059709821428573,4.660093462101953,10.719246058848187,21.065372332791558
1915,2020-08-11,366.0400085449219,369.3699951171875,360.6600036621094,361.30999755859375,347.12921142578125,627000,-0.011220372525373556,39.576918255072215,0.0006215604994320111,0.023795189738143614,352.38590349469865,2.8803543813981287,358.1466122574949,346.6251947319024,0.022019444242266744,-0.014697860226260608,5.204536862436231,354.43635724298866,-0.011220372525373556,-3.939117431640625,33.38286069787701,-1.563167134555556,-0.0830636923670955,16.524525233677455,4.4295102559612625,10.837178827244633,22.074902750707196
1916,2020-08-12,366.5899963378906,376.0299987792969,365.6400146484375,374.80999755859375,360.099365234375,565400,0.037364051718150604,41.19922551800547,0.0006735619774934417,0.028342246746097227,353.5113525390625,4.090284653991833,361.69192184704616,345.33078323107884,0.003327971938379449,-0.002591401017330312,5.39899944693332,355.1914249751735,0.037364051718150604,12.97015380859375,45.255814950531445,-0.9378625368537996,0.2831881940898426,17.373236519949778,6.077520702173958,10.70655774986,22.5891017551589
1917,2020-08-13,376.5799865722656,378.1400146484375,373.0,374.760009765625,360.05133056640625,470700,-0.0001333928148901098,36.6882700808456,0.0005341385561607421,0.013649197598691645,354.119376046317,4.749565450454017,363.618506947225,344.62024514540894,0.008975529776763316,-0.009506576822766512,5.398279259199503,355.83941238733786,-0.0001333928148901098,-0.04803466796875,54.27642497295733,-0.44109546046553305,0.2817348010079567,18.062567574637278,6.033428502280596,12.495461680328773,23.272762353780763
1918,2020-08-14,371.0799865722656,374.1499938964844,369.6700134277344,371.1000061035156,356.5350036621094,543900,-0.00976618222397696,35.583472925496494,0.0005024537878728341,0.01207281618750827,354.474853515625,4.835556699175002,364.14596691397503,344.80374011727497,0.00821921931479531,-0.003799647503373686,5.345558680258246,355.9321578906407,-0.00976618222397696,-3.516326904296875,42.61823591505385,-0.32736846750731274,0.18693591702368953,16.888126918247767,4.695705058846263,13.13037136029242,25.467999650231324
1919,2020-08-17,376.6600036621094,380.5,376.25,378.510009765625,363.65411376953125,428200,0.01996749276872878,36.332219124846475,0.0005238214867205794,0.011283385436943153,355.748526436942,5.959995985478753,367.66851840789946,343.8285344659845,0.00528325337181317,-0.0010885245529737137,5.452296084551118,356.96175200782614,0.01996749276872878,7.119110107421875,51.44621088645266,0.3333707915847981,0.43394218069353635,17.532466343470983,4.609521206106408,12.703640949567452,27.372409553542834
1920,2020-08-18,383.6099853515625,383.9800109863281,376.989990234375,377.2200012207031,362.41473388671875,466500,-0.003408128317222814,35.530354934662554,0.0005009548102313888,0.018221686136629275,357.27886962890625,6.121033266922633,369.5209361627515,345.036803095061,0.017622090205576202,-0.017257098016154486,5.433713959871476,357.6888162583452,-0.003408128317222814,-1.2393798828125,59.86227150087168,0.7483769920556256,0.3512255223744938,18.657784598214285,4.141104282117006,12.824734869724022,29.189761750743305
1921,2020-08-19,380.3900146484375,380.42999267578125,373.9599914550781,374.94000244140625,360.22430419921875,354400,-0.006043986302677995,34.969660956520514,0.0004852687251642837,0.017008861882672716,358.5868661063058,5.521640368708922,369.63014684372365,347.543585368888,0.014432529832437731,-0.016903764414799648,5.400872667125342,358.02688131712836,-0.006043986302677995,-2.1904296875,59.499044893702724,0.8902606556204091,0.2853281601602631,19.05096435546875,4.121074504950594,12.478850340820818,31.392336079817614
1922,2020-08-20,369.5400085449219,373.3800048828125,368.3800048828125,372.1700134277344,357.5630187988281,498200,-0.007387856314433505,33.935037590186845,0.0004569788794632515,0.01353033469823117,360.07741001674106,2.488287183869968,365.053984384481,355.1008356490011,0.0032743178738413557,-0.0031390475599027408,5.3609717958880685,357.965032981355,-0.007387856314433505,-2.661285400390625,65.8970336440986,0.7789813782611645,-0.08089155272522944,19.014478410993302,4.262667735784174,11.116089817485381,33.32414677898156
1923,2020-08-21,366.1499938964844,372.1300048828125,365.5400085449219,372.1199951171875,357.5149230957031,605400,-0.00013450972443007636,33.227068721506555,0.0004381103554856029,0.017998078513565965,359.7082039969308,2.6696162099300986,365.047436416791,354.3689715770706,2.733788281266474e-05,-0.0016659439074986062,5.360250693049126,357.90501832993476,-0.00013450972443007636,-0.048095703125,56.09645861068898,0.6790827843171314,-0.08285946182181432,18.104058401925222,4.291270856035051,11.190680396314672,34.80209440959646
1924,2020-08-24,380.25,380.79998779296875,374.5299987792969,377.989990234375,363.15460205078125,590700,0.015774667267717035,30.00597687307769,0.00035728517782050517,0.016489122981385603,360.15152849469865,2.9761628450233792,366.1038541847454,354.1992028046519,0.0073898686616535175,-0.015042738252999672,5.444806864203525,358.60496282604765,0.015774667267717035,5.639678955078125,58.09050479349845,1.0429647395032475,0.1478966098520322,18.363793509347097,4.123191379643237,13.116358541897815,36.642027412759305
1925,2020-08-25,379.29998779296875,380.8299865722656,376.2699890136719,380.8299865722656,365.8830261230469,378200,0.0075131199132763005,26.98183662216152,0.00028889662996230814,0.01202214000882781,361.4869602748326,3.1736529584447855,367.8342661917222,355.139654357943,0.0,-0.007988396722413613,5.485714351078917,359.57537126564756,0.0075131199132763005,2.728424072265625,62.73772350311535,1.5338238641232351,0.2595342448648311,18.38240487234933,4.267566377587383,11.46633903997261,37.71386653292958
1926,2020-08-26,380.0899963378906,386.6700134277344,380.0799865722656,385.9200134277344,370.7733459472656,417600,0.013365801294575874,26.84123210090348,0.00028589354789467116,0.017338069717600192,362.50399344308033,4.738711989810561,371.98141742270144,353.0265694634592,0.0019732168887004026,-2.6335251444243656e-05,5.5590353190542405,361.06843455652995,0.013365801294575874,4.89031982421875,65.82590429995403,2.291031610254606,0.41405585626931957,18.75909423828125,5.765341904219497,11.286856028701742,38.256716532745926
1927,2020-08-27,386.7200012207031,386.79998779296875,373.239990234375,376.2200012207031,361.4540100097656,636100,-0.02513485944813698,25.98456774755411,0.00026793561945524975,0.035064122661850605,362.3667471749442,4.755610548065978,371.87796827107616,352.8555260788122,0.02735826059906214,-0.03485728936640909,5.419309747642583,361.11984461696136,-0.02513485944813698,-9.3193359375,58.562562066871706,2.1147541102407104,0.07021287314372715,18.730167933872767,5.627460925434089,10.950786012781622,38.78672027811898
1928,2020-08-28,376.1199951171875,379.8900146484375,374.79998779296875,379.4700012207031,364.57647705078125,490200,0.008638628856078467,25.96978762315595,0.0002676309004729459,0.01353298660413641,362.98848615373885,4.713136231585834,372.4147586169105,353.5622136905672,0.0011167006093454608,-0.003509537757511339,5.466125153208595,361.5807289414707,0.008638628856078467,3.122467041015625,61.36434240680102,2.201630885749694,0.1498269229646666,18.970049176897323,5.542104465092799,11.18402380745361,39.59086126335155
1929,2020-08-31,375.9200134277344,378.44000244140625,373.30999755859375,374.17999267578125,359.49407958984375,533300,-0.013940552341860424,24.783219672353653,0.00024373332433656235,0.01364653303780187,363.2643519810268,4.387945349797507,372.0402426806218,354.48846128143174,0.011332223913223312,-0.006943008554776948,5.389924349403131,361.30250902792045,-0.013940552341860424,-5.0823974609375,60.206172894239415,1.8391735091562964,-0.2843807552462007,18.653039114815847,5.539310727372431,11.178386016002152,40.557899601044
1930,2020-09-01,384.1099853515625,386.8999938964844,382.3299865722656,386.8999938964844,371.7148742675781,634500,0.033994425420517116,24.375823440140337,0.00023578601920035513,0.011897653012159998,365.2929164341518,4.565710324100574,374.4243370823529,356.16149578595065,0.0,-0.004634086191921577,5.573151730721145,362.6908243932082,0.033994425420517116,12.220794677734375,59.707730283041926,2.5091158976940733,0.2890856721586915,18.54626246861049,5.53799229707697,11.16037046098102,41.417908586530096
1931,2020-09-02,395.6600036621094,401.1499938964844,390.489990234375,398.489990234375,382.8499755859375,904300,0.02995602836797917,26.04888851125777,0.0002692637272507686,0.02694233322409039,368.1065412248884,7.888143116913264,383.8828274587149,352.3302549910619,0.006722953135240321,-0.01306680831997749,5.74010122206568,365.37871121890544,0.02995602836797917,11.135101318359375,66.07504813481364,3.893675812711649,0.4860986846841288,19.360153198242188,8.958820051754333,8.796591789994899,39.20087304861377
1932,2020-09-03,389.1000061035156,389.30999755859375,370.0799865722656,376.1600036621094,361.3963928222656,1258500,-0.05603652639872303,33.19859041660626,0.0004373596847815797,0.049421769942640914,367.46559361049106,8.271871878679454,384.00933736785,350.92184985313213,0.03379592313084151,-0.04888208489565004,5.418445888404054,364.8477354326868,-0.05603652639872303,-21.453582763671875,52.735715880403234,3.2226756873446334,-0.11636106226239815,19.726678030831472,8.585534542989386,8.756924848379814,37.11643546503427
1933,2020-09-04,365.5,371.0,352.8599853515625,367.4200134277344,352.9994201660156,1206300,-0.023234799303543774,34.25529252995002,0.0004656448675843052,0.04963068303266074,364.9264613560268,9.69314007110446,384.3127414982357,345.54018121381785,0.00979476490359952,-0.03458280341569767,5.292549385649873,363.2679600637973,-0.023234799303543774,-8.39697265625,44.08914974758941,1.990393716973415,0.0028874464646949792,19.31060791015625,8.529874592812286,8.700153776255549,35.22647046314614
1934,2020-09-08,345.3699951171875,353.3900146484375,343.25,347.3500061035156,333.71710205078125,1541000,-0.054624220363211684,39.0806428802179,0.0006060700983853676,0.029359859836685848,360.9640459333147,15.361221873302929,391.68648967992056,330.24160218670886,0.01748851559288594,-0.006138330333149423,5.003448001724954,359.32784566206186,-0.054624220363211684,-19.282318115234375,36.735087122385494,-0.5359425335865922,-0.16464419609891492,18.583044869559153,8.26077871847932,8.837385060705332,33.255096902549305
1935,2020-09-09,357.9700012207031,361.5400085449219,353.510009765625,359.3699951171875,345.265380859375,847300,0.03460499548158147,41.11015950791236,0.0006706528630023796,0.022432043891706034,358.20531790597096,16.309134397980632,390.82358670193224,325.5870491100097,0.006061997989592634,-0.012459120708073965,5.176592297216974,357.45285035503696,0.03460499548158147,11.54827880859375,43.63607423363987,-1.587927981247617,0.03480796324397146,19.28359113420759,8.004994103976859,11.056350115158729,32.141291255345116
1936,2020-09-10,364.2699890136719,366.80999755859375,355.0299987792969,357.0,342.9884033203125,678600,-0.006594861996864654,40.9888108152331,0.000666699449224988,0.03233864752677922,355.8473641531808,17.25737113233885,390.3621064178585,321.3326218885031,0.026930567585751783,-0.025365774049610774,5.142453385402796,355.5242574170737,-0.006594861996864654,-2.2769775390625,43.779227785970875,-2.5756762925739736,-0.004518077845659045,19.882799421037948,8.588416946382162,10.969923136167932,30.722474887553133
1937,2020-09-11,364.0,367.1499938964844,357.5899963378906,359.2300109863281,345.130859375,678700,0.006246438754043515,38.746864845494095,0.0005957617203789627,0.026263729556576236,352.04964773995533,16.067608192359064,384.1848641246735,319.9144313552372,0.021758194808121564,-0.01760990017063015,5.174575405520238,354.13847101146393,0.006246438754043515,2.1424560546875,44.807046020105815,-3.149292562981941,0.0324846213000068,20.568128313337052,7.063752950767609,11.720890943558077,30.58972876901921
1938,2020-09-14,369.7699890136719,369.9800109863281,365.3599853515625,367.94000244140625,353.4990234375,575700,0.024246351304702207,39.78023829061542,0.0006279632374833909,0.012494322881878886,347.85665457589283,8.938496806086416,365.7336481880657,329.97966096372,0.005516966237209823,-0.011926342843216298,5.300039978655153,354.05321133493544,0.024246351304702207,8.3681640625,46.041744127683444,-2.895271794777557,0.17701251326249812,20.67984880719866,6.948401391687307,11.627826631533635,30.128535847968816
1939,2020-09-15,374.54998779296875,374.760009765625,369.1000061035156,370.25,355.71832275390625,717100,0.006278091788840978,39.7011522558328,0.0006254688454130231,0.015111477363704849,347.0455017089844,7.673068517667736,362.39163874431983,331.6993646736489,0.012041142471263122,-0.014550745873914122,5.333314116125677,354.2752261907982,0.006278091788840978,2.21929931640625,45.81556406096457,-2.4862200019152283,0.2153423845984777,20.935963221958705,7.958164372016554,11.431449198772196,28.728377358866787
1940,2020-09-16,372.0,372.9800109863281,362.3599853515625,362.3800048828125,348.1571960449219,973900,-0.02125593826724337,39.68222519922389,0.0006248726177626664,0.028548456007434476,346.35375540597096,7.253654383945501,360.86106417386196,331.84644663807995,0.028494640063214047,-0.025914017872143816,5.219949520513492,353.4594888380147,-0.02125593826724337,-7.561126708984375,40.890081987123196,-2.740571639541315,0.08475296307794317,20.684156145368302,8.08597312659821,10.038577122586224,27.015139490660832
1941,2020-09-17,355.510009765625,367.6300048828125,355.1400146484375,366.739990234375,352.3460998535156,901000,0.012031645062000385,39.961395704972716,0.0006336956931307189,0.03513259793334428,349.0150408063616,4.870645330495417,358.7563314673524,339.27375014537074,0.00250348688922783,-0.0010407445839047528,5.282754100385869,353.31103697341484,0.012031645062000385,4.18890380859375,46.17310969970924,-2.5744608336962074,0.15710018674229825,20.930310930524552,7.2670697419251615,10.059136655817571,25.34521920295335
1942,2020-09-18,370.2900085449219,370.9100036621094,359.92999267578125,366.3399963378906,351.9617614746094,912200,-0.001090797880453409,39.91998465664865,0.0006323830059472475,0.029652463563558672,349.97166660853793,4.664697169766741,359.30106094807144,340.6422722690044,0.012341697639039423,-0.027978113451807587,5.276991683410212,353.1311335735741,-0.001090797880453409,-0.38433837890625,44.5748157761211,-2.44563792676513,0.1504622174949546,20.939446585518972,7.257510440079133,11.19434622356469,23.9636687799348
1943,2020-09-21,355.30999755859375,363.0,352.57000732421875,362.6199951171875,348.3877258300781,657900,-0.010154613471523577,39.988966966973074,0.0006345704282085966,0.029354627641912195,350.7429983956473,3.654554949423477,358.05210829449425,343.43388849680036,0.0010695023653248988,-0.00771154837522733,5.223405872572736,352.49867920777467,-0.010154613471523577,-3.57403564453125,45.16072926874997,-2.6019460376875827,0.08873447964888442,20.737640380859375,7.294543464363014,11.25146780802016,22.857549946989177
1944,2020-09-22,363.989990234375,365.1000061035156,358.7300109863281,364.6400146484375,350.3285827636719,971200,0.005570968176245028,40.05207844593219,0.0006365749951742482,0.01750046783727714,351.4855303083147,2.737115017367185,356.9597603430491,346.01130027358033,0.0012637475409198319,-0.014450889829854792,5.2525053004604505,352.2093330152276,0.005570968176245028,1.94085693359375,39.764622510334895,-2.5399316565260506,0.12225532832226566,19.973809378487722,7.257026179631566,12.670418703487002,22.02904045691536
1945,2020-09-23,365.2099914550781,366.5799865722656,356.92999267578125,357.55999755859375,343.5263671875,709800,-0.019416673120162153,40.08790766375447,0.0006377144209752795,0.026423137707806528,350.0608651297433,3.8737840805213133,357.80843329078596,342.3132969687007,0.024698089386148023,-0.022671884595236596,5.150519121979491,351.0516042381973,-0.019416673120162153,-6.802215576171875,30.36559097840781,-3.0050266841251414,0.0060001563644988985,19.032115391322545,7.7423995207432945,10.695484084621553,20.30763531522325
1946,2020-09-24,354.6499938964844,363.5899963378906,353.67999267578125,360.1600036621094,346.0243835449219,768400,0.007271687404589944,40.08052094754551,0.0006374794283439025,0.0279430532430854,348.676016671317,3.1858787029839837,355.04777407728494,342.304259265349,0.00967148663417826,-0.0027350944237891344,5.187972087005888,350.38130814576056,0.007271687404589944,2.498016357421875,40.53260688149472,-3.1359000967901807,0.08804768914887848,19.091659545898438,7.697569935718618,10.211706608883143,18.797394065067767
1947,2020-09-25,352.82000732421875,361.1099853515625,351.0899963378906,360.4800109863281,346.33184814453125,724100,0.0008885633909943014,39.6954149905627,0.0006252880838384882,0.02839971885286016,348.4152526855469,3.307791431011475,355.03083554756984,341.7996698235239,0.001785540366636491,-0.004903381187049171,5.192581929075902,349.84138014559664,0.0008885633909943014,0.307464599609375,45.43907105958309,-3.1781724025071867,0.09780536938751792,18.873487200055802,6.369740661464442,10.354837717412751,18.390142395543315
1948,2020-09-28,365.8999938964844,371.489990234375,364.3500061035156,371.05999755859375,356.49652099609375,821900,0.029349518116857043,40.33888087829776,0.0006457243295688477,0.019513485241760692,349.0081699916295,4.340571898429103,357.68931378848765,340.3270261947713,0.0011751644792399147,-0.004236096799190579,5.34498170647658,350.7287322589963,0.029349518116857043,10.1646728515625,67.80287274517362,-2.3642161478587127,0.22841240351254932,19.946210588727677,6.19863428081224,13.315773087300087,18.59780429042796
1949,2020-09-29,370.07000732421875,375.8800048828125,369.57000732421875,374.0,359.3211975097656,608800,0.007923433602603946,40.31956535113638,0.0006451060913113323,0.017050821287080294,350.0595179966518,5.815795903979215,361.6911098046102,338.42792618869333,0.005080133071052758,-0.0013510957119039085,5.38733231413498,351.8743942924322,0.007923433602603946,2.824676513671875,62.7194583706381,-1.4742281791903906,0.3320370445600805,19.343394688197545,6.184544926495577,14.163531656150905,18.858819184158232
1950,2020-09-30,368.7799987792969,373.25,367.5,369.2699890136719,354.7767333984375,867800,-0.012647358805500497,40.26721943017634,0.0006434321272372901,0.015591951892817247,350.9722333635603,6.0078667691084,362.9879669017771,338.9564998253435,0.010792372144645608,-0.0034709007634194217,5.319196789353648,352.2613728398996,-0.012647358805500497,-4.544464111328125,60.247034493150075,-1.1226651906338247,0.14871866840490006,18.799407958984375,6.183576590748901,14.16131402265243,19.119834077888505
1951,2020-10-01,375.5299987792969,382.6499938964844,374.4200134277344,382.010009765625,367.0167541503906,891600,0.03450062983190838,40.32191486385967,0.0006451812770985504,0.02191564054936354,353.3562578473772,8.502883145345207,370.3620241380676,336.3504915566868,0.0017042157296080645,-0.002955783439860022,5.5027124287862135,354.22875701463175,0.03450062983190838,12.240020751953125,66.18342160431283,0.14198171440972374,0.5046501598401791,19.064527239118302,8.428808235010509,11.984347607243333,18.345912448730058
1952,2020-10-02,372.3999938964844,375.7200012207031,370.0,370.0,355.4781799316406,711600,-0.03143882149320598,40.12670992133939,0.0006389495432981415,0.015359831671461058,355.06365966796875,7.317369595788367,369.6983988595455,340.428920476392,0.015359831671461058,-0.006444666852361707,5.329713635009158,354.3953467368996,-0.03143882149320598,-11.53857421875,51.39793318080723,0.21072785088932733,0.13904258343502637,17.911248343331472,5.276738864543214,12.610745210020335,20.254821369061776
1953,2020-10-05,375.1499938964844,382.3999938964844,374.9100036621094,382.1099853515625,367.11285400390625,649900,0.032729643418628385,37.07003908584723,0.0005453126181850163,0.01996532148802786,358.07629830496654,7.316716217274901,372.7097307395163,343.44286587041677,0.0007730469136083671,-0.0006397180815128063,5.50415326180641,356.0910143725005,0.032729643418628385,11.634674072265625,57.10346459796829,1.1903094752533434,0.5076951490971399,18.31559317452567,6.82844133901372,12.370848225276832,21.58241664514888
1954,2020-10-06,374.20001220703125,377.3800048828125,368.55999755859375,370.1099853515625,355.58380126953125,686600,-0.03140465556744665,37.843230673481855,0.0005682976618279197,0.023570302075081068,359.3980058942522,5.435348386020353,370.26870266629294,348.5273091222115,0.01942816486929392,-0.01507219258271185,5.331297224428941,356.0233859587713,-0.03140465556744665,-11.529052734375,54.411566896180666,1.0245266611125317,0.1423892674040137,17.815983363560267,6.964038242043403,12.616504389534086,22.91001192123598
1955,2020-10-07,374.42999267578125,376.5299987792969,371.6300048828125,375.79998779296875,361.0505065917969,550900,0.015373887400798258,32.33576399075454,0.00041492128288324516,0.01308654219035086,360.048575265067,5.301061731105306,370.6506987272776,349.44645180285636,0.0019496594840366893,-0.007478000821887306,5.4132599876575,356.6936687098414,0.015373887400798258,5.466705322265625,55.0932886860013,1.319054776469386,0.31560554576766797,17.92122541155134,6.779260321848947,13.035548512291042,24.252939128794498
1956,2020-10-08,376.7699890136719,380.95001220703125,376.44000244140625,380.8900146484375,365.9407653808594,686700,0.01354452825790231,30.5965550366382,0.00037148776988493276,0.011970193744548335,360.99422781808033,5.723293742338252,372.44081530275685,349.5476403334038,0.0001592418726099038,-0.0008758302993544711,5.4865800405276985,357.9266149326438,0.01354452825790231,4.8902587890625,57.76993881264783,1.9248845733668531,0.47055672344071214,18.016625540597097,6.913766727172368,11.929455848350036,24.758173254147444
1957,2020-10-09,385.79998779296875,389.9800109863281,385.7699890136719,388.989990234375,373.72283935546875,539300,0.021265938946457785,31.020667314233908,0.0003818578573890396,0.010912447138063332,363.7008143833705,6.6910087247754175,377.0828318329214,350.31879693381967,0.002566150293618978,-7.77573360447414e-05,5.603257316694415,360.03277818902046,0.021265938946457785,7.782073974609375,63.452692658084096,2.9983937675047514,0.5819705449374896,18.945268903459823,5.559388627948848,14.177201962124656,26.257588546848314
1958,2020-10-12,395.42999267578125,401.0,395.42999267578125,399.0400085449219,383.3783874511719,840300,0.02583611992340451,31.906987791499265,0.0004039904245741599,0.014085950553542557,366.03819056919644,10.054731222927082,386.1476530150506,345.9287281233423,0.0049566079745628966,0.0,5.748023744690226,363.14552609064066,0.02583611992340451,9.655548095703125,66.22021883851673,4.575535647839786,0.6469322529381804,19.699903215680802,8.237886232753318,13.43596449462812,26.219060785845016
1959,2020-10-13,401.510009765625,409.1099853515625,398.2799987792969,405.1499938964844,389.2486267089844,1027900,0.015311867987237937,31.381106998139696,0.0003907832842971001,0.026973142160484256,370.862540108817,12.047654000970995,394.95784811075896,346.767232106875,0.009862746528759535,-0.008044658682889604,5.836036725456432,366.62593950641985,0.015311867987237937,5.8702392578125,72.64679109732019,6.2273264561575274,0.6576807583004199,20.377059936523438,10.21829414741585,11.49220555292787,25.2989334144627
1960,2020-10-14,402.6400146484375,406.0,395.5,398.0299987792969,382.40802001953125,954800,-0.017573874947971024,32.311984656644775,0.0004143112509727171,0.026077885003973105,373.0475638253348,12.62730811610174,398.3021800575383,347.7929475931313,0.01979435955381156,-0.017732998183679675,5.733474945851494,368.7302169081681,-0.017573874947971024,-6.840606689453125,67.2779803316473,6.904808448060805,0.5397798967914458,20.140470232282365,9.14207570201628,11.621339509485317,25.014524802395186
1961,2020-10-15,383.79998779296875,387.9200134277344,380.7200012207031,386.57000732421875,371.3977966308594,786200,-0.028791821332903922,33.138699893173865,0.0004357831073848576,0.018759803116291697,375.3067060198103,10.154687969605382,395.6160819590211,354.9973300805995,0.0035174730235891824,-0.008024978296578389,5.568397759593857,369.08589420452694,-0.028791821332903922,-11.010223388671875,60.80505280572424,6.478603488227009,0.15745741275452632,19.577213832310267,9.377168788507817,11.920188114933682,25.0701097867173
1962,2020-10-16,390.760009765625,392.3800048828125,385.8699951171875,386.8999938964844,371.7148742675781,594500,0.0008537412973235181,32.99305661795039,0.0004319610257917778,0.016659866933491113,376.83018711635043,8.287753990122445,393.4056950965953,360.25467913610555,0.014023981086536966,-0.012514112309932879,5.573151730721146,369.43642487960045,0.0008537412973235181,0.31707763671875,57.168716664946395,6.096145926748193,0.10129477893266915,19.27893284388951,9.34113346134643,13.185551084886917,25.11541246878507
1963,2020-10-19,392.19000244140625,392.2699890136719,383.7900085449219,385.30999755859375,370.1872253417969,392700,-0.004109733108720204,33.05393977954624,0.0004335567202182021,0.02162212299130935,377.4368242536272,7.473225232959735,392.3832747195467,362.4903737877077,0.017746478522531837,-0.021418174466952013,5.55024756453348,369.5365316078933,-0.004109733108720204,-1.52764892578125,55.18184136135652,5.605164208698227,0.06458126142301002,19.362620762416295,9.29401693253594,11.90568256821415,24.686061796488843
1964,2020-10-20,386.82000732421875,389.2699890136719,384.260009765625,384.9599914550781,369.85101318359375,356800,-0.0009082219352456455,32.7577719302991,0.0004258220721577347,0.012951706615960247,376.88370622907365,7.9236338593072855,392.7309739476882,361.0364385104591,0.01114212676952168,-0.006618058813199006,5.545206707949327,369.5784624846534,-0.0009082219352456455,-0.336212158203125,57.48928962172836,5.129795064173379,0.03183763288885277,19.730760846819198,9.10840780825869,11.784595810312416,24.280028410776133
1965,2020-10-21,385.6499938964844,389.2900085449219,382.9800109863281,383.0,367.9678955078125,359100,-0.00509155743436196,32.86260457576011,0.0004285518966280829,0.016361980185295867,374.6822073800223,7.959150473744206,390.60050832751074,358.7639064325339,0.016310148177028704,-0.006923331913426461,5.516972969510394,369.36372022107463,-0.00509155743436196,-1.88311767578125,50.52676127085234,4.548675434763425,-0.01460178123367817,19.128313337053573,9.052102536595218,10.186399662030118,23.26719325509394
1966,2020-10-22,381.1000061035156,382.0899963378906,375.3999938964844,375.5,360.76226806640625,611700,-0.01958221771348323,32.87659185237493,0.00042891678247128796,0.01755445377660028,370.6127275739397,6.399842898657692,383.41241337125507,357.81304177662435,0.017292039444629734,-0.014956736068597685,5.408938403702039,368.21685993378554,-0.01958221771348323,-7.20562744140625,53.073964832147944,3.4667376336632287,-0.19229918223402287,19.515374319893972,8.733015431971516,10.24016594314919,22.88277358492352
1967,2020-10-23,378.8399963378906,379.55999755859375,374.1400146484375,378.55999755859375,363.7021484375,467600,0.008149079411355231,32.89390926283798,0.0004293687565840547,0.014306786407320417,367.9404602050781,4.17109147694329,376.28264315896473,359.5982772511915,0.0026396368114946643,-0.012406244680831353,5.453016272284936,367.6148984009475,0.008149079411355231,2.93988037109375,47.792545669153235,2.8140789571772302,-0.11979902795275531,18.935082571847097,8.76050578318929,10.272400600295777,22.59255465360202
1968,2020-10-26,371.54998779296875,374.8800048828125,364.0,367.489990234375,353.0666809082031,900400,-0.02924224554346977,34.69575892436692,0.00047769670132451853,0.02928274859445008,365.3217293875558,6.654070213069934,378.6298698136957,352.01358896141596,0.019889691538774287,-0.020320247721756557,5.293557831498243,365.6751360685816,-0.02924224554346977,-10.635467529296875,48.35182182626639,1.422254049249375,-0.24237026473381845,19.000132969447545,8.84646906709897,10.373199493771962,21.836163971493107
1969,2020-10-27,368.4100036621094,370.5400085449219,364.4599914550781,366.3699951171875,351.9906311035156,968700,-0.0030477240217614554,33.158436558077376,0.000436302347212715,0.01650339846748595,362.5039803641183,7.604031995055616,377.71204435422953,347.2959163740071,0.011318947331188491,-0.010721783251722013,5.277424528134603,363.8505354065728,-0.0030477240217614554,-1.0760498046875,43.70579999101053,0.22974618483800668,-0.2662241808080835,18.752070835658483,9.020538866583125,7.299901177084305,20.601480041045992
1970,2020-10-28,359.4700012207031,365.07000732421875,357.3800048828125,362.8599853515625,348.61834716796875,953100,-0.00958060708881514,33.15938338920144,0.00043632726458414607,0.02139261249976972,359.42271205357144,8.309100137308171,376.0409123281878,342.8045117789551,0.006148001127079772,-0.005814105017924525,5.226863597289669,361.81957697475895,-0.00958060708881514,-3.372283935546875,37.70623670986363,-0.9761871417939574,-0.16937291751224715,18.264918736049108,9.168532672293194,6.061170674508416,19.705804485528244
1971,2020-10-29,363.3399963378906,373.79998779296875,362.2200012207031,370.8599853515625,356.3043518066406,808800,0.022047045719508995,33.825682571815115,0.0004540384132734907,0.031870938209336945,357.4874747140067,6.9402878398398515,371.36805039368636,343.606899034327,0.008091601450538282,-0.0030824988398633455,5.342100497988752,361.08421361900986,0.022047045719508995,7.686004638671875,37.621176138889794,-1.296753484739213,-0.020793610715195907,18.34651838030134,11.114987200032964,5.888717872862071,19.30216523432955
1972,2020-10-30,363.80999755859375,365.8299865722656,359.010009765625,361.2099914550781,347.03314208984375,821100,-0.026020478475177855,32.61830824899152,0.0004222039813596143,0.018745985136217228,354.4967956542969,6.135284477689304,366.7673646096755,342.22622669891825,0.012698922921829333,-0.013193666543470081,5.203096486968598,359.21073741512106,-0.026020478475177855,-9.271209716796875,24.028591727868303,-2.2727153150563595,-0.2000167542924025,17.07855224609375,9.163355607729818,6.175189649558558,19.40042880996023
1973,2020-11-02,364.4800109863281,368.32000732421875,361.7200012207031,365.2099914550781,352.2374572753906,893200,0.01499659414143073,31.362601667867473,0.0003903225330862394,0.018108005664440114,353.27896554129467,5.497226388637512,364.27341831856967,342.28451276401967,0.008532747408354538,-0.007572458522913428,5.281125213262371,358.28096672982366,0.01499659414143073,5.204315185546875,23.29862043760265,-2.596298838935752,-0.10577022056515899,16.761071341378347,8.867494630772214,6.671146112841953,18.121094638460495
1974,2020-11-03,368.4599914550781,376.3900146484375,367.8599853515625,372.05999755859375,358.8441467285156,813500,0.01875635119623209,29.84817924092446,0.00035353722380887065,0.023150489862384323,352.58496529715404,4.08807276097943,360.7611108191129,344.4088197751952,0.011751661483636702,-0.0016284158862028757,5.380179852473596,358.3560573963159,0.01875635119623209,6.606689453125,32.94248115068626,-2.293201884587006,0.041832624162946426,17.289727347237722,9.29015918621351,6.718886741443203,17.51126613657132
1975,2020-11-04,373.6600036621094,384.9599914550781,372.32000732421875,383.0,369.3955383300781,2451500,0.02940382809015185,29.452013390699545,0.0003442147193515655,0.033827500955358795,354.9176592145647,7.577896836342039,370.0734528872488,339.76186554188064,0.005245387346435109,-0.0035861379991377067,5.538377735949828,359.8279881874842,0.02940382809015185,10.5513916015625,48.54090405682491,-1.1878929534530585,0.3433009556361607,18.640858241489955,11.052151856231644,6.45453456571232,17.387184892122885
1976,2020-11-05,397.20001220703125,399.67999267578125,393.4599914550781,398.19000244140625,384.04595947265625,1115500,0.039660525432462235,31.940141446559018,0.0004048304109627765,0.01565961991325694,359.4969918387277,13.150700197816345,385.7983922343604,333.195591443095,0.003751234110230534,-0.009415963335881588,5.758032707001049,363.0570510255072,0.039660525432462235,14.650421142578125,57.433172000581315,0.8603216330649843,0.6304009996493724,19.305304391043528,10.801741837607429,10.692556747406817,15.90785974624115
1977,2020-11-06,402.1000061035156,407.5,398.19000244140625,406.239990234375,391.81005859375,710700,0.02021658848267749,32.295717737385104,0.0004138942000685916,0.023153437993723897,365.667236328125,16.817309772901876,399.30185587392873,332.03261678232127,0.003133573107433941,-0.009723958226210007,5.874440484708287,366.89078536793954,0.02021658848267749,7.76409912109375,62.12276390742901,3.0746022602752987,0.6869524554109644,19.51237051827567,12.590502615551834,9.444073556990459,15.320312471877008
1978,2020-11-09,417.0400085449219,420.6499938964844,406.32000732421875,406.3299865722656,391.8968200683594,1273700,0.00022143758871528973,31.649663771502574,0.0003975004828766518,0.03436117945197591,370.7518746512277,18.78068190309944,408.31323845742656,333.1905108450288,0.03433725069731831,-0.025704970748743904,5.875741306644272,370.22492332799555,0.00022143758871528973,0.086761474609375,62.3945710729687,4.781320450391547,0.5455479876579117,20.20931134905134,15.573914506922016,7.117528761095182,15.01567934500179
1979,2020-11-10,409.1199951171875,410.1099853515625,397.9800109863281,399.29998779296875,385.1165466308594,1323100,-0.01730116982402996,31.157784541047718,0.0003852410863120444,0.02964894043313598,376.1923610142299,16.08755916940345,408.3674793530368,344.017242675423,0.026422559854346293,-0.02722913635073852,5.774084108455952,372.21047310171076,-0.01730116982402996,-6.7802734375,59.13810313217462,5.523128325691857,0.43838385592343543,20.121752057756698,13.23864906549203,7.274324925112826,15.258188123539119
1980,2020-11-11,407.3999938964844,418.6400146484375,407.2799987792969,418.04998779296875,403.2005310058594,933300,0.04695717318096393,34.78372305592555,0.00048012198001243104,0.027884182718046564,383.4728001185826,14.929990167828683,413.33278045424,353.6128197829252,0.0014482740901038624,-0.0002945388291242571,6.04521877589817,376.3424808222639,0.04695717318096393,18.083984375,70.26489180288881,7.483972242799609,0.7242063233667643,21.507563999720983,11.05814215373479,9.357430981788237,15.375461445198365
1981,2020-11-12,419.0,421.17999267578125,412.010009765625,412.7200012207031,398.0599060058594,800800,-0.012749549181335973,34.48215165764633,0.0004718328503733815,0.021885400740229714,389.0750514439174,10.984414636519137,411.0438807169557,367.1062221708791,0.020190910393981205,-0.01668255425865155,5.9681449618029205,379.23813751341,-0.012749549181335973,-5.140625,66.06860616240006,8.524880186484552,0.6376161270602957,21.44911629813058,11.025843803763838,10.45504348719771,14.933399913191852
1982,2020-11-13,419.57000732421875,421.3800048828125,416.3800048828125,419.5899963378906,404.6858825683594,582700,0.01664567685046503,32.903583366730686,0.00042962134856007787,0.011916962396543034,394.1165291922433,8.189866871444464,410.4962629351322,377.7367954493544,0.004266292903864939,-0.007603027827823751,6.067488774233823,382.63117018740326,0.01664567685046503,6.6259765625,75.0821957216111,9.771824652346197,0.7391543388366699,22.316419328962052,10.618736618880193,11.069957642458226,14.463871527943043
1983,2020-11-16,419.95001220703125,426.6499938964844,419.6300048828125,426.510009765625,411.3600158691406,547300,0.01649213275843353,33.14236590392961,0.0004358795308372841,0.016716249100169306,398.01853724888394,9.053409177510376,416.1253556039047,379.91171889386317,0.0003333352227416157,-0.0007620128941941536,6.167554604608792,386.46168294496823,0.01649213275843353,6.67413330078125,77.35962520968883,11.16982511366939,0.7792698072418353,22.637189592633927,11.799288420633875,9.868159606133135,14.075610588083345
1984,2020-11-17,424.9200134277344,427.45001220703125,422.25,426.4800109863281,411.33111572265625,524600,-7.025511807046136e-05,33.03115214180406,0.0004329591316726217,0.012237626006560432,400.8072596958705,9.79818039754826,420.40362049096706,381.210898900774,0.002282785442084365,-0.006283567126424514,6.167121302331839,389.77760731532663,-7.025511807046136e-05,-0.028900146484375,79.81926522007643,12.135527741326428,0.7644813572563075,22.85223388671875,11.920934237781418,10.574831490537616,13.77391786525761
1985,2020-11-18,424.1199951171875,427.3599853515625,421.0199890136719,423.80999755859375,408.7559814453125,543600,-0.006260489855768769,33.20815479933829,0.0004376117242765137,0.014948590990478619,403.21571132114957,9.302399359777866,421.8205100407053,384.61091260159384,0.008370243878711405,-0.007309266573623982,6.128512101979296,392.30805719932476,-0.006260489855768769,-2.57513427734375,76.21430286199389,12.54841193470179,0.7268552002504189,22.19846452985491,12.005587905587783,10.540636110356735,13.47337182403162
1986,2020-11-19,417.30999755859375,423.3800048828125,416.8699951171875,423.3599853515625,408.3218688964844,914100,-0.001062033507847726,33.08325794688612,0.0004343261731667474,0.015599937225829202,406.53075735909596,4.843796275559835,416.21834991021564,396.8431648079763,4.797280526975416e-05,-0.0010543779060660295,6.122003416773744,394.4432320922794,-0.001062033507847726,-0.434112548828125,83.59876399663395,12.69426479530648,0.708989196509863,22.562635149274552,12.136820455966756,10.659988749890019,13.501098703004354
1987,2020-11-20,424.0400085449219,428.3999938964844,423.5199890136719,423.5899963378906,408.5437927246094,484000,0.0005435021854811595,31.899177685226736,0.0004037926734101854,0.011508359552104675,407.29408046177457,4.648609879311666,416.5913002203979,397.99686070315124,0.011343263516806078,-0.0012263454409276813,6.125330739010283,396.3233068432567,0.0005435021854811595,0.221923828125,82.65103514473338,12.681576318590146,0.672015223500649,22.47629656110491,11.969174874283869,12.054982666104145,13.139841056175513
1988,2020-11-23,427.989990234375,429.6400146484375,421.95001220703125,427.1499938964844,411.9773254394531,596000,0.008404319869713905,31.901334538907918,0.00040384727990607904,0.017967715640253797,409.2822832380022,2.5380306191708835,414.358344476344,404.20622199966044,0.005817941561178907,-0.014112428246361906,6.176809977848716,398.4105093227496,0.008404319869713905,3.43353271484375,81.98817971767721,12.801015861736175,0.6918582178631096,22.257986886160715,12.191766452627569,11.991063439442378,12.801096132936944
1989,2020-11-24,425.4200134277344,427.6099853515625,423.0199890136719,424.2699890136719,409.19964599609375,610400,-0.0067423114619146185,29.627841244366348,0.0003483368955561015,0.010789328647017973,409.92710658482144,1.5609263435928102,413.04895927200704,406.80525389763585,0.007851055974022685,-0.005641540920289095,6.135164001136999,399.84906087919546,-0.0067423114619146185,-2.777679443359375,76.438230101411,12.527132062602732,0.43503716006197984,21.509187970842635,12.067750736992917,12.11340753957428,12.431821273278548
1990,2020-11-25,423.260009765625,424.67999267578125,420.75,423.4800109863281,408.43768310546875,308200,-0.0018620810112632835,29.578901472708356,0.0003471870683857892,0.009285055486242215,409.50963047572543,1.5035566430316367,412.5167437617887,406.50251718966217,0.002835093469183635,-0.005930184065853249,6.123739828749495,400.99421050936525,-0.0018620810112632835,-0.761962890625,69.86649420013343,12.109008034256249,0.33031177856925975,20.451751708984375,12.122919329526093,12.063270345004378,11.941525336290338
1991,2020-11-27,429.3299865722656,438.7200012207031,428.7799987792969,437.7699890136719,422.2200927734375,432500,0.03374421665302063,30.26830253933806,0.00036355957881464233,0.023152360078005245,411.06519862583707,5.080413252582857,421.22602513100276,400.9043721206714,0.0022127786009453177,-0.0012810374541033253,6.330380632257549,403.8243281445749,0.03374421665302063,13.78240966796875,72.55689272846959,12.742875073489358,0.5949947863918835,20.939485822405135,14.760988070196232,11.6053160679092,11.539871986938211
1992,2020-11-30,440.5400085449219,441.2900085449219,433.6700134277344,437.7300109863281,422.1815185546875,508500,-9.136045254642955e-05,30.067599709392866,0.0003587541874143976,0.017296942319395468,412.9831324986049,6.420726663102895,425.8245858248107,400.1416791723991,0.008080985811827207,-0.015594486275783886,6.329802285818195,406.2719535325899,-9.136045254642955e-05,-0.03857421875,72.47999412837919,13.091199453461286,0.5587972508106782,20.241627284458705,13.009960763689495,12.857837800494734,10.104253727067098
1993,2020-12-01,447.1000061035156,451.7300109863281,444.4800109863281,449.239990234375,433.28265380859375,685100,0.026294697342295503,27.933608107416923,0.00030963748488045575,0.01621561149860828,416.5489589146205,9.562877409858162,435.6747137343369,397.4232040949042,0.005569270225813011,-0.005859975579112162,6.4962425211603545,409.87338023605713,0.026294697342295503,11.10113525390625,83.59797054937962,14.100476358839671,0.5849864541810786,21.051293509347097,12.45222980917406,14.621080923384419,9.558044836111637
1994,2020-12-02,447.1600036621094,452.1099853515625,444.260009765625,451.0,434.98016357421875,1050700,0.003917788424493196,27.986048205742232,0.0003108011484817967,0.01755518275706347,420.3255833217076,10.988464574458142,442.30251247062387,398.3486541727913,0.002482300166544515,-0.0064853606600194,6.521693424912457,413.22095134781205,0.003917788424493196,1.697509765625,78.73716582011534,14.865945068187784,0.5728221394890091,20.001569475446427,12.599933881544182,14.115193378748337,9.155052574736596
1995,2020-12-03,457.010009765625,459.2200012207031,452.30999755859375,452.8999938964844,436.8127136230469,677900,0.004212950847620522,27.88193050626211,0.0003084928764904879,0.01512002694569673,423.87349591936385,11.821564980472527,447.5166258803089,400.2303659584188,0.013829034789544172,-0.010284265347801955,6.549168998754864,416.3665196511767,0.004212950847620522,1.832550048828125,87.27268351157818,15.442445114242446,0.4769540263046729,20.448739188058035,10.8609342675742,15.844867138095223,9.278909151539779
1996,2020-12-04,454.0,464.5,453.4700012207031,464.3900146484375,447.89453125,660800,0.025369723181904336,27.553091959343828,0.0003012590779841497,0.024295151496248623,429.4013366699219,12.821112112225546,455.04356089437294,403.7591124454708,0.0002422584836178414,-0.0011673981922838657,6.715319603324784,420.5702545310198,0.025369723181904336,11.081817626953125,88.27745879767782,16.60215629875165,0.6513653779617361,20.76068115234375,10.118725972841391,15.791465469484525,9.070899126900953
1997,2020-12-07,464.55999755859375,471.010009765625,464.1000061035156,469.7300109863281,453.04486083984375,632900,0.011498978510565916,25.284408420794886,0.00025369099571014416,0.014874297611554111,435.77379063197543,11.70163644310342,459.17706351818225,412.3705177457686,0.00275529272004405,-0.0009901658719982825,6.792538919134998,424.90020203886303,0.011498978510565916,5.15032958984375,87.95219220033574,17.73241606815526,0.6681724406164391,20.842921665736608,10.276734386797976,13.74877514610668,9.734875494977441
1998,2020-12-08,465.9200134277344,470.8500061035156,464.94000244140625,468.57000732421875,451.926025390625,738800,-0.0024695908637936137,25.126142637391446,0.0002505250173946588,0.012684588538341538,440.01749529157365,11.34826367094793,462.71402263346954,417.32096794967777,0.004893541195028554,-0.0021033889038555493,6.7757641270783395,428.5036451524313,-0.0024695908637936137,-1.11883544921875,86.24059666945284,18.32661658022147,0.6475068486973383,20.96543230329241,8.68018689334502,14.105300336614771,10.188685237697197
1999,2020-12-09,463.79998779296875,465.9599914550781,450.5199890136719,452.8900146484375,436.802978515625,868800,-0.033463544972716086,28.71405598121541,0.0003271813535287191,0.03329021743807886,442.1062752859933,8.50851112083901,459.12329752767135,425.0892530443153,0.028180200842253596,-0.02863302960073558,6.549023039487337,429.61022293419046,-0.033463544972716086,-15.123046875,70.45571094325915,17.376911058846304,0.36817469533161223,20.923370361328125,5.956188725511443,14.534823442160267,10.407661683102921
2000,2020-12-10,451.1400146484375,458.8800048828125,449.1199951171875,457.79998779296875,441.53857421875,539300,0.010841491326862851,27.550179576219136,0.0003011953947150483,0.021634103490533286,443.2856924874442,7.605890074370286,458.49747263618474,428.0739123387036,0.0023939731674774653,-0.004477588920646182,6.620024215969364,431.20066977213173,0.010841491326862851,4.735595703125,72.79585318603068,16.812580623159533,0.41362057659145557,21.45572771344866,5.904345165869772,14.408310159802834,11.01668506608757
2001,2020-12-11,453.80999755859375,457.1499938964844,451.8399963378906,452.6300048828125,436.55224609375,512100,-0.011293074753033094,23.9762872786487,0.0002281199808207506,0.01170092679130135,443.5102757045201,7.33827647111377,458.18682864674764,428.83372276229255,0.00996009131131642,-0.0043410264897233075,6.545263787631533,431.9142132816809,-0.011293074753033094,-4.986328125,68.04172998177704,15.781075267585493,0.3144099288368591,21.13667733328683,6.152606599218231,13.469535445961162,12.395670024830295
2002,2020-12-14,452.3399963378906,456.82000732421875,452.1700134277344,452.989990234375,436.8994445800781,546100,0.0007953194364129779,23.238927550833775,0.0002143046641717861,0.010279864557921837,443.52266584123885,7.325144880379492,458.17295560199784,428.87237608047985,0.00846712013275693,-0.00037578571767347214,6.550469363138286,432.57891078813384,0.0007953194364129779,0.347198486328125,66.71840619858972,14.820771232725065,0.32131797537220996,21.077501569475448,6.119733725540186,12.370220486670638,13.878885455939496
2003,2020-12-15,464.510009765625,469.6199951171875,461.8900146484375,469.29998779296875,452.630126953125,639200,0.03600526978963381,25.37828485273974,0.00025557831034396793,0.016641149396651903,444.19917951311385,7.985146947362773,460.1694734078394,428.2288856183883,0.0006889137316550276,-0.005640341568762867,6.786320779806811,435.2524062767993,0.03600526978963381,15.730682373046875,74.82082847601129,15.154367847903927,0.6343040341971681,22.298065185546875,8.912758743909984,11.10610875306135,14.301550721173157
2004,2020-12-16,467.989990234375,472.239990234375,465.010009765625,471.5299987792969,454.7809143066406,524900,0.004751754745079939,25.059506055279314,0.00024919795386292885,0.01544900664462746,444.4471871512277,8.325381965335492,461.09795108189866,427.79642322055673,0.001517108207213049,-0.0063676158271197,6.818567711773893,437.85620734744487,0.004751754745079939,2.150787353515625,76.07161313250799,15.414606148989435,0.598272449137945,22.593030657087052,7.750392376968465,11.882861954039758,14.879442913028067
2005,2020-12-17,478.7300109863281,481.32000732421875,476.010009765625,477.29998779296875,460.3459777832031,477300,0.01223680084518719,25.1140484715614,0.00025028390104441883,0.0110918418246927,445.65003749302457,10.021497632152249,465.6930327573291,425.60704222872005,0.008397258243675904,-0.005681701916073953,6.902005166912294,440.854843405546,0.01223680084518719,5.5650634765625,73.63385998519135,15.88676821607288,0.5598314327892686,22.325657435825892,7.568723666131161,13.484173099660534,15.932501289595423
2006,2020-12-18,478.489990234375,479.45001220703125,474.32000732421875,477.239990234375,460.2881164550781,730700,-0.00012569096053283157,24.840687672392157,0.0002448649857291015,0.010721237617321336,449.0050571986607,10.486437998042158,469.97793319474505,428.0321812025764,0.004618742330584036,-0.008714880133884724,6.901137647253262,443.44594647881695,-0.00012569096053283157,-0.057861328125,73.61625702949789,16.071034251389563,0.43249076484994015,22.328094482421875,7.516869565595768,13.391791649578627,16.96109569797952
2007,2020-12-21,460.260009765625,472.2799987792969,459.4800109863281,472.260009765625,455.4850158691406,622800,-0.010434987161799247,25.37276314455259,0.0002554671069799866,0.027810340940736516,450.9974060058594,10.150924516316351,471.2992550384921,430.69555697322664,4.3429829330716494e-05,-0.0016946916150592105,6.8291243645023645,445.0511557308601,-0.010434987161799247,-4.8031005859375,64.92481250823143,15.649103215208072,0.30288739457600655,21.13177272251674,7.547540771419407,13.446434396063346,17.99060961326257
2008,2020-12-22,473.4800109863281,478.6199951171875,472.95001220703125,476.17999267578125,459.2657470703125,431300,0.008300451319913638,25.33026102386784,0.00025461195378463414,0.011975126253682486,454.24219185965404,8.208227413481126,470.6586466866163,437.8257370326918,0.005153337806855601,-0.0011193688582392528,6.885809178847553,446.94643457612045,0.008300451319913638,3.780731201171875,65.880418427743,15.44178989846182,0.31508534493379964,21.439461844308035,7.496280479540314,14.870365821270049,19.543559235015927
2009,2020-12-23,478.94000244140625,480.3900146484375,474.20001220703125,474.6199951171875,457.76116943359375,389200,-0.003276050187318691,25.49628596670382,0.0002579605547999754,0.012924379692346825,457.2224382672991,2.9913548502095977,463.2051479677183,451.2397285668799,0.012047478811202258,-0.009896835115490051,6.863250922397349,448.38839922378355,-0.003276050187318691,-1.50457763671875,63.7572685517169,14.98336683428181,0.26835934908494685,21.21692112513951,7.613560089657518,14.869439287946811,21.04083526296066
2010,2020-12-24,478.95001220703125,484.6000061035156,477.0799865722656,483.0899963378906,465.9302978515625,271900,0.017845830890542258,25.473605967932393,0.000257501825797413,0.015701053010933823,459.1224626813616,3.7228141003360258,466.56809088203363,451.67683448068954,0.003152750239355422,-0.0039044275751209012,6.98573133771781,450.72731904082076,0.017845830890542258,8.16912841796875,62.31559819620069,15.10512120954246,0.4737964354310005,21.156317574637278,8.341205440565458,14.276304613240065,22.28142374494639
2011,2020-12-28,487.1400146484375,488.7200012207031,478.42999267578125,480.239990234375,463.1815185546875,449300,-0.005899550446815338,25.67468320703707,0.0002615830784848061,0.021123307951509667,460.32254900251115,3.432722704580057,467.18799441167124,453.45710359335106,0.01740774876079116,-0.01787991483093861,6.944518663283045,452.387878976003,-0.005899550446815338,-2.748779296875,57.15646149457531,14.809098839303147,0.3550889209648794,21.133047921316965,9.090257295158814,14.053634573240464,23.290905123354214
2012,2020-12-29,489.45001220703125,489.45001220703125,482.510009765625,484.010009765625,466.817626953125,377200,0.007850288175969666,23.653083666087944,0.0002220112567122842,0.014179185347472655,461.2470703125,4.221054807108075,469.6891799267162,452.8049606982838,0.01111452100466022,-0.014179185347472655,6.999035136033217,454.3118453729526,0.007850288175969666,3.6361083984375,60.15258167122453,14.698467750936288,0.4388203406041767,21.737572806222097,6.146958235892683,15.053184795291216,24.721459407658454
2013,2020-12-30,488.1300048828125,492.6600036621094,488.0,489.9100036621094,472.5080261230469,381900,0.012189769283269314,23.709171423477596,0.00022306540063009783,0.009546644573156536,462.9927716936384,5.93662421175162,474.86602011714166,451.1195232701352,0.005633745052530021,-0.00026633249649078803,7.084351759546958,456.7380028062985,0.012189769283269314,5.690399169921875,77.93544954999396,14.898222042825694,0.5371618377550169,22.480599539620535,6.058645245042072,14.964193997218283,26.71066060159909
2014,2020-12-31,490.0,490.5199890136719,483.45001220703125,487.7200012207031,470.3958740234375,312700,-0.004470087242622545,22.679421099916183,0.00020410957993147755,0.014428524095184948,465.1228942871094,5.448831876834222,476.0205580407778,454.22523053344094,0.005714260801977041,-0.013367322026466837,7.052684089124356,458.559052301917,-0.004470087242622545,-2.112152099609375,73.54433355012006,14.716453619205197,0.4545780097040199,22.190237862723215,6.210640272254591,12.988866939557461,28.010333923236608
2015,2021-01-04,499.989990234375,504.75,490.7099914550781,500.0,482.2395935058594,1527600,0.02517819593339321,23.833974635636622,0.00022541997894133726,0.02808057924987756,468.40487234933033,7.761165844034712,483.92720403739975,452.8825406612609,0.009500190189354376,-0.01856036912848353,7.230257950976654,461.716457795776,0.02517819593339321,11.843719482421875,83.5244741965433,15.3511317232946,0.5718826123471437,23.529002598353795,8.921242896325268,12.56462839415625,28.547724719475603
2016,2021-01-05,494.1600036621094,505.3599853515625,493.8900146484375,505.3599853515625,487.4092102050781,1029900,0.010720017121853997,23.912308176990237,0.0002269041596632358,0.023211046256523413,472.6403067452567,8.978848158062533,490.59800306138175,454.6826104291316,0.0,-0.0005463595023292997,7.307766440006545,465.1421581170163,0.010720017121853997,5.16961669921875,84.6134123459434,16.085836051811725,0.6087448741016167,23.732761928013392,8.942300521284738,11.567436431040854,28.268539069659337
2017,2021-01-06,491.8500061035156,499.8399963378906,489.739990234375,490.2200012207031,472.8070373535156,977900,-0.029958754463048853,25.68822484683792,0.00026185908562765907,0.02053472802314037,473.62269810267856,8.484949575194657,490.5925972530679,456.65279895228923,0.01955879840969822,-0.004289958001335365,7.08883485955708,466.1641420152162,-0.029958754463048853,-14.6021728515625,64.04408412894038,15.31329903269841,0.29047588956994,22.283493041992188,8.089214889874274,11.951916125280723,28.143777852763822
2018,2021-01-07,495.9700012207031,503.2200012207031,495.5199890136719,501.42999267578125,483.6188049316406,936200,0.022867188353715484,26.46854166426896,0.00027800940390204046,0.015525157142729685,476.5423104422433,7.780329723634784,492.1029698895129,460.98165099497373,0.003609106479255252,-0.0009073375525206368,7.250936581498956,468.4914304040728,0.022867188353715484,10.811767578125,67.91280624612821,15.396001641816724,0.5261291942569983,23.055143083844865,7.962621603024429,10.724777127931036,28.159462109222474
2019,2021-01-08,512.5900268554688,514.280029296875,501.7099914550781,508.739990234375,490.669189453125,734500,0.014578392009551688,26.662706502142736,0.00028210314207119223,0.024522595413939172,479.9496765136719,8.030456820363764,496.0105901543994,463.88876287294437,0.010807933772113917,-0.02122560883038481,7.356643577420447,471.4484649439464,0.014578392009551688,7.050384521484375,68.49416138034803,15.847767959599764,0.569145402288929,23.349581037248885,10.057193408618883,10.26172034970776,27.073608369855066
2020,2021-01-11,500.5,508.9100036621094,499.42999267578125,507.95001220703125,489.9072265625,703000,-0.0015529055155760751,23.051198197111816,0.00021085624536608378,0.018941080891764484,482.4352765764509,8.035925679890976,498.50712793623285,466.363425216669,0.001918064845310939,-0.002137876771665834,7.345219405032943,473.9096331597536,-0.0015529055155760751,-0.761962890625,67.91089864985315,15.96033122060959,0.5552409746241967,23.28792245047433,9.998748170616304,10.202086546937238,25.127952672256452
2021,2021-01-12,507.1000061035156,514.7899780273438,503.5,513.9299926757812,495.6748352050781,651700,0.011772858879929737,23.080231089015182,0.00021138772504854876,0.02226380968538008,486.0465567452567,7.376831940163301,500.8002206255833,471.2928928649301,0.0016958890578024346,-0.007099203431641739,7.431693636530517,476.8116600991302,0.011772858879929737,5.767608642578125,74.02286161252734,16.326731829975472,0.5431367486207269,24.150976998465403,11.153827631088161,10.14303903253577,23.36037319061036
2022,2021-01-13,511.2099914550781,515.6099853515625,509.3800048828125,514.0599975585938,495.8002014160156,513700,0.00025292026553169755,22.348952655761014,0.00019820463682914576,0.012186734557001418,487.9837864467076,7.967397104078855,503.9185806548653,472.0489922385499,0.0030319982372741887,-0.003579715973580365,7.4335732624584185,479.3434656080483,0.00025292026553169755,0.1253662109375,72.83581975671773,16.437738935850064,0.5216180443680625,23.922417776925222,11.055223830772837,10.699469410205158,21.66257106770984
2023,2021-01-14,530.1599731445312,546.4000244140625,529.8900146484375,544.6500244140625,525.3037109375,1450300,0.05950685263382649,28.87145223780315,0.00033077807711101137,0.031141562173582032,493.3972865513393,16.166741797826766,525.7307701469928,461.06380295568573,0.0033008904644766875,-0.0005092019574630437,7.875921811130285,485.47149831864186,0.05950685263382649,29.503509521484375,81.27181589644118,18.69094196996309,0.6956678886311518,26.027814592633927,16.33739367040519,10.01113015620173,21.19615029741374
2024,2021-01-15,532.3099975585938,536.8499755859375,525.3599853515625,527.5,508.7629089355469,869200,-0.03148807377056795,30.337318196216877,0.0003652193949755998,0.021585148291546497,498.5338396344866,14.116397016349833,526.7666336671863,470.30104560178694,0.017564906969285893,-0.013056324771105264,7.627924204130189,488.5770197342292,-0.03148807377056795,-16.540802001953125,68.40452480404676,18.92377561795894,0.44626897301685226,24.93548801967076,14.462692049477335,10.43657807966846,21.444397551384515
2025,2021-01-19,533.0,550.47998046875,530.6099853515625,549.5,529.9812622070312,1504000,0.04170577866196701,32.785462674814106,0.00042654228682604303,0.03727954055757505,505.1570478166853,16.6084813084318,538.3740104335488,471.9400851998217,0.0018386125117260787,-0.004484080015830207,7.946052722637904,494.09758539726954,0.04170577866196701,21.218353271484375,74.77111916560403,20.5831717499492,0.6984150787521776,26.287442888532365,16.4676128010352,9.393592022424963,21.744658384357464
2026,2021-01-20,555.5700073242188,558.1599731445312,543.1599731445312,549.3800048828125,529.8656005859375,1121900,-0.0002182371893906243,32.84325489338053,0.0004280473777744303,0.02699929766231301,510.7565351213728,17.493735267689548,545.7440056567519,475.7690645859937,0.015803531770920365,-0.022337480454457416,7.944318598424966,498.8666540890919,-0.0002182371893906243,-0.11566162109375,74.00666530323876,21.639475806664052,0.6212771067801263,26.42388698032924,16.415887003840986,9.661021695586651,21.640162988286644
2027,2021-01-21,568.0,573.7999877929688,565.6099853515625,570.739990234375,550.466796875,1272100,0.0388800410260286,34.525157334837374,0.00047301051150606146,0.014419018382757482,519.4079023088727,20.225696458399536,559.8592952256718,478.95650939207366,0.005387319645411531,-0.00420777226837588,8.25319403145557,505.746673127213,0.0388800410260286,20.6011962890625,76.65726038129787,23.863861015962243,0.7417465719647583,27.716173444475448,15.670470808607305,13.32785180611355,20.686850271609742
2028,2021-01-22,563.489990234375,570.7100219726562,562.7899780273438,569.4500122070312,549.2227783203125,901600,-0.002259933862950092,34.064999111671455,0.00046048577955483204,0.014055340968911053,527.0576084681919,19.876766632263287,566.8111417327185,487.3040752036653,0.0022360818957953776,-0.0012422797550318341,8.234542358786385,511.5434871529596,-0.002259933862950092,-1.2440185546875,77.11509270359414,25.235422181095828,0.70762300515742,27.87554931640625,15.460032956243783,13.148872849772472,19.733537554932838
2029,2021-01-25,562.1500244140625,568.219970703125,554.1199951171875,567.6099853515625,547.4481811523438,966500,-0.0032311062796703816,34.33514266706415,0.00046781826268557473,0.025082228895452096,534.4358912876675,15.428283916959218,565.2924591215859,503.579323453749,0.0010850935249861404,-0.014284495149217188,8.207935677260698,516.3307796862108,-0.0032311062796703816,-1.77459716796875,74.100090568983,25.880860673928396,0.68651192712376,26.77862548828125,15.576315035766159,10.799261561074177,19.026039466163404
2030,2021-01-26,563.1799926757812,563.6500244140625,548.4400024414062,549.0,529.4991455078125,887700,-0.03278672989058007,37.03870263710339,0.0005443910686665753,0.027007390479889707,535.0352390834263,15.092226940927684,565.2196929652816,504.85078520157094,0.026013041309328643,-0.02617278743220679,7.938824307251096,518.0865617957577,-0.03278672989058007,-17.94903564453125,64.21319247683508,24.6597756163398,0.47298544406599,26.28444344656808,15.392295903714103,10.896762951404499,18.303547011185778
2031,2021-01-27,534.969970703125,539.52001953125,522.5,524.6300048828125,505.9947509765625,1506800,-0.04438986300668768,40.864503961974755,0.0006626617793881945,0.03181490637480108,534.6397879464286,15.909493136134344,566.4587742186973,502.82080167415984,0.02783336535482013,-0.02330966481489679,7.586420983818058,516.4743203531983,-0.04438986300668768,-23.50439453125,60.571445902430405,21.547067524666716,0.13381147325287057,26.61224583217076,14.88824209531023,11.096605059521298,17.748811480209334
2032,2021-01-28,542.1099853515625,553.8400268554688,537.3800048828125,547.219970703125,527.7824096679688,968600,0.0430590606905632,42.80563157210817,0.0007271119421774059,0.030362882841904856,534.325666155134,16.037990825864778,566.4016478068635,502.2496845034044,0.012211647693688196,-0.008725130686686339,7.913085145384442,517.9820655951677,0.0430590606905632,21.78765869140625,63.14826972708823,20.600832333927713,0.38123462220901816,27.857410975864955,13.487510275852143,13.255548415633356,16.7688895334481
2033,2021-01-29,540.9600219726562,543.5,528.2999877929688,534.1599731445312,515.1860961914062,867300,-0.023866489761352416,44.078264535330725,0.0007709894462089657,0.028098217224265715,532.2285940987723,17.60184589482506,567.4322858884225,497.0249023091222,0.017265650835730072,-0.02340290162944319,7.724227579781414,517.6092696746662,-0.023866489761352416,-12.5963134765625,57.06577875283028,18.619878532979897,0.21186102662501907,26.790008544921875,13.746297295759874,12.767920394807126,14.944117597661716
2034,2021-02-01,547.4000244140625,555.469970703125,544.530029296875,554.3900146484375,534.69775390625,849600,0.03787302852131824,45.47662691752616,0.0008206839665856607,0.019985277527088393,529.9758736746652,15.794995715493524,561.5658651056523,498.38588224367817,0.001972882730218154,-0.005242957598073814,8.016767471215628,519.8877342388773,0.03787302852131824,19.51165771484375,61.64962727758493,18.41214236951282,0.4437803602203517,28.364512852260045,13.394525805120272,14.34431832241843,13.08996277264978
2035,2021-02-02,553.780029296875,556.7899780273438,549.4500122070312,553.5,533.83935546875,721600,-0.0016053900193687687,45.40195814826045,0.000817991191943013,0.013254298515661405,527.7782418387277,13.586558254668764,554.9513583480652,500.60512532939015,0.00594094740382924,-0.007819019937106613,8.003897432729739,521.7479504028604,-0.0016053900193687687,-0.8583984375,60.186388738154406,17.971084903183794,0.37968576644998325,28.165189470563615,13.298375816056893,15.10691111695007,11.711997381007434
2036,2021-02-03,551.2899780273438,551.719970703125,541.9500122070312,542.9099731445312,523.6253662109375,635400,-0.01913307655791674,45.69036542992579,0.000828416465523872,0.017721995475145684,524.374982561384,10.462887098866862,545.3007567591177,503.4492083636502,0.015980696021571386,-0.01694201997600842,7.850758250387607,521.998272510604,-0.01913307655791674,-10.2139892578125,57.047214851651205,16.60593720497309,0.02193696839615514,28.018436976841517,11.117114512948714,15.557798660425536,11.69724952474966
2037,2021-02-04,546.9600219726562,555.97998046875,544.280029296875,555.4400024414062,535.7103271484375,554500,0.02307940317129642,46.10718455756033,0.0008436001856448133,0.021390870816624157,525.2622942243304,11.206796864381749,547.6758879530939,502.8487004955669,0.000987234908679934,-0.004899796270512855,8.031949065248686,523.8265464623152,0.02307940317129642,12.0849609375,52.8907100619605,16.31117806087667,0.2575113117326731,26.71520778111049,11.693302420751433,14.735122449857464,11.63583007258256
2038,2021-02-05,554.9600219726562,556.1400146484375,551.02001953125,552.8099975585938,533.1737670898438,461700,-0.004734947097428055,44.50381072393903,0.0007859480829175361,0.009225880990468482,529.1450108119419,7.520843693321762,544.1866981985854,514.1033234252984,0.006000463020753998,-0.007099614900909709,7.9939182113354965,525.0728425459856,-0.004734947097428055,-2.53656005859375,57.35281005216952,15.692012367114103,0.20806568478963092,27.349737984793528,11.528970678209658,15.712210193087811,11.449279551721695
2039,2021-02-08,557.969970703125,566.9299926757812,557.969970703125,564.0,543.9662475585938,716900,0.02024195700335607,44.3884026966026,0.0007818771007760938,0.016058251237723944,531.4569876534598,9.307472424249749,550.0719325019593,512.8420428049603,0.00525116552793876,0.0,8.155730760057695,527.5919632143334,0.02024195700335607,10.79248046875,54.49472982972089,15.889023301221982,0.41844547108324937,26.78110613141741,13.346297597014631,14.610883659628056,10.960824816233975
2040,2021-02-09,566.5399780273438,571.9299926757812,565.5,565.5,545.4130249023438,483300,0.0026596821958042582,44.28957418683899,0.00077839935779822,0.011349583304200484,535.7751203264509,7.2947405233779525,550.3646013732067,521.185639279695,0.011349583304200484,-0.0018356657388325665,8.177422411953994,529.9681047727348,0.0026596821958042582,1.44677734375,54.95450041876031,15.977717544241159,0.44664776519662724,26.765751429966517,11.468512735020296,16.00152271611595,11.698685252356139
2041,2021-02-10,571.4299926757812,573.0599975585938,559.7000122070312,566.8900146484375,546.7536010742188,458600,0.002457910080374548,44.23179558137328,0.0007763697382350764,0.023379916215113174,537.4973842075893,8.345481879559143,554.1883479667076,520.806420448471,0.010797443237560307,-0.02052741476488332,8.197521780931817,532.2061709462661,0.002457910080374548,1.340576171875,48.65113428704586,15.972065633887496,0.47969941149841555,25.602364676339285,11.477362180922048,15.741671588044312,12.396783396222887
2042,2021-02-11,574.6300048828125,591.7899780273438,573.8300170898438,591.510009765625,570.4990844726562,975400,0.04342995336799649,46.107376141947796,0.0008436071963075622,0.03125482620971502,542.7344883510044,14.728784936763796,572.192058224532,513.2769184774768,0.00048721483274415074,-0.0013921789432695844,8.553539769610822,537.3118927497848,0.04342995336799649,23.7454833984375,56.6429134138863,17.67984625290012,0.6927276619096989,27.373304094587052,13.235326388877928,15.212372507785313,12.501715445949056
2043,2021-02-12,591.969970703125,601.4600219726562,589.1500244140625,597.989990234375,576.7489013671875,732400,0.01095499899059127,46.055678137213214,0.0008417164637613409,0.020794969623158903,550.3235648018973,16.784346916644736,583.8922586351867,516.7548709686079,0.00586183744111149,-0.004763664423235943,8.64724378915289,542.5701605654385,0.01095499899059127,6.24981689453125,58.89960450157076,19.31493217387947,0.6870426326119036,28.227857317243302,12.996256438043643,16.484101485635847,12.987228847618118
2044,2021-02-16,605.5800170898438,608.7100219726562,599.1699829101562,603.1400146484375,581.716064453125,621600,0.0086123494542647,42.03040874415372,0.000701013991746283,0.015753556579269756,556.8958129882812,18.973081829184416,594.8419766466501,518.9496493299124,0.009197805685507593,-0.010584949963328311,8.721716874481295,547.7896144171301,0.0086123494542647,4.9671630859375,67.21782412550596,20.772110139634606,0.6868814448499608,29.353519984654017,8.202535468290453,18.696519472150378,13.701634956387059
2045,2021-02-17,598.3499755859375,598.47998046875,581.4600219726562,587.5800170898438,566.7088012695312,825100,-0.025798261558587332,41.44674683314371,0.0006816796916867889,0.028444821911168063,561.6865321568081,15.983164845758472,593.6528618483251,529.7202024652911,0.018216702304086167,-0.028227549598780665,8.496711741313481,550.3121726641169,-0.025798261558587332,-15.00726318359375,71.20805938620778,20.479893988305548,0.477661946899968,29.353515625,8.127359588440001,18.525166686552126,14.789390060006955
2046,2021-02-18,584.3599853515625,589.4600219726562,576.0499877929688,582.47998046875,561.7899169921875,716800,-0.008679738635300138,39.52748525182413,0.0006200087660052277,0.02294824169320861,564.2327706473214,13.984445168046676,592.2016609834147,536.2638803112281,0.011944762952423787,-0.014220682057130061,8.422962504139393,551.8425385745263,-0.008679738635300138,-4.91888427734375,63.46615184649362,19.625170975956962,0.4164894287245396,27.561083112444198,6.036906968209623,19.1327410258578,15.96445999860682
2047,2021-02-19,591.8400268554688,600.75,589.3900146484375,594.4000244140625,573.2864990234375,821500,0.020464201445270724,39.95743931258301,0.0006335702208010931,0.01919435123697148,568.2146955217634,11.475955498429705,591.1666065186228,545.262784524904,0.0107292094109887,-0.004139652770780843,8.595331705590064,554.7017333010479,0.020464201445270724,11.49658203125,73.2084874402366,19.648973781014774,0.4693900873654685,29.221261160714285,5.926414911938136,18.91667831471873,17.220917496633763
2048,2021-02-22,587.6199951171875,590.1199951171875,576.5,578.5,557.951171875,753400,-0.026749848765949324,39.21180387588693,0.0006101450647623101,0.023178236326814067,569.8143484933036,8.337010285141998,586.4883690635876,553.1403279230195,0.019774676174642687,-0.018923786136599844,8.365407882372361,555.1349917775748,-0.026749848765949324,-15.3353271484375,59.60930603267806,18.22037183261193,0.23968180538235648,27.546234130859375,6.212222056649375,15.833978850216768,18.914495637480407
2049,2021-02-23,571.719970703125,579.1799926757812,560.1300048828125,576.0700073242188,555.6075439453125,1004800,-0.004200417613268392,39.237467656080796,0.0006109439952626932,0.03332048689770323,567.6869855608259,9.888707058604854,587.4643996780355,547.9095714436162,0.005439700396922834,-0.02027210245263722,8.33026967576107,555.1979987332732,-0.004200417613268392,-2.3436279296875,58.88646257744042,16.706501162604923,0.20457653895241892,27.484562465122767,6.201345731001254,15.806256803466026,20.608073778327054
2050,2021-02-24,573.3400268554688,595.9600219726562,565.5499877929688,595.010009765625,573.874755859375,1023000,0.03287790476052366,40.73070108755575,0.0006583293694777043,0.053040138059911625,567.2763933454241,9.501835306577947,586.2800639585801,548.2727227322682,0.0016569786907111147,-0.013587118808406103,8.60415148879022,557.6882330167534,0.03287790476052366,18.2672119140625,69.24781450710917,16.787246161725648,0.45933152144567035,29.089695521763392,8.846526082130964,15.228559117320623,21.00794115202275
2051,2021-02-25,582.6300048828125,586.4000244140625,559.6599731445312,559.77001953125,539.8866577148438,1288900,-0.05922563729717334,44.47892761527491,0.0007850694451606605,0.04589542427515318,561.300763811384,11.7859077084868,584.8725792283575,537.7289483944104,0.04570654559434977,-0.039424731898078845,8.094565133465197,555.3146896431655,-0.05922563729717334,-33.98809814453125,51.369864933419656,13.947898988120073,-0.19298598275696074,28.688655308314733,8.689799475321788,14.95876729453139,21.455963762144986
2052,2021-02-26,572.3400268554688,573.489990234375,560.7000122070312,567.0900268554688,546.946533203125,946500,0.013076588182718396,41.388209156140974,0.0006797554988700282,0.02234681732398486,558.4775826590402,12.61249596994653,583.7025745989332,533.2525907191472,0.011182099938158637,-0.02033758622892352,8.200414428233712,554.1989354511601,0.013076588182718396,7.05987548828125,54.38737231292816,12.127569771532762,-0.2172531801641957,29.629629952566965,8.454108836110944,14.723148047952957,22.04913104111441
2053,2021-03-01,572.3699951171875,584.3599853515625,568.8599853515625,583.5499877929688,562.8218994140625,679500,0.02902544443963362,39.98273726409728,0.0006343727298134259,0.02708038529662359,558.6250087193081,12.663594248752364,583.9521972168128,533.2978202218034,0.0014151642565189157,-0.006132413990195901,8.43843510160238,555.348663979547,0.02902544443963362,15.8753662109375,55.81813531749066,11.829590968850766,0.06446326446301559,29.890860421316965,10.409544685057302,12.502781425692543,22.44286828547771
2054,2021-03-02,579.030029296875,579.8699951171875,563.0,563.1400146484375,543.1369018554688,696100,-0.03497553591835578,41.10565899888402,0.0006705060324335453,0.02913492265275601,554.3179234095982,11.953137558914369,578.2241985274269,530.4116482917694,0.02889311369406086,-0.02768427971920646,8.143296311611572,553.72042902967,-0.03497553591835578,-19.68499755859375,49.368726537996935,9.891008443911801,-0.33686146464319666,29.111171177455358,10.38655023809408,12.475163066476643,22.702194275521325
2055,2021-03-03,564.5900268554688,565.9500122070312,541.2000122070312,543.5999755859375,524.2908935546875,1006900,-0.034698449389830355,40.999930154180376,0.0006670612193046306,0.04383711865731527,549.5093122209821,16.247193714440446,582.003699649863,517.0149247921012,0.039586311408251654,-0.041428317072319074,7.860736556676725,549.796490966339,-0.034698449389830355,-18.84600830078125,44.321453247795645,6.756072658852759,-0.2504683188618586,28.904244559151785,10.661512580637478,10.039483616415923,22.68223113171304
2056,2021-03-04,537.8499755859375,541.3300170898438,502.0899963378906,510.5,492.3666687011719,1702500,-0.06089029057336792,46.016847177698025,0.0008402977080061965,0.07295718608001195,540.4749014718192,26.585011619154947,593.6449247101291,487.30487823350927,0.057320848729717454,-0.06648690317237572,7.382094023619984,542.1391813309833,-0.06089029057336792,-31.924224853515625,31.032547873824484,1.676272295818194,-0.09119607295937716,28.490219116210938,10.358793632278253,8.939766961681581,22.72918929372085
2057,2021-03-05,527.969970703125,530.8499755859375,508.3299865722656,527.0399780273438,508.31915283203125,1370100,0.032399602054584475,47.24837708455432,0.0008858766417159672,0.042653920228987334,531.1098153250558,24.307355143607506,579.7245256122708,482.4951050378408,0.0072163148853329265,-0.03719905528851156,7.621270932314798,537.6298441977897,0.032399602054584475,15.952484130859375,34.13533079193658,-1.0501682550469695,0.05842388854303072,29.027531215122767,10.017068390347685,9.643997257720967,22.02681285698827
2058,2021-03-08,526.4400024414062,529.1699829101562,501.1099853515625,502.19000244140625,484.351806640625,1180700,-0.047150193058584255,48.973403857517624,0.0009517437640442549,0.05330141597990909,523.176265171596,29.478169809766648,582.1326047911293,464.2199255520627,0.05124986768412023,-0.04811567694775062,7.261926536504379,530.5261058568344,-0.047150193058584255,-23.96734619140625,29.25483036910478,-5.086225724639917,-0.1681872365240594,28.74887956891741,9.399594686165186,9.710773526712552,21.55627340683454
2059,2021-03-09,527.6400146484375,543.2100219726562,524.9500122070312,539.52001953125,520.35595703125,1240500,0.0743347085671946,56.040528792673086,0.0012462463759374686,0.03460694651407647,519.3776114327567,27.5550814313295,574.4877742954156,464.26744857009766,0.006993409026919368,-0.005098177482233939,7.801739729231809,529.1700860134232,0.0743347085671946,36.004150390625,40.934818594910915,-5.3182903693749495,0.1931550466706932,31.73732648577009,8.851196044336273,11.740374355460235,21.493157757920894
2060,2021-03-10,540.0800170898438,541.8200073242188,521.1099853515625,523.3300170898438,504.7409362792969,876500,-0.03000834436688382,56.392297148742855,0.001261940943536552,0.03834621040832007,511.080330984933,20.002529580278885,551.0853901454908,471.07527182437525,0.03423564962467245,-0.03512448366540015,7.5676224367762215,525.9128660488731,-0.03000834436688382,-15.615020751953125,39.29101367480533,-6.685142782136609,0.036440690424881565,31.6453857421875,7.350215576258096,11.96364192623005,22.415220460423342
2061,2021-03-11,546.989990234375,548.489990234375,540.010009765625,544.4000244140625,525.0625610351562,1009700,0.04026149514572852,58.33501815251212,0.00135038664398965,0.015502990219467246,508.498282296317,15.92596062433169,540.3502035449803,476.6463610476536,0.007477222423320811,-0.012760709690060707,7.872306230779194,525.7994920470442,0.04026149514572852,20.321624755859375,41.237917357285575,-6.058756312668834,0.25253101144577655,31.987455095563615,7.17499321241203,13.395543941007922,23.06943214916427
2062,2021-03-12,534.1199951171875,539.0800170898438,528.5999755859375,537.6300048828125,518.532958984375,714900,-0.01243585533485414,58.446494181182274,0.001355552651615466,0.019621136822647687,507.67572021484375,15.10170651547521,537.8791332457942,477.47230718389335,0.002714768629309811,-0.010334792896189725,7.774407369341553,524.8306209720216,-0.01243585533485414,-6.52960205078125,42.601121263029384,-6.019831962434068,0.1836896879904609,31.786309378487722,7.151542079200582,13.677064239696795,23.81528785890589
2063,2021-03-15,538.6699829101562,547.7999877929688,536.010009765625,547.1900024414062,527.7534790039062,582400,0.017781936248741026,56.587203113694216,0.0012706791889803512,0.02188720070060072,512.73097882952,15.045647766004183,542.8222743615285,482.6396832975117,0.0011323915772456143,-0.004938038555927669,7.912651385554927,525.2203353762729,0.017781936248741026,9.22052001953125,44.903312125100655,-5.185193544453455,0.28090124792232807,32.36046709333147,5.747814339595196,14.017916451785736,25.476756966885073
2064,2021-03-16,546.3800048828125,555.72998046875,545.9600219726562,549.3800048828125,529.8656005859375,651600,0.004002098832238232,56.4206778881705,0.001263211465619322,0.01788125189205855,515.8090427943638,16.155694609505854,548.1204320133755,483.4976535753521,0.011621903307569686,-0.0007686644943134914,7.944318598424965,525.8397040708949,0.004002098832238232,2.11212158203125,41.44128574311251,-4.303695699953892,0.3371509211445321,31.476468767438615,5.775052495433225,13.23166456497564,26.781536782506166
2065,2021-03-17,548.219970703125,566.0499877929688,542.8599853515625,559.5700073242188,539.6936645507812,841400,0.018548220443024954,56.791594254056,0.0012798750706021135,0.04230054299492899,523.7150224958148,10.873704172838927,545.4624308414926,501.9676141501369,0.011820037238773035,-0.009777070588450102,8.091671571058175,527.6868988015464,0.018548220443024954,9.82806396484375,49.95857474049603,-2.780013417752116,0.4634676180086336,32.15106419154576,7.36434199946137,11.563091984118369,25.98015320506467
2066,2021-03-18,547.97998046875,552.47998046875,539.02001953125,539.1900024414062,520.03759765625,790000,-0.036420784948239415,57.44541913062449,0.001309514356782983,0.024562869844234374,523.6695425851004,10.89074766587028,545.451037916841,501.88804725335984,0.024252670719786717,-0.016350891012178074,7.796966540896882,526.6669919821735,-0.036420784948239415,-19.65606689453125,44.52040424689924,-3.1225695196619654,0.2273587063626126,30.712251935686385,7.405927237640325,11.628386878662907,25.178769627623176
2067,2021-03-19,544.6900024414062,557.0900268554688,541.3099975585938,547.4199829101562,527.9751586914062,1404600,0.01526343685712317,57.769160073904004,0.0013243158157318828,0.02897066079080917,526.9887172154018,7.00925650027272,541.0072302159473,512.9702042148564,0.01775329802634432,-0.006205373455842153,7.915975047370964,526.8414142100712,0.01526343685712317,7.93756103515625,42.666925261409745,-2.7221733400671155,0.34110170148263647,30.68646458217076,7.9566759232643225,11.370454358381652,23.542240046620865
2068,2021-03-22,567.6400146484375,577.989990234375,563.8300170898438,575.989990234375,555.5303955078125,1216800,0.05219040396654706,60.3342501406818,0.0014445324365231595,0.024945339967445912,531.3412649972098,12.735008682669706,556.8112823625493,505.8712476318704,0.0035233597850544084,-0.006711996089552348,8.32911298288236,530.6666117164367,0.05219040396654706,27.55523681640625,52.52444128608694,-0.17931216169608888,0.7078616896448243,33.04123142787388,7.822550491166358,12.578605347674209,22.162403785207033
2069,2021-03-23,569.52001953125,571.280029296875,555.5,558.8699951171875,539.0184326171875,866300,-0.02972287929543682,60.50386126381103,0.0014526655665994014,0.027707593685403605,534.2677612304688,11.604727594174127,557.477216418817,511.0583060421205,0.021790338801262372,-0.024617254969876805,8.081547763054093,531.7801878365368,-0.02972287929543682,-16.511962890625,53.02866294803115,0.49780781483195824,0.49308591126403417,32.40051923479353,7.835136789789248,12.598844026011163,21.19426420157958
2070,2021-03-24,587.1799926757812,594.469970703125,578.0,578.5800170898438,558.0284423828125,2121400,0.035267828733281936,61.76832128559213,0.0015140180612857677,0.02804927093661909,538.592755998884,14.137498911749152,566.8677538223823,510.3177581753856,0.02706146975626788,-0.015634035202643726,8.366566405461322,535.2799551093736,0.035267828733281936,19.010009765625,64.26054828088417,2.5391099109099287,0.6096665163015409,33.558484758649556,10.81184946256087,11.973027162197807,19.35867659428728
2071,2021-03-25,570.9099731445312,585.8400268554688,569.0900268554688,584.0,563.2557983398438,1088900,0.009367543945806966,60.76485062980679,0.0014652250285963218,0.029339126636275418,543.3627842494419,16.186637916352915,575.7360600821478,510.9895084167361,0.003222971995626585,-0.003187799083344728,8.444940583939994,539.010067540103,0.009367543945806966,5.22735595703125,62.51423364392685,4.526482000866281,0.6656579128013023,32.79621887207031,8.531608580243585,12.19500652038418,18.93800893236194
2072,2021-03-26,588.6900024414062,627.2999877929688,588.6900024414062,625.6699829101562,603.4457397460938,1933600,0.0713529119890235,61.610653910072166,0.0015062986806455123,0.0655862766336098,552.4702235630581,27.652379126402717,607.7749818158635,497.16546531025267,0.0027688679543606456,0.0,9.047511686178398,547.6014905009018,0.0713529119890235,40.18994140625,75.2618186733174,9.237991277531592,0.7753625812369922,35.36651829310826,13.894609540563293,11.557616258642923,18.112914255506546
2073,2021-03-29,614.760009765625,616.8599853515625,601.4400024414062,608.0,586.4034423828125,1214900,-0.028241640036189453,62.66846055284052,0.0015584666460567178,0.025082931005930367,561.9510585239956,26.007399342829892,613.9658572096554,509.9362598383358,0.014412104253398552,-0.021667003566638882,8.79199511791413,552.7750840851565,-0.028241640036189453,-17.04229736328125,65.23534833062216,11.464568940782101,0.6148738631706668,32.26378740583147,14.25785007714446,13.543325396949013,16.947289859356495
2074,2021-03-30,599.9199829101562,606.260009765625,595.52001953125,601.2899780273438,579.9318237304688,1071600,-0.011036119818885637,62.19231794126255,0.0015348747662329715,0.01790237121670177,569.3734392438616,21.76240229764135,612.8982438391444,525.8486346485789,0.008284491065245212,-0.007334250407133357,8.694965606345772,556.3959827045315,-0.011036119818885637,-6.47161865234375,68.10833892515097,12.562133782278352,0.5200794508197076,32.14896719796317,13.023794951745227,13.894036874012297,16.6661995085126
2075,2021-03-31,606.1599731445312,620.9400024414062,605.2000122070312,617.3599853515625,595.4308471679688,1579600,0.026725595670541002,61.216378625738656,0.0014870813539880124,0.02596672649419891,575.073503766741,22.735934924976434,620.545373616694,529.6016339167882,0.005906059866130652,-0.001583675894203442,8.92734374151023,561.6006312996565,0.026725595670541002,15.4990234375,67.34992027169625,14.515280370689538,0.6771110771683402,31.953190394810267,14.670563518209159,13.419782861751258,16.443192464408625
2076,2021-04-01,619.7999877929688,639.489990234375,619.75,637.0999755859375,614.4697875976562,1908300,0.03197506565244623,60.10301430154487,0.001433481082591947,0.03184896841425678,585.8522687639509,20.576536076754117,627.0053409174591,544.6991966104426,0.0038561063173751377,-8.065149072808207e-05,9.212796143746974,568.6498521393898,0.03197506565244623,19.0389404296875,72.2797277495282,17.398882998500312,0.7582121438042345,34.099025181361604,16.849702996044247,13.060515658729594,16.903369202664916
2077,2021-04-05,651.6500244140625,653.0,638.030029296875,640.489990234375,617.7393798828125,1529800,0.00532099763267313,54.63123425250661,0.0011843538714096237,0.022972408719826868,594.3824026925223,19.466395269160557,633.3151932308434,555.4496121542012,0.019197436195714866,-0.02090078202549605,9.261817410218152,575.1951225051796,0.00532099763267313,3.26959228515625,71.49175784048161,19.720660134222157,0.690641988424845,34.76068115234375,16.866301542107305,15.610341274878618,16.737381311363524
2078,2021-04-06,633.4099731445312,635.75,618.3800048828125,628.0,605.6929931640625,1281900,-0.019500758913953753,55.07623933282302,0.0012037270393041271,0.027422989617537995,600.4448590959821,13.99662806673433,628.4381152294508,572.4516029625134,0.012235361501375679,-0.02372865742404283,9.081204941796427,579.2615052596973,-0.019500758913953753,-12.04638671875,67.2897641082736,20.354014104767998,0.5849533695181874,34.04883248465402,17.359531604258375,15.175512178701661,16.966681752675573
2079,2021-04-07,627.1599731445312,631.4000244140625,622.1900024414062,626.5599975585938,604.3040771484375,820600,-0.0022931023328658373,51.38808554681766,0.0010479108476853373,0.01468528344766315,600.5674787248884,14.031016913237872,628.6295125513641,572.5054448984126,0.007717372062507804,-0.007924566164843005,9.060380809559161,582.6005148448627,-0.0022931023328658373,-1.388916015625,65.32178621229284,20.50748030717125,0.5727677557822226,33.300449916294646,17.41807402506068,15.772750953320317,17.125197831462803
2080,2021-04-08,635.9600219726562,641.5900268554688,632.75,639.8800048828125,617.15087890625,865900,0.02125883680684959,46.181981558086854,0.0008463394526315374,0.013900287046421978,604.9599696568081,13.665943153718509,632.2918559642451,577.6280833493711,0.00268888281271519,-0.005047521639330763,9.252993966597492,587.2072300530477,0.02125883680684959,12.8468017578125,73.79811661661063,21.41882997569246,0.6790301700229899,35.002306256975444,17.973789348462706,14.311909578699902,16.997161257851776
2081,2021-04-09,634.3400268554688,638.7100219726562,628.5499877929688,634.3200073242188,611.7885131835938,631100,-0.008688905591708318,44.49871505730159,0.0007857681118059202,0.0160167004280851,609.5109252929688,8.121889676002887,625.7547046449745,593.267145940963,0.00692060166879197,-0.009127658380950997,9.172595575581079,590.4847344704539,-0.008688905591708318,-5.36236572265625,70.80144137899276,21.46099407457052,0.5773180839342948,33.895642961774556,17.97126189848805,14.30989705731108,16.39980402549644
2082,2021-04-12,631.5599975585938,631.5800170898438,620.6199951171875,630.4299926757812,608.0366821289062,739500,-0.006132562109026685,43.354407359891326,0.0007458748561616663,0.017353888807119106,611.3117588588169,5.431610160785162,622.1749791803873,600.4485385372466,0.0018209266237699058,-0.017322190264894472,9.116344063512845,592.8249941582476,-0.006132562109026685,-3.7518310546875,64.77742891567175,20.950167525744178,0.5388377654246795,31.736833844866073,18.63131885000324,11.937982000901835,16.00244772753204
2083,2021-04-13,635.6300048828125,636.739990234375,623.719970703125,629.1199951171875,606.773193359375,710500,-0.0020779811591422614,42.904607047889925,0.0007304782960054942,0.02048364525153344,610.2122453962054,5.464693585929613,621.1416325680647,599.2828582243461,0.01198809851431157,-0.01873736936298859,9.097400472308607,594.6847540517313,-0.0020779811591422614,-1.26348876953125,70.85935521112765,20.210407820396313,0.44909043694959416,32.659925188337056,18.99472203859109,11.67512406997847,15.647027010664766
2084,2021-04-14,635.6699829101562,641.0900268554688,627.0399780273438,630.989990234375,608.5767211914062,718000,0.0029723261537744072,42.77936499938114,0.0007262198689485222,0.022102740739467625,608.9032941545759,4.3435962117210245,617.5904865780179,600.2161017311338,0.015888805343387213,-0.01357623470484407,9.12444091366381,596.5370163370213,0.0029723261537744072,1.80352783203125,67.40618186449633,19.544377133913713,0.47058404211288923,31.150303431919642,18.201724908359704,11.587393419336559,14.711943308821379
2085,2021-04-15,633.780029296875,642.9000244140625,627.52001953125,642.0900268554688,619.2825317382812,980400,0.01759155448127614,42.91221176557729,0.0007307372692911707,0.02426710242018087,610.8446568080357,5.54137898009823,621.9274147682321,599.7618988478392,0.0012780420984428514,-0.009877259421648152,9.284954013107711,599.569751723856,0.01759155448127614,10.705810546875,68.59123037974683,19.653855048426976,0.4757040966919912,31.615426199776785,18.2982459013178,10.012230951018074,14.23751055727658
2086,2021-04-16,640.260009765625,647.9400024414062,638.47998046875,645.6900024414062,622.7546997070312,605200,0.005606759097505742,42.73746188497841,0.0007247978763372944,0.01477528164865272,613.4804600306919,6.254052222078017,625.988564474848,600.9723555865359,0.003514197303722967,-0.0027801662913893395,9.337012513490626,602.6610781216127,0.005606759097505742,3.47216796875,58.47160884463406,19.792634847351223,0.47381157672083524,29.087803431919642,16.965191397953163,11.758326392114352,14.044373605772282
2087,2021-04-19,637.6400146484375,639.260009765625,622.4500122070312,630.1099853515625,607.72802734375,1138900,-0.02412936003590238,41.34694167292601,0.0006784006292477561,0.02636283353054926,612.1343383789062,6.3457757309458165,624.8258898407979,599.4427869170146,0.014349827808575284,-0.023822222715714055,9.111716376892884,603.3366713512311,-0.02412936003590238,-15.02667236328125,59.52439887424202,18.477099460293857,0.21238712527289563,29.187090192522323,16.880892182431417,11.699899836972543,13.851236654267987
2088,2021-04-20,626.030029296875,627.7899780273438,612.780029296875,616.9400024414062,595.02587890625,988000,-0.020901041034783963,42.40494608367011,0.0007135632747456226,0.023976403731506554,609.7396763392857,9.074250788527568,627.8881779163409,591.5911747622305,0.01733139798121767,-0.021165118891951117,8.921272019002133,602.2285656919003,-0.020901041034783963,-12.7021484375,56.38617039462914,16.222567307781333,-0.21284803136033098,29.20176042829241,16.61584454131925,12.002373783621637,13.777789311854153
2089,2021-04-21,637.719970703125,655.8400268554688,635.9299926757812,655.489990234375,632.2066040039062,2160900,0.062485895850446393,43.93889599549373,0.0007661216592471487,0.0312206534127126,613.1925223214286,12.331935479413389,637.8563932802554,588.5286513626017,0.0005488876578662158,-0.002806840164296863,9.478725693235003,606.2256374668344,0.062485895850446393,37.18072509765625,63.14740496871858,17.237307169782184,0.45115131928645846,30.616472516741073,20.546315446693317,8.437089636162492,14.65717910177409
2090,2021-04-22,664.1699829101562,665.8699951171875,640.47998046875,647.0900268554688,624.10498046875,1233400,-0.012814835346304232,42.54939208706314,0.0007184328440391394,0.03822818751487007,615.6684919084821,12.565964459154385,640.8004208267909,590.5365629901734,0.028275846161296872,-0.035668583421378214,9.357257384183413,608.6095498670899,-0.012814835346304232,-8.10162353515625,53.736828674892614,17.189611370314196,0.21331622646368353,29.873918805803573,21.47294113836308,8.217106262508835,15.673118562284477
2091,2021-04-23,659.219970703125,671.280029296875,658.3699951171875,670.9099731445312,647.0787353515625,1109600,0.036810721916619604,42.68015459835154,0.0007228553954520588,0.019583803212025932,621.1687796456473,16.693106369802038,654.5549923852514,587.7825669060433,0.0005613545838865403,-0.001289365649876952,9.701704783654824,613.7387745983528,0.036810721916619604,22.9737548828125,59.870181496222735,18.789014066564278,0.5863026676014957,30.491407121930802,18.31290074585963,10.957637641298312,16.627037094385898
2092,2021-04-26,666.9600219726562,675.6500244140625,666.9600219726562,670.4400024414062,646.6254272460938,801000,-0.0007005455143298533,42.76444821125445,0.0007257135042908981,0.013029270353722219,625.0749075753348,19.190435680762338,663.4557789368595,586.6940362138101,0.007811595599458356,0.0,9.694908297887283,618.1236616180516,-0.0007005455143298533,-0.45330810546875,64.93523152785716,19.791826198328977,0.5383394397618784,31.245740618024552,18.29239215929026,12.211642155826286,16.734627542651907
2093,2021-04-27,670.3300170898438,674.8400268554688,661.7899780273438,672.8099975585938,648.9112548828125,678200,0.0035350104409810346,35.77372259472056,0.0005078409636047699,0.019468095558036025,628.8115583147321,21.11353083876851,671.0386199922691,586.5844966371951,0.003028402794325287,-0.012740051683162782,9.729179899944668,622.2286740533531,0.0035350104409810346,2.28582763671875,66.17021690858581,20.534302566619772,0.5746974453964907,31.424852643694198,12.859907080305907,12.892593306780325,16.303439099910957
2094,2021-04-28,664.4500122070312,670.8599853515625,661.280029296875,665.3400268554688,641.7066650390625,571300,-0.01110258111496476,34.307988008850906,0.0004670785877839116,0.014417873246576975,633.6656494140625,19.285228385568097,672.2361061851987,595.0951926429263,0.008307560229788702,-0.004770837311939935,9.621160890923449,624.8257395181143,-0.01110258111496476,-7.20458984375,59.28119538397087,20.307280559179617,0.4601024016030103,30.329336983816965,12.730553865276226,10.798557540540608,16.572056490737314
2095,2021-04-29,666.2899780273438,666.6300048828125,654.0599975585938,662.47998046875,638.9481201171875,504300,-0.004298763083140256,34.00110140836494,0.00045875987975472853,0.018865670712073793,639.9402553013393,9.044317570069396,658.0288904414781,621.8516201612006,0.00622855596049831,-0.018355342076371583,9.579801799668594,626.7087235979908,-0.004298763083140256,-2.758544921875,60.4714546653407,19.67793744779715,0.4162254310905557,30.569636753627233,12.631946084438214,10.714914534384476,16.809110405928546
2096,2021-04-30,654.27001953125,661.0499877929688,645.7000122070312,648.0999755859375,625.0790405273438,575200,-0.021706112207200867,34.211734557033616,0.0004644614211908444,0.02346122415472277,638.9220319475446,10.364900485377197,659.651832918299,618.1922309767903,0.019793069864807885,-0.013098578673005234,9.371861546882243,626.4914325219046,-0.021706112207200867,-13.86907958984375,56.09520874008515,17.854247037720256,0.19562608852671004,30.734662737165177,10.69693368013152,11.033822431513924,16.67089988384682
2097,2021-05-03,657.7100219726562,658.0800170898438,647.7100219726562,654.4299926757812,633.0264282226562,672000,0.012714212411613968,32.74233536123575,0.0004254208432173132,0.015766819374418206,640.1965244838169,8.645131410329686,657.4867873044763,622.9062616631576,0.0055495952503734946,-0.015204268850894508,9.491017385281541,627.3627652820048,0.012714212411613968,7.9473876953125,58.96105562761535,16.855942207369026,0.3220359551172648,31.041639055524552,7.914505310904224,11.551332808483288,16.957308955140157
2098,2021-05-04,635.6699829101562,639.22998046875,615.9099731445312,629.0,608.4280395507812,1505800,-0.03885839133279112,35.56736608679116,0.0005019990199808817,0.03668571420890065,634.6749965122768,14.123801973619319,662.9226004595155,606.4273925650382,0.01609322564189078,-0.031085327759479597,9.122211717577947,624.8381351845084,-0.03885839133279112,-24.598388671875,49.956084116584044,13.919439415378747,-0.06922204682824917,30.256151471819198,8.11218848878479,8.838012714778252,16.977062551542083
2099,2021-05-05,642.0,651.97998046875,635.8200073242188,641.8800048828125,620.88671875,948200,0.020476832738375084,35.570667798517384,0.0005020922252509847,0.02517129773291472,630.9980381556919,13.841690303653817,658.6814187629996,603.3146575483843,0.015732049199279594,-0.009626156815858645,9.309005721122837,624.3112796599073,0.020476832738375084,12.45867919921875,50.46897030657665,12.453989250476525,0.1289436946513899,30.915339878627233,7.7856393782108295,11.620146372367438,17.5983380485349
2100,2021-05-06,638.3300170898438,644.6400146484375,629.9299926757812,644.3400268554688,623.266357421875,618200,0.003832645473019314,35.55346401860788,0.0005016066681438274,0.023044540564956452,627.3344813755581,11.507232206034558,650.3489457876271,604.320016963489,0.0004699572085555351,-0.01315937554113206,9.34468383975821,624.1719566948364,0.003832645473019314,2.379638671875,50.15054036863085,11.353747456922292,0.1667938434773829,30.56504167829241,7.80968668621959,11.053711871125167,18.18120930657603
2101,2021-05-07,651.780029296875,661.2899780273438,647.7100219726562,658.5700073242188,637.031005859375,573700,0.022084696652707292,35.61178804377839,0.0005032537490773798,0.020835182798308868,626.6665300641741,10.636714478546237,647.9399590212666,605.3931011070816,0.004173142135175944,-0.00624444926397849,9.551058347674726,625.8864965834415,0.022084696652707292,13.7646484375,58.68605230953826,11.460381853488911,0.3857321209791255,32.08030046735491,7.8005897209976265,12.180926803006317,18.685010936111805
2102,2021-05-10,648.2999877929688,648.6400146484375,626.52001953125,627.260009765625,606.7449340820312,882700,-0.04754253952911891,39.38955515767769,0.0006156893077459258,0.03411999928072096,622.0660749162946,11.377766247236787,644.8216074107681,599.3105424218211,0.032978567461642606,-0.033595509288632086,9.09697677863548,623.3342882499202,-0.04754253952911891,-30.28607177734375,53.14584786748199,8.997341744874234,-0.15341531966803607,32.227303641183035,7.793687456926822,12.170148646940094,19.188812565647588
2103,2021-05-11,616.1199951171875,633.6599731445312,614.6099853515625,630.6599731445312,610.0336303710938,891200,0.005420228673253202,39.37001357391879,0.0006150785590518054,0.03091928186707428,619.916730608259,12.111188917272088,644.1391084428031,595.6943527737147,0.004869181366901415,-0.0024508371382068075,9.146284473010958,621.56086719941,0.005420228673253202,3.2886962890625,42.723981487193335,7.227421799703848,-0.07497300215982722,29.805938720703125,7.707070933105306,12.034893547731286,19.19006631335426
2104,2021-05-12,615.0,619.7100219726562,600.260009765625,601.8800048828125,582.1950073242188,1107700,-0.0456345710480589,42.48976507062018,0.0007164206887922597,0.0316260361089939,612.6550990513393,17.136853891718772,646.9288068347769,578.3813912679018,0.028991897707063008,-0.023967463795731708,8.728897704401582,616.3120858827178,-0.0456345710480589,-27.838623046875,37.824459492766344,3.5376237443387026,-0.23962062516697835,28.790697370256698,7.003145588972573,12.21117890359746,19.344312574925453
2105,2021-05-13,621.6400146484375,628.75,611.8099975585938,623.0900268554688,602.7112426757812,1436100,0.03523945601295275,44.358937017073295,0.0007808394020970935,0.02725050196613631,611.8384137834821,17.504161370209573,646.8467365239012,576.830091043063,0.00910490478598324,-0.01581303786469251,9.036499311097407,614.498640121793,0.03523945601295275,20.5162353515625,36.92379425236037,2.243064284626371,0.032514026182206786,28.746407645089285,6.194534336995793,13.77271100043135,20.094273962059923
2106,2021-05-14,630.1400146484375,651.1400146484375,625.4099731445312,647.760009765625,626.5745239257812,1331000,0.039593224018946716,46.08511991605971,0.0008427929673323821,0.04083226093531188,612.6509573800223,18.115525207819832,648.8820077956619,576.4199069643827,0.0053638950141870366,-0.007506334138366369,9.394283452668743,616.1087579623247,0.039593224018946716,23.86328125,44.807071566095175,3.1068698870212756,0.35283598994696047,30.164799281529017,9.189129728873922,13.477494149093697,19.601460680518343
2107,2021-05-17,631.8900146484375,636.0800170898438,623.2999877929688,635.3499755859375,614.5703735351562,929400,-0.019158376110495867,46.56631368176155,0.0008604847499635766,0.02022508506323744,611.408673967634,17.55575919331548,646.520192354265,576.2971555810029,0.0011553300210202257,-0.013594180405347843,9.214304236993907,615.9036400387023,-0.019158376110495867,-12.004150390625,41.532395332772474,2.790638690933065,0.20269644076734877,29.062329973493302,9.41632331504733,12.104041552143524,19.332967957617797
2108,2021-05-18,641.4000244140625,643.760009765625,631.6099853515625,632.1900024414062,611.5136108398438,644700,-0.004973820455628664,45.79351948281608,0.0008321612804059745,0.018942974667270865,607.7633318219866,13.538313347600235,634.8399585171871,580.6867051267861,0.018038676151888654,-0.015263546445049615,9.168473942095561,615.3183028121879,-0.004973820455628664,-3.0567626953125,42.39968141171973,2.2672327389195743,0.16955856414255577,29.579537527901785,9.238233907773473,13.144669306452464,19.300836153508392
2109,2021-05-19,608.010009765625,630.97998046875,606.6400146484375,630.780029296875,610.1498413085938,1049600,-0.0022301540097807715,45.13633688227397,0.0008084479790278276,0.04003217945325446,608.2497471400669,13.556779757303122,635.3633066546731,581.1361876254607,0.00032886164481416507,-0.0022532443466113396,9.148026833170027,614.6291746117087,-0.0022301540097807715,-1.36376953125,42.6995161697104,1.7225287086221215,0.1620487741458024,29.537867954799108,9.17824777668071,13.059317726912525,19.36426553002915
2110,2021-05-20,632.6900024414062,652.25,631.75,648.77001953125,627.5514526367188,1086900,0.028520225934671517,40.67445073058626,0.0006565122786646384,0.03240133386159917,610.7522931780134,15.428610346373803,641.609513870761,579.8950724852657,0.005500293121942105,-0.0014857235577913279,9.408930625308473,616.3521450150433,0.028520225934671517,17.401611328125,50.61573876187077,2.6642990619589,0.4471810103858828,30.966317313058035,5.064619622198516,17.363763125205235,19.986053518640556
2111,2021-05-21,645.8599853515625,647.3599853515625,636.1799926757812,639.219970703125,618.3137817382812,847500,-0.01472018088656235,40.75514013873614,0.0006591196221142941,0.01731024204835297,615.9121180943081,8.977221963256282,633.8665620208207,597.9576741677955,0.012603373537697379,-0.014987757246661003,9.270429464554816,616.6136965781417,-0.01472018088656235,-9.2376708984375,46.359305269682544,2.634882725102898,0.2958181445422861,30.023999895368302,3.5751270997554006,18.45525677337465,21.076351961757968
2112,2021-05-24,647.5,662.260009765625,645.760009765625,658.9500122070312,637.3985595703125,794000,0.030865845782019896,40.123352814202015,0.0006388426353384651,0.025482625482625483,620.867449079241,9.992163632567898,640.8517763443768,600.8831218141053,0.005111965341457529,-0.0026872436052123552,9.556569110740858,619.3850116437645,0.030865845782019896,19.08477783203125,57.36996019175284,4.104241003624452,0.5990088678175404,31.497301374162948,5.985146655979558,15.679505075315415,22.010580527024516
2113,2021-05-25,671.1699829101562,679.4400024414062,667.280029296875,672.2899780273438,650.3021240234375,1088800,0.02024410670432575,40.755365298956086,0.0006591269050203786,0.01811757595565623,624.2571062360491,15.013665778448166,654.2844377929455,594.2297746791528,0.010653075370058098,-0.005795780074094828,9.75003331554596,623.5072932943876,0.02024410670432575,12.903564453125,57.466236774494995,6.238019827745234,0.6320045325429647,31.389408656529017,5.858486520571442,17.379067551717238,23.42216037853312
2114,2021-05-26,667.219970703125,669.5399780273438,659.8599853515625,665.77001953125,643.995361328125,597100,-0.00969820405366717,40.89228399190558,0.0006635630516169276,0.014507948054343082,628.460675920759,15.940184532827264,660.3410449864135,596.5803068551044,0.0056502482863648685,-0.011030822929065586,9.65547550292174,626.2390356988859,-0.00969820405366717,-6.3067626953125,55.15860840423134,7.335591741857797,0.5523535691848745,31.066877092633927,5.942290647223956,17.627670595027585,25.77694613597874
2115,2021-05-27,661.0,667.8599853515625,658.9299926757812,665.0900268554688,643.3377075195312,652600,-0.0010212089218119003,40.69743951265845,0.0006572545963835287,0.01350982250496407,633.0069754464286,14.798525131117444,662.6040257086635,603.4099251841936,0.004190557482743948,-0.0031316298399678517,9.64561524519382,628.5188586083053,-0.0010212089218119003,-0.65765380859375,51.679014440021405,8.059453858019879,0.5440477612860706,30.05552019391741,5.924203818753263,17.57401642808792,27.746771668682165
2116,2021-05-28,669.030029296875,675.97998046875,666.9400024414062,675.469970703125,653.3781127929688,610700,0.015606741461105189,40.98878205174153,0.0006666985135258604,0.01351206617264164,639.1824428013393,12.5137121642191,664.2098671297775,614.1550184729011,0.000762312218124201,-0.0031239656875570866,9.796151868558855,631.8334258329271,0.015606741461105189,10.0404052734375,63.915037983978834,9.335680679013421,0.6708525882901598,30.807111467633927,7.126817654707438,17.36111816237961,29.34592145813903
2117,2021-06-01,684.739990234375,688.0900268554688,668.52001953125,671.7999877929688,649.8282470703125,1292000,-0.00543309555853011,40.214070551732675,0.0006417347104522751,0.02858020212536479,642.3648420061384,11.879376500237724,666.1235950066138,618.606089005663,0.023790109084945065,-0.023687780667773144,9.742928439351102,634.2327353312452,-0.00543309555853011,-3.54986572265625,61.855976421700674,9.946003792468787,0.564365565977094,31.364031110491073,8.852221445823353,17.024197876069522,30.775945260415515
2118,2021-06-02,670.52001953125,678.72998046875,668.77001953125,674.0900268554688,652.0432739257812,596800,0.003408634305225977,40.03510242991693,0.0006360354867356907,0.014854084363451,647.1833408900669,5.764988293722318,658.7133174775115,635.6533643026223,0.006919933004423892,-0.002609914617051102,9.776138519462837,636.6074738105167,0.003408634305225977,2.21502685546875,74.55960306116755,10.4875296984045,0.5574371083203382,32.039154052734375,8.908421563581314,16.859697954079152,31.355654872129943
2119,2021-06-03,667.3499755859375,670.4099731445312,660.1099853515625,665.8900146484375,644.1115112304688,612100,-0.012164472838677498,37.62157840668674,0.0005616599848454276,0.015434162238374693,648.142333984375,4.216377945152143,656.5750898746793,639.7095780940707,0.006772995671611733,-0.01084886566155673,9.657216947975682,637.608012133177,-0.012164472838677498,-7.9317626953125,65.97022290909126,10.159552917407268,0.460055137705633,30.025704520089285,8.977290263581546,16.990035912628482,32.62112782850677
2120,2021-06-04,674.8099975585938,684.02001953125,673.0900268554688,683.2999877929688,660.9519653320312,531000,0.02614524629344328,38.002931452528365,0.000573104285311734,0.0161971409957248,649.6637398856027,6.453504070066449,662.5707480257356,636.7567317454698,0.001067014034893177,-0.0025488222008383256,9.909707263589722,640.7205392263576,0.02614524629344328,16.8404541015625,64.02082262927516,11.130210719116349,0.6668132908997307,29.4171142578125,11.164929393602572,13.962024930815332,32.21028238580877
2121,2021-06-07,680.1799926757812,684.4099731445312,676.47998046875,681.97998046875,659.6751708984375,594300,-0.0019317507180001137,38.04435729923989,0.0005743544136159634,0.011658667942562094,651.9037126813616,6.866126725550178,665.635966132462,638.1714592302612,0.00357257299824687,-0.005439754545669091,9.890564179468111,643.2478234493016,-0.0019317507180001137,-1.27679443359375,70.16003147050976,11.662005045193041,0.6511374868206795,30.179827008928573,11.170106721179991,14.500849598127818,32.00920110451164
2122,2021-06-08,690.6699829101562,692.1199951171875,676.5499877929688,680.72998046875,658.4661865234375,562800,-0.0018326964972069648,37.428359713954116,0.000555905599554422,0.022543338655915103,654.064923967634,6.053318045996739,666.1715600596274,641.9582878756405,0.0164912547675018,-0.020443910212649647,9.872437777140998,645.276938525853,-0.0018326964972069648,-1.208984375,71.33837396181971,11.849309481062846,0.6062960191473926,30.412340436662948,12.490295418625351,11.812200335242581,31.098166965279976
2123,2021-06-09,685.0,688.0599975585938,680.8099975585938,682.5900268554688,660.265380859375,440700,0.0027324020166272778,32.84069442234782,0.0004279806389452488,0.010583941605839416,655.0488194056919,6.468559353279717,667.9859381122513,642.1117006991325,0.007985358690693431,-0.0061167918852645985,9.899413246032285,647.275397503656,0.0027324020166272778,1.7991943359375,72.68605012911073,12.004548578915205,0.4723436005588908,30.787615094866073,12.344135480383816,12.340972319378727,30.054875010441854
2124,2021-06-10,689.3599853515625,704.780029296875,686.5599975585938,699.9400024414062,677.0477905273438,800100,0.025417673187901224,33.65206555211218,0.0004493894904458947,0.026430358775450722,658.9373256138393,10.015908611039432,678.9691428359182,638.9055083917605,0.007021044096431582,-0.004061720802580094,10.151033296671914,651.2450499068144,0.025417673187901224,16.78240966796875,72.5320664924742,13.32813840312292,0.5957401754359429,30.960078648158483,14.560782131301098,12.01002402402849,29.468108679848587
2125,2021-06-11,698.2000122070312,698.9400024414062,691.3499755859375,697.030029296875,674.2330932617188,445100,-0.0041573095799229964,28.419718897422758,0.0003205081040510032,0.010870848929773642,662.1072998046875,10.93924095853978,683.985781721767,640.228817887608,0.0027355673319078974,-0.009810994702564638,10.108832308701542,654.310122354135,-0.0041573095799229964,-2.814697265625,77.03705583636506,13.988717105707337,0.4824309399121392,31.108912876674108,14.50679869810567,12.692654333564882,28.495005400200057
2126,2021-06-14,699.510009765625,709.6300048828125,695.5399780273438,709.3300170898438,686.1307373046875,636600,0.017646188183098266,26.839379799246316,0.000285854090479441,0.020142709409104377,668.1100463867188,10.947209185494058,690.0044647577068,646.2156280157307,0.00042885418189978825,-0.005675446645304522,10.287214665932273,658.5528710142087,0.017646188183098266,11.89764404296875,75.32193632441388,15.295948752405366,0.5365037096605266,30.498247419084823,16.407551645573363,11.127765576755833,27.600793808851773
2127,2021-06-15,707.5999755859375,710.969970703125,696.8699951171875,701.780029296875,678.8276977539062,510700,-0.01064380176213886,24.536852215642316,0.00023891155422709173,0.019926478338643,670.6637224469866,11.083241329468304,692.8302051059233,648.49723978805,0.012987481237036714,-0.015163907347318515,10.177719592343523,661.2561812461684,-0.01064380176213886,-7.30303955078125,65.73830057347985,15.563241631067626,0.3823542175146577,29.269518171037948,13.654321765351925,11.548450809701311,27.09776623493418
2128,2021-06-16,706.0499877929688,709.969970703125,693.7000122070312,699.0499877929688,676.1868286132812,590900,-0.003890337930174459,23.263280948559483,0.00021475406368714708,0.023043635404557932,673.0225306919643,10.065105003893684,693.1527406997517,652.892320684177,0.015466302809933987,-0.017491644783596848,10.138124823770749,663.2469342284501,-0.003890337930174459,-2.640869140625,68.50960846698996,15.38463262585492,0.3316072871597412,30.11983380998884,13.263993588824455,11.218321944735917,26.900934149053505
2129,2021-06-17,691.3599853515625,704.530029296875,691.0999755859375,698.8300170898438,675.9741821289062,746700,-0.0003144788915973029,23.075357148576394,0.00021129845537077606,0.019425558313312278,675.5236729213169,7.755354450624031,691.034381822565,660.0129640200688,0.008244637132322237,-0.0003760844872917874,10.134936597513294,664.9439006151775,-0.0003144788915973029,-0.212646484375,68.86200634664416,15.05241009451754,0.31191901978902903,30.439732142857142,13.281495073145228,9.93771321437967,26.755608678998957
2130,2021-06-18,685.3499755859375,687.2000122070312,668.5700073242188,671.0700073242188,649.1221313476562,1669900,-0.039723485735331576,27.71952953787623,0.00030490964992110827,0.027183199163149957,673.9317801339286,11.600001424003608,697.1317829819358,650.7317772859213,0.023535427821416658,-0.024483794936116802,9.732341588153485,662.8343313795081,-0.039723485735331576,-26.85205078125,47.940496808995775,12.478540412549364,-0.2160412341441755,29.438855852399552,13.400775658094503,10.02696342595157,26.61028320894442
2131,2021-06-21,678.5,681.9500122070312,672.4000244140625,680.6500244140625,658.3888549804688,565500,0.014275778293945551,26.48518179653162,0.0002783590693632261,0.014075147815724024,671.2662179129464,12.841966659472314,696.950151231891,645.5822845940019,0.0019159731657608695,-0.008990384061809138,9.87127833894691,662.2416011929695,0.014275778293945551,9.2667236328125,53.925361129193774,11.058996075020332,-0.03384055970910487,29.30428205217634,13.599104745096488,6.7787872051107545,25.59274957792772
2132,2021-06-22,680.489990234375,687.5700073242188,676.260009765625,685.8099975585938,663.3798217773438,542200,0.0075805760670464295,25.7841370976266,0.00026381814518619214,0.01662037314420797,669.7157505580357,13.077091277242372,695.8699331125204,643.561568003551,0.0025863859731703265,-0.006216080367755455,9.946108315274286,662.3933639375527,0.0075805760670464295,4.990966796875,55.06918554827159,10.218928819156872,0.06429094312904271,29.32424054827009,14.282467266640284,5.982206198353731,24.326825498113106
2133,2021-06-23,686.530029296875,689.22998046875,679.5499877929688,681.6500244140625,659.3560791015625,523400,-0.006065518642096701,23.950682411279757,0.0002276330110976132,0.014099882397999735,665.8907993861607,11.26588611814939,688.4225716224595,643.3590271498618,0.011040967956566563,-0.010167132107906504,9.885780009871675,661.9883926260874,-0.006065518642096701,-4.02374267578125,57.06354238487422,9.12331911670401,-0.21730981558441934,29.858773367745535,12.28899507709106,6.689975292093026,23.600817101998093
2134,2021-06-24,691.6699829101562,697.9600219726562,690.6699829101562,695.0,672.269287109375,469400,0.019584574127849086,23.88742600523195,0.00022643219093469513,0.010539764978418808,664.9538835797991,10.236358628462638,685.4266008367244,644.4811663228738,0.004279529321486746,-0.0014457762006565116,10.079388801286616,663.3591785571924,0.019584574127849086,12.9132080078125,55.44191113586832,9.191079457380283,0.0872472401001323,29.765590122767858,12.357756031195938,5.034562970832864,23.245030346996742
2135,2021-06-25,693.9299926757812,695.5599975585938,685.969970703125,686.2100219726562,663.7669067382812,431200,-0.012647283661659348,24.08562293628301,0.00023020525088444534,0.013819876582203607,663.1796090262277,8.961879791464044,681.1033686091558,645.2558494432996,0.013473946485414424,-0.011470929426126333,9.951911911980591,663.413542314671,-0.012647283661659348,-8.50238037109375,51.83966771329515,8.461173831926885,-0.11328077203781305,29.75364031110491,12.27676665768846,5.001567813794452,22.88924359199539
2136,2021-06-28,698.9299926757812,705.7999877929688,698.6699829101562,704.1099853515625,681.0814819335938,623900,0.026085324561291312,25.509177178078087,0.0002582214763105476,0.010201314806245492,663.9092232840402,10.287057648125892,684.483338580292,643.3351079877884,0.002417985290538542,-0.0003720111718622626,10.211510764209986,665.769267597194,0.026085324561291312,17.3145751953125,58.88168980998746,9.174106490449276,0.29508220319830253,30.43851579938616,11.926375038771805,6.853877156539336,21.814592057409502
2137,2021-06-29,699.9500122070312,705.27001953125,698.2000122070312,703.6799926757812,680.66552734375,400000,-0.0006107266177063364,25.102017856147768,0.00025004416684538147,0.01010073176786742,668.4154227120536,9.616965349027733,687.649353410109,649.1814920139981,0.002271629155995288,-0.0025001785405818163,10.205274322779289,667.7554355634015,-0.0006107266177063364,-0.41595458984375,58.099737695637764,9.594942178814563,0.28527194496466723,30.052424839564733,10.794142788692646,6.946122133192836,20.857337357900285
2138,2021-06-30,694.5999755859375,696.5700073242188,686.5900268554688,690.8400268554688,668.2454833984375,767500,-0.018246911950691613,25.962306516504167,0.00026747673002258524,0.014367953958436692,669.8235124860491,8.56868267159786,686.9608778292449,652.6861471428534,0.00824932431636844,-0.011531743466751305,10.019059580778881,667.8207752747397,-0.018246911950691613,-12.4200439453125,46.379693731081616,8.824539942679053,-0.007653872784774594,28.008841378348215,9.139826953266803,7.160525807555428,19.931713725593177
2139,2021-07-01,687.239990234375,691.6799926757812,674.530029296875,679.3099975585938,657.0926513671875,997500,-0.01668972302593208,26.69535979579351,0.0002827945375503447,0.02495483909930425,668.9253452845982,9.621509592099638,688.1683644687974,649.6823261003989,0.017999527520173645,-0.018494210345887205,9.85184425139537,666.3903587537328,-0.01668972302593208,-11.15283203125,43.402786424110985,7.230699282898513,-0.27069259127570783,28.119005475725448,9.222579149539497,7.183955999726281,19.054030270365097
2140,2021-07-02,688.489990234375,689.8699951171875,683.7000122070312,687.5399780273438,665.0533447265625,449700,0.01211502417933219,26.56841031132825,0.0002801112803456719,0.008961615996851125,669.739240373884,8.89030593315263,687.5198522401892,651.9586285075787,0.003384242505908573,-0.00695722246551929,9.971199582712039,666.2120902167768,0.01211502417933219,7.960693359375,41.633945252843176,6.53460365751755,-0.08294022724099263,27.931893484933035,9.007614099693203,8.499711288724406,17.7227949046856
2141,2021-07-06,689.4400024414062,693.5499877929688,676.7000122070312,685.8699951171875,663.43798828125,788700,-0.0024289125949387147,25.05068865009776,0.0002490226197794193,0.024440089821114692,668.4776262555804,9.095678348139804,686.66898295186,650.2862695593008,0.011139464853482958,-0.01847875114478542,9.946980410458941,665.8422099587066,-0.0024289125949387147,-1.6153564453125,43.60265712556091,5.785900831082813,-0.12396192228478085,28.19313703264509,7.540659943022522,8.659550768039306,17.521594475096396
2142,2021-07-07,694.0399780273438,695.719970703125,684.3699951171875,690.1799926757812,667.6070556640625,442900,0.006284034765047464,25.120127503294555,0.0002504050816594347,0.01635348963354721,669.0262189592634,8.877391929120979,686.7810028175053,651.2714351010214,0.007982217455383364,-0.01393289034680834,10.009487581165512,666.0775227194207,0.006284034765047464,4.1690673828125,46.47822185165495,5.465949281580947,-0.025864952063687753,28.274544852120535,7.432584419481642,9.230624033852356,17.417581370055284
2143,2021-07-08,670.97998046875,675.5999755859375,664.8300170898438,673.6900024414062,651.6563720703125,849400,-0.023892323273731697,26.522341631535127,0.00027914071651581796,0.016051087677116393,664.8226318359375,9.17914055000881,683.1809129359551,646.4643507359199,0.0028465426691224576,-0.009165643622645573,9.770337668071903,664.154702632873,-0.023892323273731697,-15.95068359375,41.16026377457135,3.880565766297991,-0.3215439209119675,27.019313267299108,6.405800836335807,9.567450639006918,18.22725629202095
2144,2021-07-09,683.969970703125,693.0,678.9299926757812,691.3599853515625,668.7483520507812,583600,0.026228516612470942,28.07135754624046,0.0003126988549559012,0.020571089268370514,663.1201782226562,6.4506489391511295,676.0214761009585,650.218880344354,0.0023977875033776054,-0.007368712433621354,10.026599131908378,664.7671892219274,0.026228516612470942,17.09197998046875,57.6791986557653,3.957695993321181,0.09563919362623872,28.641714913504465,9.154056860381168,8.678596420872218,18.35360966980589
2145,2021-07-12,700.0,708.510009765625,699.1699829101562,707.8099975585938,684.660400390625,618500,0.023793775776864257,27.896703361503434,0.0003088198644602051,0.0133428955078125,665.4651663643973,10.399397920258552,686.2639622049144,644.6663705238802,0.0010000174386160714,-0.0011857386997767858,10.265169783457509,667.4196173777538,0.023793775776864257,15.91204833984375,59.77120249673221,5.2423608992291975,0.453992367809539,29.13698468889509,6.444368885460299,12.115009710954386,19.351428360660904
2146,2021-07-13,706.25,710.6599731445312,703.5999755859375,706.4199829101562,683.3159790039062,623300,-0.001963632460635578,27.85909814607087,0.0003079878371080989,0.009996456720132744,669.2113560267857,11.54122905232616,692.293814131438,646.1288979221333,0.006003525995575221,-0.0037522469579646016,10.245012762856776,669.5391322612408,-0.001963632460635578,-1.34442138671875,57.6216134484841,6.081875448231017,0.40335980012731765,28.90972900390625,6.400624899951149,11.973281573046833,20.478066726047626
2147,2021-07-14,719.97998046875,723.010009765625,712.8800048828125,716.510009765625,693.075927734375,852000,0.01428321454548187,27.626017148432773,0.0003028558823355165,0.014069842436753952,673.214582170759,14.371544779673266,701.9576717301055,644.4714926114124,0.009028028801256546,-0.009861351396624933,10.39134447816986,672.6773716576587,0.01428321454548187,9.75994873046875,62.349494544875796,7.448877054030731,0.4854918219384592,29.898577008928573,6.6278985099722965,11.888852420562621,20.91793654377132
2148,2021-07-15,712.5700073242188,713.27001953125,696.8400268554688,703.9400024414062,680.9170532226562,729400,-0.01754335134891416,28.080264493705215,0.000312897323030334,0.02305737332038116,675.7115914481027,13.900531650695273,703.5126547494932,647.9105281467122,0.01309347431683102,-0.022074996571660184,10.209045471001726,673.775995866325,-0.01754335134891416,-12.15887451171875,53.1847384304433,7.465063512864617,0.27650460910953495,28.583587646484375,6.457234181166013,11.980171988770923,21.946477396587255
2149,2021-07-16,702.8800048828125,706.989990234375,686.8699951171875,687.4199829101562,664.937255859375,578300,-0.023468052808564233,29.242928995035093,0.0003393448000828033,0.028625078217358026,675.3301914760044,14.193503364594928,703.7171982051942,646.9431847468146,0.027842600711741054,-0.022777728281364706,9.969459052763224,672.5974971987317,-0.023468052808564233,-15.97979736328125,50.40850943800605,6.117931592511354,0.0018432241841084072,28.782318115234375,6.511819820747757,12.081445278845134,22.975018249403195
2150,2021-07-19,673.8499755859375,684.3200073242188,671.5900268554688,684.0,661.6292114257812,855300,-0.004974972306700409,29.28100557344704,0.00034022908229850655,0.018891416383418,676.7548828125,11.703219911758696,700.1613226360174,653.3484429889826,0.00047489402064679423,-0.0033537861725136085,9.919861270062944,671.1350590956716,-0.004974972306700409,-3.30804443359375,42.47434667130114,4.728876753172699,-0.05501557351338252,27.164437430245535,6.610595762228258,12.264705283684467,23.71569156760184
2151,2021-07-20,676.8599853515625,688.6599731445312,672.9299926757812,684.0499877929688,661.6776123046875,805600,7.315408399510837e-05,25.644892823650867,0.0002609763999748174,0.023239637161561286,675.7447771344866,12.766293475268021,701.2773640850227,650.2121901839506,0.006810840426869176,-0.005806212157363688,9.920586948427514,669.8740661902071,7.315408399510837e-05,0.04840087890625,42.633044147080525,3.590556630034712,-0.05418365730507406,27.36745343889509,7.242293407514422,12.092731657229503,24.224517705107456
2152,2021-07-21,705.9400024414062,721.0900268554688,700.6900024414062,721.0,697.4191284179688,1281300,0.054016511135672296,31.301176818336824,0.0003887951072272961,0.0288976745098897,677.5674525669643,14.971660117086328,707.510772801137,647.6241323327916,0.0001275276300498672,-0.007436892628047035,10.456462443799655,673.5467411539087,0.054016511135672296,35.74151611328125,59.58438220987745,5.508967430002826,0.5601429259321815,30.475163051060267,12.117555021001722,10.966830349391408,22.868120610670974
2153,2021-07-22,733.0,740.0599975585938,724.2000122070312,729.9199829101562,706.0473022460938,946000,0.012371576110476346,31.434596571568825,0.00039211661175289137,0.02163708779203615,680.8147844587054,18.48036692733264,717.7755183133706,643.8540506040401,0.013833580693639155,-0.012005440372399387,10.58582536476946,677.8801492995334,0.012371576110476346,8.628173828125,66.35430476674401,7.637502949828217,0.5478837678732532,31.8470458984375,10.983107055113491,14.41413077689365,21.56098597680406
2154,2021-07-23,747.7899780273438,756.780029296875,743.0900268554688,748.1400146484375,723.67138671875,1069800,0.02496162001694513,32.117654907871106,0.00040934276062741943,0.018307282584236053,685.185564313616,24.5009199748419,734.1874042632999,636.1837243639322,0.011554065850454027,-0.006285121905850337,10.850064715090575,683.9856476220956,0.02496162001694513,17.62408447265625,68.39489109757433,10.624031785688771,0.6399278066045407,33.12957327706473,10.571557776196858,16.223255335145875,21.16057303525517
2155,2021-07-26,758.2000122070312,759.0,748.3800048828125,754.0900268554688,729.4268798828125,691800,0.007953186031243842,31.685313928704055,0.00039839647569862196,0.014006851683204199,692.1155395507812,29.45242603625721,751.0203916232957,633.2106874782668,0.006475828363862584,-0.01295173722779806,10.936357298220726,690.0444785901911,0.007953186031243842,5.7554931640625,70.18347973030995,13.301960877747547,0.6859602263557592,33.61757114955357,10.623959168219475,15.421366391537763,20.03264695182542
2156,2021-07-27,751.1699829101562,752.1500244140625,733.0599975585938,745.5999755859375,721.2144775390625,881200,-0.01125870538945506,31.59647009894054,0.0003961654455211283,0.025413724309790497,700.1551426478794,28.461421135900352,757.0779849196801,643.2323003760787,0.00871979575481575,-0.024109037586141864,10.813228073366242,694.2004784500407,-0.01125870538945506,-8.21240234375,66.0006995605885,14.593343758602714,0.5987519452245507,32.93479701450893,10.63309240515059,15.434623877831271,18.904720868395675
2157,2021-07-28,750.0,761.0399780273438,745.4000244140625,759.8599853515625,735.0081787109375,716500,0.01912565762537377,31.075283897222633,0.00038320367829086676,0.020853271484375,710.6378522600446,25.237509448710934,761.1128711574664,660.1628333626228,0.0015733235677083334,-0.00613330078125,11.020038171322524,699.6415051514937,0.01912565762537377,13.793701171875,75.2033042476857,16.53915729140408,0.7089791668372514,35.01019287109375,10.66876648619758,15.431697782564976,18.48751663749966
2158,2021-07-29,761.6300048828125,767.8900146484375,759.8599853515625,765.7100219726562,740.6668090820312,634000,0.007698731163805483,31.059461201363003,0.0003828135436980054,0.010543215531681336,721.9220232282366,15.464458441307734,752.8509401108521,690.9931063456212,0.002862272575667069,-0.0023239887082998293,11.10487848261841,705.1115456755654,0.007698731163805483,5.65863037109375,73.36144423525604,18.326575361903792,0.7173083175780639,34.40577915736607,10.529651086144517,17.399396138803848,18.625909375175084
2159,2021-07-30,760.77001953125,768.7000122070312,756.7899780273438,766.739990234375,741.6630859375,488200,0.0013451080070721044,29.99785157965823,0.0003570917061092078,0.015655235976604193,728.2425885881696,12.547029707075232,753.3366480023201,703.1485291740191,0.0025763659481007435,-0.005231596148279556,11.119815743582944,709.9850843771567,0.0013451080070721044,0.99627685546875,70.50312267292372,19.5975993502027,0.7215844882310424,33.56803240094866,10.460838157136502,17.08851398209833,19.193279672897905
2160,2021-08-02,770.8099975585938,775.8400268554688,768.4099731445312,769.6500244140625,744.4779052734375,499900,0.003795280349404795,28.93985591591418,0.0003323473255689972,0.009639280412126075,733.7326747349331,9.170016154051758,752.0727070430366,715.3926424268295,0.008030516548840834,-0.003113639446379988,11.162018561763565,714.5841271633275,0.003795280349404795,2.8148193359375,71.7688834898096,20.594625392332773,0.6991643013714028,34.152130126953125,10.297872295227346,18.507428153242046,19.958731077690953
2161,2021-08-03,770.530029296875,780.4500122070312,767.510009765625,779.530029296875,754.0348510742188,533700,0.012837111394556677,28.959778306773824,0.00033280506332439996,0.01679363807951038,738.0703125,10.675347890457498,759.421008280915,716.719616719085,0.0011939611373689796,-0.003919405365688125,11.305306637429034,719.8442236847796,0.012837111394556677,9.55694580078125,71.72802866117189,21.903452008966156,0.7573473756449173,33.886278424944194,10.915838304212896,17.098380772546225,20.87150317723802
2162,2021-08-04,792.010009765625,798.5700073242188,787.7999877929688,795.47998046875,769.4632568359375,629700,0.0204611308611784,29.189613638010325,0.0003381085493398088,0.013598337645299597,743.789794921875,15.08641214220193,773.9626192062789,713.6169706374711,0.0039014997504680073,-0.005315617126988203,11.536625995963218,726.4600947716007,0.0204611308611784,15.42840576171875,80.84230031519613,23.91002999434056,0.7707768548960797,35.624925885881694,10.149645062176226,19.57408666705302,22.05246259198116
2163,2021-08-05,805.510009765625,805.6400146484375,790.3200073242188,794.75,768.7570190429688,723700,-0.000917831731008012,29.325758150698245,0.0003412698774258907,0.019019015454167145,750.5815865652902,13.8829468367465,778.3474802387832,722.8156928917972,0.013519403255592206,-0.018857620957219396,11.526037314555351,732.0996846744498,-0.000917831731008012,-0.70623779296875,90.46824198585192,25.153318221683776,0.7248564045941424,36.346627371651785,11.086197279691653,18.39091228842144,22.718676776687094
2164,2021-08-06,784.5,787.1900024414062,779.9000244140625,783.280029296875,757.662109375,556900,-0.014432271046813883,28.237022561671594,0.00031640057267791696,0.0092925150125478,753.8178623744419,12.184044761504722,778.1859518974513,729.4497728514325,0.0049840320516650735,-0.005863576272705545,11.359690419935998,735.5080079678565,-0.014432271046813883,-11.09490966796875,85.29064371321282,24.955692919488683,0.6384756436607106,36.27878679547991,10.968263487564482,18.19527171193406,22.95618025175858
2165,2021-08-09,790.219970703125,792.25,785.5999755859375,788.6799926757812,762.8855590820312,477100,0.006894167785874927,27.39004966108545,0.000297704293824098,0.008415409203269586,756.9919695172991,11.026134924976896,779.0442393672529,734.9396996673454,0.0045177386760324656,-0.005846467171763203,11.438006031686632,739.1583481164132,0.006894167785874927,5.22344970703125,85.82961501645423,24.933148366825662,0.5926207661408746,36.81858171735491,8.633743874639098,19.166294033061128,24.633350939010228
2166,2021-08-10,795.5900268554688,797.0399780273438,783.8300170898438,789.2899780273438,763.4755859375,589500,0.0007734146340097059,26.70362595981316,0.00028296969817524103,0.016603980054541074,760.1080409458706,8.836922638833292,777.7818862235372,742.434195668204,0.009741198027118944,-0.014781494700362035,11.44685235293543,742.4006464925582,0.0007734146340097059,0.59002685546875,81.13416410012698,24.678414482220205,0.4822639065946296,35.014439174107146,9.378684097251936,16.45928894460687,24.483342677819557
2167,2021-08-11,791.1400146484375,793.3400268554688,781.4199829101562,789.219970703125,763.4078369140625,421300,-8.873764228400915e-05,26.64689748610095,0.0002817687085852275,0.015066920803657574,762.8123168945312,5.536890881410328,773.8860986573519,751.7385351317106,0.005207745880701785,-0.012286108095038759,11.445836586246058,745.2016052154254,-8.873764228400915e-05,-0.0677490234375,79.40868145891369,24.192196679224026,0.41812940492839007,34.101837158203125,9.327764387389223,15.747608528811046,24.258247435289135
2168,2021-08-12,788.7000122070312,788.7000122070312,778.530029296875,781.0700073242188,755.5244140625,764600,-0.010326620281276955,26.977638816845822,0.0002888067444968993,0.012894614876063502,763.0251116071429,5.159063450702367,773.3432385085476,752.7069847057381,0.009674153372283261,-0.012894614876063502,11.327639778018348,746.5779797283686,-0.010326620281276955,-7.8834228515625,68.14315949905023,22.90668521943894,0.30951241684193176,32.284654889787944,7.749638598731834,16.072784845851277,24.569029444243878
2169,2021-08-13,779.1400146484375,789.5900268554688,776.5399780273438,788.9600219726562,763.1564331054688,454700,0.010101618029695336,25.839174422342985,0.0002649456090588349,0.01674929869185762,762.1241367885044,4.3316828160342356,770.7875024205729,753.460771156436,0.0008085900749132619,-0.003337059542843445,11.442067268233872,748.7884401786487,0.010101618029695336,7.63201904296875,68.80991005280559,22.247295307428885,0.41466558914721513,32.19444056919643,7.723633811324898,15.759349322826214,24.772088667130983
2170,2021-08-16,787.8300170898438,790.969970703125,779.739990234375,787.3499755859375,761.59912109375,426000,-0.002040619647772135,23.790111459602905,0.00022459103303981319,0.014254319110907066,761.101579938616,3.2026554870326724,767.5068909126815,754.6962689645507,0.004594893617482815,-0.010268746658514495,11.418718360955184,750.4965309673289,-0.002040619647772135,-1.55731201171875,74.32695362134689,21.352918830618023,0.26890935102515573,32.55804007393973,7.704780293966243,16.169649874456873,25.03402809521295
2171,2021-08-17,781.760009765625,783.3900146484375,770.4000244140625,776.5599975585938,751.1620483398438,483600,-0.013704155460312673,24.50614381328469,0.00023831392245928228,0.0166163401454488,760.1729997907366,4.872892980893994,769.9187857525246,750.4272138289487,0.008736718435996,-0.01453129503895738,11.262234469379127,750.5852666169976,-0.013704155460312673,-10.43707275390625,60.14087993250269,19.576271413082964,-0.11520830027525147,31.269853864397323,7.678847474636576,16.115225920389467,25.295967523294923
2172,2021-08-18,776.219970703125,785.3800048828125,772.030029296875,772.4500122070312,747.1863403320312,452500,-0.005292743445438064,24.74378475536515,0.0002429582873094606,0.017198701514784094,757.9302542550223,6.6902479929282475,771.3107502408787,744.5497582691659,0.01665763979773523,-0.005397878905968647,11.202626351710334,750.1320764456688,-0.005292743445438064,-3.9757080078125,54.18109738149069,17.644069277204835,-0.19659427831760498,31.365291050502233,7.277293132595409,15.954952209653205,25.88003941089757
2173,2021-08-19,761.8699951171875,784.010009765625,761.2100219726562,781.510009765625,755.9500122070312,514000,0.011728897333837196,17.72796885063096,0.00012471463474957994,0.029926349559758886,756.8551722935268,6.2401463093648974,769.3354649122566,744.3748796747971,0.0032813997348923826,-0.0008662542806003744,11.334020806058884,750.9078012138505,0.011728897333837196,8.763671875,58.33234256163015,16.628260012317924,-0.11838871556898155,31.993181501116073,2.879706405099794,16.469760907497975,28.987178061437454
2174,2021-08-20,785.0800170898438,790.8800048828125,778.010009765625,788.1799926757812,762.4017944335938,507700,0.008534667798636875,17.54594768184359,0.00012216677779920332,0.016393227234205186,756.7114519391741,6.073433550133922,768.858319039442,744.5645848389063,0.0034391554341680094,-0.009005460806945574,11.430752908461436,752.4403336431496,0.008534667798636875,6.4517822265625,60.02805595072316,16.1575742985018,0.026823602462287467,32.046970912388396,2.911777978438803,15.684033464099947,31.614514759290635
2175,2021-08-23,795.030029296875,812.5,794.5700073242188,811.6199951171875,785.0753173828125,724300,0.02973959808956561,18.33505097557085,0.00013340241836380223,0.02255259803411268,760.9330095563616,12.245193162386311,785.4233958811343,736.442623231589,0.0011068825709524164,-0.0005786221346420004,11.770698905820213,756.7916648084381,0.02973959808956561,22.67352294921875,65.14386413351286,17.4133856206804,0.4653013381568065,33.055977957589285,6.039967624390696,12.967564478348304,32.3456615067949
2176,2021-08-24,806.0999755859375,807.7100219726562,801.5800170898438,805.6099853515625,779.26171875,453800,-0.007405147638819165,18.68105223002036,0.00013848480651617012,0.007604521856431921,763.2337646484375,14.104444831182247,791.442654310802,735.024874986073,0.0026051813480918126,-0.005607193441245654,11.683535142610527,759.7876720006464,-0.007405147638819165,-5.8135986328125,55.27533698302433,17.73507738534613,0.35195368513747494,31.49165998186384,6.152879675649419,13.463288811770994,33.24317614507802
2177,2021-08-25,808.4199829101562,813.3699951171875,805.0,807.8699951171875,781.4478759765625,471100,0.002805421046563561,17.927953237189815,0.0001275442489185971,0.010353523285083986,766.0693010602679,15.633362342001918,797.3360257442718,734.802576376264,0.006803394419075416,-0.004230453208052787,11.716312377997872,762.6756991974352,0.002805421046563561,2.1861572265625,56.72538566485341,17.959400257384345,0.3879958670191168,31.34391130719866,6.871208598469912,13.241275908831323,33.874259438267465
2178,2021-08-26,808.27001953125,815.8300170898438,804.1599731445312,810.9400024414062,784.41748046875,450000,0.0038001312480073768,17.051245384271617,0.00011537498775977943,0.014438298666676333,770.8200770786831,15.399418296336131,801.6189136713554,740.0212404860108,0.006049976530458753,-0.0050849917569655,11.760835902776916,765.5746033669438,0.0038001312480073768,2.9696044921875,65.51483954266686,18.167377791749573,0.4248894282451329,32.48313685825893,7.2849543902319915,11.5449669577342,34.08260134838497
2179,2021-08-27,814.25,834.77001953125,813.77001953125,832.9199829101562,805.6786499023438,658900,0.027104405451148894,18.92464896158471,0.00014211997552349574,0.02579060485108996,779.1761213030134,16.28217207220275,811.7404654474188,746.6117771586079,0.0022720744502225973,-0.0005894755526558182,12.07960636753021,770.9218095716639,0.027104405451148894,21.26116943359375,70.92309400205554,19.819335213185695,0.6045218788141788,33.609183175223215,9.80007013741442,9.199305646548444,33.06188176169734
2180,2021-08-30,839.9400024414062,843.010009765625,836.760009765625,839.5900268554688,812.1304931640625,491000,0.008007961067977742,18.943995272416032,0.00014241069717512735,0.007441007669397192,787.201904296875,16.764550380186662,820.7310050572484,753.6728035365016,0.004071699050188797,-0.0037859759822584287,12.176339385037888,776.4163007173171,0.008007961067977742,6.45184326171875,72.49945526820561,21.402419433614,0.6224997407124699,33.836107526506694,9.558237560410927,12.309229162716592,32.51534979572581
2181,2021-08-31,843.780029296875,844.1599731445312,827.2100219726562,833.0399780273438,805.7945556640625,579300,-0.00780162492768266,19.4107548155662,0.00014951484226588348,0.02008811607688731,793.4008701869419,13.832039410889513,821.064949008721,765.7367913651628,0.013178784435623385,-0.01963782828331052,12.081344152163652,780.3334013768832,-0.00780162492768266,-6.3359375,68.52682620749414,21.893394456073565,0.5374871601675285,33.990753173828125,9.749223141627558,10.708926110655666,31.38158301786417
2182,2021-09-01,838.719970703125,850.719970703125,836.6900024414062,842.1699829101562,814.6259765625,581900,0.010959891496362228,19.311841830749728,0.00014799493448249798,0.016727833784566964,797.6223929268973,15.299201597023067,828.2207961209434,767.0239897328512,0.0101940911050455,-0.0024203170696137886,12.213754373201576,784.9057447349654,0.010959891496362228,8.8314208984375,75.62040149353564,22.733064936154392,0.5967599730247776,35.39312744140625,8.986175115207374,11.894815150054143,30.993978553238332
2183,2021-09-02,852.1599731445312,862.0499877929688,848.8699951171875,861.280029296875,833.1110229492188,746800,0.022691452173819293,19.568659610298937,0.00015195731704116858,0.015466570938724257,805.3151506696429,17.853441637628322,841.0220339448995,769.6082673943863,0.0009035375051148531,-0.0038607516558229033,12.490902196423855,791.3331151635325,0.022691452173819293,18.48504638671875,77.71711582735205,24.60645075127036,0.7130208780979105,36.347298758370535,8.950191687574002,10.72304053759661,29.91324931062975
2184,2021-09-03,848.52001953125,862.97998046875,848.52001953125,858.1099853515625,830.0448608398438,698000,-0.00368037635430718,19.676807699382888,0.00015364157192003714,0.017041390426460593,812.2575770786831,16.416470604050243,845.0905182867835,779.4246358705826,0.005739399195174963,0.0,12.444930975336174,796.4946812537074,-0.00368037635430718,-3.066162109375,76.7988621031305,25.54919364896068,0.6763768000340651,36.494114467075896,8.170548145599072,10.817623235547853,29.397043526049018
2185,2021-09-07,865.2899780273438,868.8800048828125,857.760009765625,861.77001953125,833.5850219726562,780900,0.00426502385573535,18.534915489085062,0.0001363266238839386,0.01285117752379203,819.281511579241,12.592606150304288,844.4667238798496,794.0962992786325,0.008216881660609987,-0.008702248324758475,12.498008902828962,801.4400600162339,0.00426502385573535,3.5401611328125,84.11383521903397,26.279056993655104,0.6721929180614094,37.711560930524556,7.943913406899397,11.77379817021697,29.141929328054122
2186,2021-09-08,857.6099853515625,859.9000244140625,849.9199829101562,857.989990234375,829.9286499023438,714900,-0.004386321699566764,18.771110724515605,0.00013982325310794632,0.011637039766759599,822.7457972935268,11.516344602630134,845.7784864987871,799.7131080882666,0.002227159445799263,-0.008966782771604351,12.443188615177105,805.2385386677153,-0.004386321699566764,-3.6563720703125,84.33676958537018,26.259734412024386,0.6382338519272249,37.147064208984375,8.034279017546545,11.12397122579413,28.105757689725404
2187,2021-09-09,855.47998046875,862.760009765625,852.0999755859375,853.5,825.5855102539062,641900,-0.005233148233825369,19.01832614252638,0.00014353044812043743,0.012460880935923787,824.6679425920759,10.529909370727193,845.7277613335302,803.6081238506215,0.010824344200960833,-0.003951004067868972,12.378071564652435,807.9514682125407,-0.005233148233825369,-4.3431396484375,79.99825412384362,25.598878122130373,0.5235556624266027,36.86189923967634,7.783058904125598,11.144245318767885,27.646449543815088
2188,2021-09-10,870.9400024414062,875.3599853515625,857.4000244140625,858.8699951171875,830.7798461914062,1137400,0.006291699494462399,18.982384083039626,0.00014298845455398262,0.020621352661670034,828.2372698102679,6.5478228197587205,841.3329154497853,815.1416241707504,0.018933554766287577,-0.0155463958359803,12.455950671258178,810.9952519430561,0.006291699494462399,5.1943359375,79.77918386919451,25.203751096605174,0.4481971619664522,37.92221941266741,9.264649212601421,10.846754108025067,26.80190275896461
2189,2021-09-13,869.219970703125,872.2100219726562,861.0399780273438,871.239990234375,842.7454223632812,636000,0.014402824318294982,18.54169484557846,0.00013642636815339314,0.012850652679179569,832.2543334960938,5.315158889231498,842.8846512745567,821.6240157176308,0.0011159795805158238,-0.00941072795320652,12.635351540493657,815.2286079990862,0.014402824318294982,11.965576171875,77.69923832495985,25.561475302891836,0.5579482648652271,37.303074428013396,9.068433639359684,11.094726123825009,25.616721505727636
2190,2021-09-14,883.8200073242188,895.9299926757812,879.6799926757812,888.0700073242188,859.02490234375,978300,0.019317197754473492,19.10973575869098,0.0001449134923678542,0.01838609656416036,835.956316266741,11.47099377179607,858.8983038103332,813.0143287231489,0.008893196902567017,-0.004684228252505247,12.879431124898664,821.068113911708,0.019317197754473492,16.27947998046875,84.81089535954175,26.84909266747991,0.5978524302322488,39.48520769391741,11.769254998584497,10.823161547896621,24.186642759671695
2191,2021-09-15,886.989990234375,890.010009765625,879.4400024414062,889.3300170898438,860.24365234375,799700,0.0014187598015782399,18.969798968603044,0.00014279891782111633,0.011916715454055767,840.2704293387277,14.225274314541467,868.7209779678107,811.8198807096447,0.0007666294809049324,-0.008511919949596916,12.897703944045865,826.2915190359803,0.0014187598015782399,1.21875,84.68154519166605,27.649159347228533,0.6111329112240284,39.26212419782366,11.72166061093568,10.371370608246087,22.789311302540018
2192,2021-09-16,877.1400146484375,889.780029296875,875.4400024414062,887.3099975585938,858.2897338867188,811400,-0.0022713546931822926,17.863468968251592,0.0001266283823728919,0.016348617798740275,843.7996738978794,15.313187511523928,874.4260489209273,813.1732988748315,0.002816006221391293,-0.0019381309467595366,12.868408683661281,830.5579476827454,-0.0022713546931822926,-1.95391845703125,82.80781647705557,27.805033941943975,0.5418662233147539,38.91599818638393,11.607029602422484,10.269944648909044,21.39197984540834
2193,2021-09-17,875.0999755859375,875.3099975585938,852.4099731445312,859.8499755859375,831.7279052734375,1670500,-0.030947391730992146,21.768324427209766,0.00018803966205089575,0.026168466521473064,844.0567103794643,15.054468258880437,874.1656468972252,813.9477738617035,0.01766657799562243,-0.025928468831476984,12.470164999173514,830.713942028171,-0.030947391730992146,-26.56182861328125,61.048684096756205,25.49139911746272,0.06574338223016446,36.955104282924104,11.520400468923278,10.418829482124352,19.852418990564004
2194,2021-09-20,838.8800048828125,845.489990234375,829.7000122070312,840.739990234375,813.2427978515625,1122600,-0.022224945567742904,23.588090194340197,0.00022079285675251115,0.018822689699880896,842.2934657505581,18.010972753643905,878.3154112578459,806.2715202432703,0.0056623116206751785,-0.010943153517008253,12.19301626084611,828.3844561379566,-0.022224945567742904,-18.485107421875,50.4280820308903,21.913626521979268,-0.2032484004021643,35.416434151785715,11.839377670101744,10.707306352067253,16.74700170278629
2195,2021-09-21,860.0,862.3699951171875,844.489990234375,854.72998046875,826.775146484375,905700,0.01663998583026194,23.966254345872485,0.00022792910609962378,0.02079070335210756,841.7213657924107,18.494749462818426,878.7108647180476,804.7318668667738,0.008883737963299419,-0.01803489507630814,12.395907878654741,828.1698815174791,0.01663998583026194,13.5323486328125,57.65080326022605,19.940303991702535,-0.04416226159143019,36.63769967215402,13.803435224681829,8.339950576528299,14.651273388281485
2196,2021-09-22,851.8300170898438,871.6500244140625,849.4600219726562,864.739990234375,836.4578857421875,669400,0.011711454195237447,22.278604020124195,0.00019695880836725953,0.026049801012196356,840.8231462751116,18.589165699516496,878.0014776741447,803.6448148760786,0.008111987181779119,-0.002782239495720345,12.54108198598399,829.2749487474402,0.011711454195237447,9.6827392578125,57.912120678564754,18.939425893200678,0.10203647181120475,36.63408987862723,12.291810872299394,8.39662499860046,13.812285465451017
2197,2021-09-23,877.3900146484375,888.719970703125,877.260009765625,879.780029296875,851.0060424804688,744500,0.017392575270388733,22.45821945302424,0.00020014746865087158,0.013061421655330675,839.6775948660714,17.4954466617082,874.6684881894878,804.6867015426551,0.010189244528651442,-0.0001481722844368041,12.759203698397332,832.1724279118441,0.017392575270388733,14.54815673828125,56.67584734570904,19.09996494736322,0.32169766807481626,36.979666573660715,11.835605809448428,10.689371956150215,12.27997405555848
2198,2021-09-24,867.3599853515625,873.3599853515625,865.1199951171875,868.8200073242188,840.4044189453125,510400,-0.012457753536338267,23.196321397709692,0.00021351957396263674,0.009500081135325984,836.8434186662946,15.043722906378349,866.9308644790513,806.755972853538,0.005234248874766322,-0.0025825381297329233,12.600252683402763,833.2700267163066,-0.012457753536338267,-10.60162353515625,53.658978251487355,18.162366432038084,0.16162479080500447,36.442879813058035,11.292859543533575,10.849122968212086,10.867204810604878
2199,2021-09-27,843.280029296875,847.8800048828125,833.0499877929688,835.3099975585938,807.9904174804688,1063900,-0.03856952763946975,27.405295443591076,0.0002980358009327436,0.01758611205604974,829.6578020368304,15.105193531692723,859.8681891002159,799.4474149734449,0.014906089184513943,-0.012131250769019202,12.114266889265958,829.8994121515282,-0.03856952763946975,-32.41400146484375,42.49149312108453,14.635069855234178,-0.32779104829731864,34.72822788783482,11.259998979779176,11.12569908403747,9.818457274029916
2200,2021-09-28,794.8400268554688,799.3400268554688,773.0700073242188,780.1699829101562,754.6537475585938,2390100,-0.06601151296842489,34.524916693049825,0.0004730039177230277,0.03305070032164706,818.6472080775669,31.993988589506905,882.6351852565807,754.6592308985531,0.024118115970018103,-0.02738918372968224,11.314585803402217,819.8666568724702,-0.06601151296842489,-53.336669921875,32.90121361753856,7.4499598955346755,-0.14989632070138276,35.34289986746652,8.97102241058219,11.35415733545509,10.226219899454744
2201,2021-09-29,785.0,786.22998046875,749.1199951171875,750.4199829101562,725.8767700195312,2216000,-0.03813269016705989,36.34340429636107,0.0005241440618447445,0.04727386668988853,806.1663469587054,47.65926825376088,901.4848834662272,710.8478104511836,0.0456178312848328,-0.045707012589570065,10.883130208592465,807.334671958745,-0.03813269016705989,-28.7769775390625,29.61395970581512,-0.5598989352153012,-0.15832181380140395,35.64851597377232,8.973665739464998,8.29750987859724,9.813583911857396
2202,2021-09-30,754.25,762.3200073242188,742.2899780273438,745.1099853515625,720.740478515625,1078800,-0.0070759827508573014,36.33741968306547,0.0005239714560409657,0.02655622047978124,791.018537248884,56.11758267428913,903.2537025974622,678.7833719003057,0.022817397378397414,-0.01585684053384985,10.806121366961131,795.7887794996624,-0.0070759827508573014,-5.13629150390625,27.496460740115353,-7.238781399103573,-0.14025968144450385,34.69628470284598,8.769088065464063,8.249048701092859,9.735714400784705
2203,2021-10-01,745.0,745.0,728.3699951171875,741.8099975585938,717.5484008789062,1180400,-0.004428886307721869,35.87154261781767,0.0005106220515007576,0.02232215420511745,774.0314679827009,58.034905304455194,890.1012785916113,657.9616573737904,0.004281882471686242,-0.02232215420511745,10.758262283999416,785.3567290168949,-0.004428886307721869,-3.19207763671875,23.443696537266874,-12.643669506798574,-0.06458339935518957,33.46980939592634,9.015628366795605,7.191274054619363,9.608430708220371
2204,2021-10-04,728.9000244140625,730.1599731445312,709.030029296875,712.9400024414062,689.6226806640625,1663500,-0.038918239077166406,36.0595038093654,0.0005159872281657293,0.02898880935645719,750.9767020089286,54.29457311882902,859.5658482465866,642.3875557712705,0.023624598883732428,-0.027260247567093034,10.339569660375865,772.5921892365172,-0.038918239077166406,-27.92572021484375,15.758819477068954,-18.96187383045833,-0.1072347813418158,31.180193219866073,9.350095239013799,5.739572557282269,10.318699334126254
2205,2021-10-05,725.0399780273438,742.6300048828125,722.6199951171875,732.8699951171875,708.9008178710938,1201500,0.027954615977055175,38.21612840854003,0.0005795525676738175,0.02759849163085784,732.1904732840402,38.70833407793654,809.6071414399132,654.7738051281672,0.01346134014869028,-0.0033377234131839613,10.628608359599683,764.1000063877941,0.027954615977055175,19.27813720703125,21.490535289244008,-22.158087083699684,-0.000714862659923928,32.753208705357146,8.92743520348061,7.414925719649531,10.095579986630119
2206,2021-10-06,725.3800048828125,734.7000122070312,719.010009765625,732.5,708.5428466796875,973000,-0.0005049665374646795,38.07121979318009,0.0005751657843415188,0.021630045404878537,717.9836774553571,19.96145507533112,757.9065876060193,678.0607673046949,0.003032909912352311,-0.008781597334236686,10.623241268038267,756.6923850933799,-0.0005049665374646795,-0.35797119140625,21.620534934535712,-24.438285059956,-0.002711240336408473,32.48626708984375,9.089326000152319,6.264030006755885,10.046924629723193
2207,2021-10-07,745.4099731445312,753.6699829101562,742.22998046875,746.8200073242188,722.3945922851562,1267500,0.019549623103782166,39.19858904303753,0.0006097338821289451,0.015347262383874882,713.375226702009,12.361604077302887,738.0984348566147,688.6520185474031,0.009189541101845874,-0.004266098912476806,10.83092163096896,752.1193460522835,0.019549623103782166,13.85174560546875,28.230825674961963,-24.84128342541908,0.0743756878303284,34.07391793387277,8.85753128449469,9.25200099717866,9.382687892070056
2208,2021-10-08,749.3599853515625,749.739990234375,729.3300170898438,730.27001953125,706.3858642578125,1039700,-0.02216064211763158,39.577826993566156,0.0006215890434653389,0.02723653990539127,710.5908115931919,11.21864045352593,733.0280925002438,688.15353068614,0.02598213286500834,-0.0267294339880207,10.590901452900942,746.0215484796873,-0.02216064211763158,-16.00872802734375,28.511992576900525,-26.15098086577882,-0.014715153326721105,34.899305071149556,8.533290119710239,9.321321880056022,8.747221381377491
2209,2021-10-11,722.780029296875,735.8300170898438,721.3599853515625,721.8900146484375,698.2799682617188,702500,-0.011475167335929792,39.298113701947564,0.000612834024020317,0.020019966174712644,707.3821672712054,11.042498946898613,729.4671651650026,685.2971693774082,0.019286645834649268,-0.001964697263002587,10.469369086490563,739.6560044506249,-0.011475167335929792,-8.10589599609375,23.58422359815131,-27.525704400042287,-0.05982561378242143,33.493373325892854,7.006989979100799,9.587533358340925,9.113119803232323
2210,2021-10-12,734.0,734.0,722.4000244140625,725.0499877929688,701.33642578125,868400,0.0043771233007585675,38.72917013329042,0.0005952177060370453,0.015803781452230926,705.0661708286831,10.224745357042035,725.5156615427671,684.616680114599,0.012193477121295981,-0.015803781452230926,10.515194805863281,734.5467272947083,0.0043771233007585675,3.05645751953125,21.444016946065545,-28.04526378401772,-0.04281599434790288,32.83945574079241,7.063650593755861,9.29687965931318,9.284578045943098
2211,2021-10-13,743.1500244140625,749.4600219726562,740.0,744.4199829101562,720.072998046875,1170000,0.026715527066419664,39.4744132203414,0.0006183449599564538,0.012729626134527838,709.4162161690848,8.95838265857942,727.3329814862436,691.499450851926,0.0067819940751180415,-0.004238746296948776,10.796113777307998,732.6168967283305,0.026715527066419664,18.736572265625,22.810520159972782,-26.63806649632454,0.06719997385215025,32.543849400111604,3.7313399701967094,11.87436616643093,11.569918058851172
2212,2021-10-14,769.5999755859375,778.6400146484375,765.6799926757812,778.2899780273438,752.8352661132812,1370500,0.04549853716952379,43.55189862837684,0.0007526856643398461,0.016839945924880122,715.6925659179688,18.66688698651577,753.0263398910002,678.3587919449373,0.0004548293037915554,-0.00509353304899959,11.287321161291253,735.3126793129907,0.04549853716952379,32.76226806640625,33.34804239831884,-22.61847952777657,0.3154860966417251,35.13049752371652,7.594647358017342,11.424893787379427,12.237853436300394
2213,2021-10-15,780.9600219726562,789.6400146484375,775.8400268554688,789.4000244140625,763.58203125,877400,0.014275055407807713,44.10258618573882,0.0007718405191549686,0.01767054318364574,723.5553065708706,25.495880677677427,774.5470679262254,672.5635452155158,0.00030730156169684545,-0.006556027162894602,11.448448296274407,739.0819262379252,0.014275055407807713,10.74676513671875,40.79703921447101,-18.354178222107407,0.6040527452980085,36.700121198381694,9.014327681756576,11.312057966908611,12.485107657170348
2214,2021-10-18,774.0900268554688,788.3300170898438,772.989990234375,788.219970703125,762.4405517578125,1014600,-0.001494900934636778,43.10325263278996,0.0007372580902881405,0.019816851171411493,729.2761579241071,29.387802581277853,788.0517630866628,670.5005527615514,0.00014216225878246186,-0.0014210706544849196,11.431334000216165,742.1964096405769,-0.001494900934636778,-1.1414794921875,52.05916124111034,-14.895095184596926,0.662579483521792,35.973519461495535,8.991749197442239,11.283724281648242,12.784305996925314
2215,2021-10-19,788.1799926757812,801.6199951171875,786.2999877929688,800.9600219726562,774.7639770507812,956600,0.016163129393573117,43.0845330431983,0.0007366178522025578,0.019437193872695335,739.0444597516741,31.778125977753234,802.6007117071806,675.4882077961677,0.0008373381088889562,-0.0023852481670209587,11.61610013080281,746.5387519619375,0.016163129393573117,12.32342529296875,64.16006426557068,-11.03217745167126,0.7099467763221212,36.121337890625,8.715450599175952,12.685604702317224,13.428601087344337
2216,2021-10-20,782.239990234375,785.1400146484375,758.239990234375,767.7000122070312,742.5916748046875,1894900,-0.04152529441102948,44.60687844648239,0.0007895927002933553,0.034388454630148356,745.3747035435268,26.234299453499933,797.8433024505267,692.906104636527,0.022294951241473696,-0.030681121266644924,11.133738152963225,746.0124750076375,-0.04152529441102948,-32.17230224609375,55.4721140906976,-10.44640359562959,0.36247605461854165,35.43967982700893,6.693283316915776,13.067180046383244,13.789676965684302
2217,2021-10-21,764.530029296875,787.5599975585938,763.8699951171875,787.5599975585938,761.8021850585938,1083100,0.025869547027925988,45.5241939252164,0.0008224016795796466,0.03098635963742789,754.0126691545759,17.970447491517245,789.9535641376103,718.0717741715414,0.0,-0.0008633201501509652,11.421762915707921,748.1177696810984,0.025869547027925988,19.21051025390625,60.25922639025511,-8.335954273967559,0.5699554513729125,36.91887991768973,5.436755981691852,13.827323954293554,14.96718492714307
2218,2021-10-22,798.1900024414062,808.7999877929688,796.27001953125,800.969970703125,774.7734375,1294600,0.01702706121853481,45.502676782101965,0.0008216244421970003,0.01569797695209613,761.8270176478794,11.4693928133549,784.7658032745892,738.8882320211696,0.009809715814397886,-0.0024054208951297816,11.61624197209727,751.6718587236186,0.01702706121853481,12.97125244140625,71.21095743121654,-5.552727923790144,0.6210428931989866,38.76658412388393,5.4757603804083415,14.553420540050817,16.883063502776583
2219,2021-10-25,799.6900024414062,803.1900024414062,787.010009765625,788.4400024414062,762.6533203125,786000,-0.015643434068427275,45.590027075154524,0.000824781971711636,0.0202328310049953,763.2295968191964,10.765240445938021,784.7600777110725,741.6991159273203,0.018444647244518653,-0.015856135048668837,11.43452405668387,753.1360536021361,-0.015643434068427275,-12.1201171875,63.88483614530849,-4.2757054829240815,0.4860599312496134,37.010101318359375,5.430889351040282,14.434162772162582,18.94583125856483
2220,2021-10-26,796.4000244140625,797.989990234375,784.1900024414062,791.22998046875,765.3521118164062,741400,0.0035386871492284477,43.893912988458915,0.0007645538085073024,0.01732796003255004,763.4824654715402,10.795644748008021,785.0737549675563,741.8911759755241,0.008488208887987616,-0.015331518832686578,11.4749872600208,754.7648613640389,0.0035386871492284477,2.69879150390625,64.49909011009964,-3.011175126003195,0.5031121367399661,37.69134957449777,5.2844178831311135,14.044872386624979,21.07546161609719
2221,2021-10-27,798.0599975585938,818.9500122070312,797.2000122070312,801.0,774.8026123046875,949800,0.01234791195107876,37.46506916145552,0.0005569965901875576,0.02725359003901597,765.2484741210938,11.579466794260224,788.4074077096142,742.0895405325733,0.022492058569460318,-0.0010775948602778573,11.616679392347287,757.4365614894588,0.01234791195107876,9.45050048828125,63.68319416729692,-1.2322447489971182,0.5476238574283185,38.29640415736607,7.848263674356735,13.708140407826594,21.811599124649497
2222,2021-10-28,814.1199951171875,821.9199829101562,810.719970703125,813.1900024414062,786.5938720703125,687500,0.015218404763183813,34.81463840472864,0.0004809758124015897,0.013757200749527198,766.938459123884,13.84192411886378,794.6223073616115,739.2546108861563,0.010723210977631589,-0.004176318521169705,11.793466721344164,761.3242029002392,0.015218404763183813,11.791259765625,71.41305906430462,1.1161601117155442,0.6487061287043079,39.708687918526785,7.748723402000522,15.247762467721001,23.178006828177395
2223,2021-10-29,807.22998046875,814.4600219726562,804.75,812.8800048828125,786.2939453125,583800,-0.0003812981113405778,34.62147301531914,0.0004756533308533617,0.01202881732293657,773.181640625,10.477125178179447,794.1358909813589,752.2273902686411,0.0019573320219428056,-0.0030722105580244944,11.788969894757157,764.6535018885407,-0.0003812981113405778,-0.2999267578125,74.51893762792766,2.9194328952778505,0.6420211770983144,39.595973423549104,7.833880608080271,15.415332889757687,24.585326117389204
2224,2021-11-01,806.9099731445312,808.0,796.47998046875,807.4500122070312,781.0416259765625,573600,-0.006679842019958637,34.70233097243715,0.00047787768846054403,0.014276709812318268,775.9301321847098,9.469502202314777,794.8691365893394,756.9911277800802,0.0006815974659793155,-0.012925844298510191,11.710221438282131,766.838585100277,-0.006679842019958637,-5.2523193359375,71.93590413773549,3.879995124600555,0.5009965153627278,38.59497506277902,7.859595328736556,15.465933734845228,25.602128490554257
2225,2021-11-02,812.3200073242188,817.6900024414062,811.2899780273438,812.02001953125,787.5045166015625,503800,0.008274707019512828,30.94907323320405,0.00038009727539453457,0.007878698488720194,777.7488577706473,10.388318154660743,798.5254940799688,756.9722214613258,0.006979986777419366,-0.0012680092667764215,11.807120089817534,769.5940426337818,0.008274707019512828,6.462890625,69.90259815126002,5.103914127635676,0.4595560573661525,37.775316510881694,7.705870433851865,17.030036892432225,26.257735391080647
2226,2021-11-03,818.4000244140625,831.5800170898438,810.47998046875,830.02001953125,804.9609375,566900,0.022166756546070143,30.505794343158417,0.00036928709861391905,0.02578205766330521,783.7928030831473,12.277486387406196,808.3477758579597,759.2378303083349,0.0019061553177624083,-0.009677472762764022,12.068845646358733,774.3096286159442,0.022166756546070143,17.4564208984375,66.91316059746326,7.397195764331968,0.6370456798127169,36.740208217075896,9.564186002182355,15.49160025908197,26.943531636862645
2227,2021-11-04,831.6400146484375,853.1500244140625,829.5999755859375,850.489990234375,824.8128662109375,1058200,0.024661977726015527,31.04506817193547,0.0003824588324603653,0.02831759945807851,792.2871965680804,17.038796279042497,826.3647891261654,758.2096040099954,0.003198540393480209,-0.002453031391668177,12.366487248867951,781.04339362861,0.024661977726015527,19.8519287109375,68.75908778123504,10.693257504902931,0.7014313771136574,37.553375244140625,11.972054879945862,15.06172772267529,26.611489680960826
2228,2021-11-05,852.22998046875,854.6400146484375,841.6400146484375,847.0,821.4284057617188,735300,-0.004103307050442151,30.964098704091743,0.00038046643196695866,0.015254098421707296,798.9480242047991,18.142291680828354,835.2326075664558,762.6634408431424,0.008964733491580853,-0.012426183146581778,12.315743754550468,786.4280619130245,-0.004103307050442151,-3.38446044921875,67.82690915047172,12.88379612615438,0.6554813228670308,37.916172572544646,12.203455932176729,13.940489632542736,26.824150208062285
2229,2021-11-08,855.510009765625,856.9500122070312,848.0,849.9299926757812,824.2698974609375,728100,0.0034592079836632816,29.217786292371095,0.00033876152215343966,0.010461610156359468,804.3303135463169,19.41067320205029,843.1516599504175,765.5089671422163,0.008205654464724732,-0.008778400813431087,12.35834647367096,791.4736399860797,0.0034592079836632816,2.84149169921875,65.8709271687231,14.679877903697616,0.6689280977452675,37.654898507254465,12.0786953105712,14.593211808265083,27.06291119839689
2230,2021-11-09,852.010009765625,855.4600219726562,842.0,850.0499877929688,824.3862915039062,676500,0.00014120865426159313,28.534455773063538,0.00032310125645433293,0.01579796225206192,809.7720772879464,18.84271534471738,847.4575079773812,772.0866465985117,0.006349730775082934,-0.011748699722880722,12.360091579145404,795.8619935217899,0.00014120865426159313,0.11639404296875,83.00611837863212,15.929057420543018,0.6501534730951599,37.961334228515625,12.052383370719674,14.56142230604926,26.771340327280654
2231,2021-11-10,829.6099853515625,835.4400024414062,815.1099853515625,817.8499755859375,793.1583862304688,737700,-0.037880185048285164,32.68092895393113,0.00042382663384598967,0.02450551156424248,811.5030430385044,16.1239456004756,843.7509342394557,779.2551518375532,0.021202766560258615,-0.017478092424183345,11.891889022913626,795.5015125496138,-0.037880185048285164,-31.2279052734375,61.53432006918706,14.235116650725558,0.12325979364147303,36.20145525251116,12.288337626539724,14.71419528370761,26.549136194660345
2232,2021-11-11,833.27001953125,839.0399780273438,829.2000122070312,833.3900146484375,808.2293090820312,416000,0.01900115174118988,32.172437732961114,0.0004107403768576428,0.011808856180674664,814.4637276785714,12.472090298410777,839.407908275393,789.5195470817499,0.006780471211582286,-0.004884379887456293,12.117848610727398,797.1985520872695,0.01900115174118988,15.0709228515625,62.119468101053904,13.947970387309624,0.3303917456589212,36.12172589983259,12.323484429317388,14.30850839349749,24.419313899971648
2233,2021-11-12,840.0,855.0,835.0999755859375,851.6300048828125,825.9185180664062,531200,0.021886374059443714,29.414700779623164,0.000343343103950303,0.02369050525483631,817.4576677594866,12.325324063791138,842.1083158870689,792.8070196319044,0.004011898949032738,-0.005833362397693453,12.383064378217489,801.0278808844878,0.021886374059443714,17.689208984375,72.02912799220964,14.975152004329289,0.5735089338142774,37.43273489815848,10.799502942651285,14.527124749014735,24.161204984417907
2234,2021-11-15,855.0,861.5999755859375,852.989990234375,856.719970703125,830.85498046875,638000,0.00597693633737717,29.21007231390331,0.0003385826684855002,0.010070158305921053,818.3208269391741,13.11268734755285,844.5462016342799,792.0954522440684,0.0057076080500731,-0.002350888614766082,12.457077165667737,805.0048274957228,0.00597693633737717,4.93646240234375,72.45831751637395,16.003058796148935,0.5278716612023702,37.457362583705354,9.38842677636714,16.86880697331213,24.979522144461516
2235,2021-11-16,851.52001953125,862.6099853515625,847.239990234375,860.5499877929688,834.5692749023438,690900,0.004470448539043659,29.136749145001406,0.000336884980451881,0.01805006901147018,820.1980939592634,14.499089118909929,849.1962721970832,791.1999157214435,0.0024192003844228467,-0.005026340190135632,12.51276588808375,808.9467538166056,0.004470448539043659,3.71429443359375,71.33062726029492,16.92232482665156,0.5759759809649332,35.89715576171875,9.433694182493927,16.716870471046473,25.76746299150288
2236,2021-11-17,859.2000122070312,868.0,857.5999755859375,859.4600219726562,833.51220703125,549400,-0.001266602908688963,28.88028919471197,0.0003309805968135702,0.012104311296909677,821.5184238978794,15.328756400843075,852.1759366995656,790.8609110961933,0.009939452870126325,-0.0018622399887818066,12.49691718241416,812.2221475785582,-0.001266602908688963,-1.05706787109375,68.13455490119662,17.365375991013366,0.5177882613177855,34.91953822544643,9.50392349456313,16.45929661403909,26.159754629827614
2237,2021-11-18,877.4199829101562,881.1199951171875,870.5599975585938,879.1199951171875,852.57861328125,865800,0.022874777464759077,24.467999682083704,0.00023757262239779692,0.012035282720105367,825.5458984375,19.37692561842766,864.2997496743553,786.7920472006447,0.002279410133065992,-0.007818360061517917,12.782781381957408,817.6030096722504,0.022874777464759077,19.06640625,72.37409206356008,19.035566706783925,0.6627909156858305,36.32965523856027,10.910370802859024,16.029446233912587,25.52861595446356
2238,2021-11-19,866.8499755859375,867.5499877929688,854.469970703125,857.1699829101562,831.2913208007812,778200,-0.02496812862633524,25.75646245531109,0.00026325212627454356,0.01508913590382518,830.9934605189732,13.096557316612392,857.186575152198,804.8003458857484,0.011974396002948784,-0.01428160031318496,12.463619252210371,819.4281178227212,-0.02496812862633524,-21.28729248046875,65.30480371230595,18.429059557372625,0.2946112120107209,35.848606654575896,11.339351894630775,15.921746702811637,24.25498609852132
2239,2021-11-22,855.0,859.6599731445312,824.719970703125,825.75,800.8198852539062,880800,-0.03665554395241599,28.9297074588311,0.00033211427525934423,0.0408654999314693,829.9349714006696,15.34880093265451,860.6325732659786,799.2373695353606,0.039660787303545324,-0.03541523894371345,12.006758508904795,816.9470201468793,-0.03665554395241599,-30.471435546875,53.53809027231548,15.313088333355267,-0.13675103640507844,35.72657993861607,11.521446320996967,11.86237970559522,22.166215354224455
2240,2021-11-23,811.6599731445312,819.3599853515625,793.1199951171875,807.47998046875,783.1015014648438,1193000,-0.022125304472733864,29.501806977013246,0.0003453796090908522,0.032328796666806284,823.8182547433036,23.55439304602424,870.927040835352,776.7094686512551,0.01463667702718789,-0.022842050416156667,11.741105321164689,812.4342843226078,-0.022125304472733864,-17.7183837890625,44.19969960777988,11.283859883121863,-0.11384651877663353,34.45261492047991,11.554941450455628,11.896865996018898,20.07744460992759
2241,2021-11-24,782.0,803.47998046875,777.4400024414062,802.3900146484375,778.1652221679688,1246700,-0.0063034987005405885,29.609835442622952,0.00034791363291238503,0.03329920463854699,816.2911464146206,28.771916129120363,873.8349786728613,758.7473141563798,0.001393818184542839,-0.005831198924032928,11.667095279029818,807.8650760353227,-0.0063034987005405885,-4.936279296875,36.558269862771326,7.604688704605678,0.0069947895234748125,32.870535714285715,11.700227469867425,12.04645120261196,17.98867386563072
2242,2021-11-26,786.9600219726562,795.9199829101562,776.010009765625,782.02001953125,758.41015625,786300,-0.02538672425237809,30.64802956282196,0.0003727387762236543,0.025299853345311412,805.4112723214286,34.531281388242604,874.4738350979137,736.3487095449434,0.017662858329275104,-0.013914318264329468,11.370905948354865,801.271086730613,-0.02538672425237809,-19.75506591796875,33.40652205706277,3.059581369524494,-0.16744226018830258,32.16216605050223,9.288656326237186,12.621511376435727,17.418556188850037
2243,2021-11-29,795.010009765625,815.72998046875,789.989990234375,815.010009765625,790.4041137695312,1410700,0.042185560485802354,33.70000781145271,0.00045067084384602124,0.032376938551960305,799.2529732840402,32.46674224721542,864.1864577784711,734.3194887896093,0.0009056121234715684,-0.006314410472303285,11.85059398901756,799.8221570024688,0.042185560485802354,31.99395751953125,42.269535877065366,2.015957346508685,0.1369432595367808,33.71918160574777,11.923418407130287,10.55312035300178,16.156035740019878
2244,2021-11-30,807.0700073242188,821.3499755859375,787.1500244140625,791.510009765625,767.6135864257812,1144500,-0.028834019138715306,35.19606921755814,0.0004915727334790251,0.04237544557660174,787.1151123046875,23.981483650442136,835.0780796055718,739.1521450038032,0.03697320622686093,-0.024681852539904795,11.508893735133082,795.5276809255771,-0.028834019138715306,-22.79052734375,38.25628203386543,-0.6427184407858704,-0.07988226153547774,33.934169224330354,12.596991545508839,10.460572567553829,15.044420899058697
2245,2021-12-01,812.5599975585938,832.6799926757812,802.4400024414062,804.0,779.7266235351562,1201200,0.01578012338965573,35.589870696791756,0.0005026344826247447,0.03721570139464611,779.7487269810268,13.987353147928058,807.7234332768829,751.7740206851707,0.03529584616760947,-0.01245445892930232,11.690505498351918,793.420873273521,0.01578012338965573,12.113037109375,46.98298695615456,-1.7521199469977091,0.03535928348862624,37.129625592912944,11.883547979098395,11.865259673608755,13.495254576743358
2246,2021-12-02,784.4400024414062,796.4500122070312,778.3200073242188,789.3800048828125,765.5479736328125,957100,-0.01818412950690329,36.00750151092908,0.0005145000654998254,0.023112035115989284,774.7098824637277,11.208733906486701,797.1273502767011,752.2924146507543,0.00901280824819594,-0.00780173767036394,11.477923832368722,789.7044866547599,-0.01818412950690329,-14.17864990234375,40.374428934621534,-3.732402373453283,-0.09953417934385601,35.147369384765625,12.178114121336947,10.176983414391842,12.126526004229447
2247,2021-12-03,785.969970703125,790.739990234375,759.8400268554688,771.52001953125,748.227294921875,1115600,-0.022625203524142767,35.70254504632014,0.0005058221122160787,0.039314432523755695,769.7278529575893,14.206677667973988,798.1412082935373,741.3144976216414,0.024453823198780616,-0.03324547351889351,11.218233469626771,784.1741944237086,-0.022625203524142767,-17.3206787109375,32.449763913626285,-6.62307776287696,-0.09575144271586386,34.013745989118306,10.504120751859865,10.359687771274444,11.032973516383642
2248,2021-12-06,758.8800048828125,761.4000244140625,741.4000244140625,756.3900146484375,733.553955078125,1222900,-0.019610805357324068,34.621715600300256,0.000475659996471458,0.026354627703082563,763.3548148018973,18.9913599804162,801.3375347627297,725.372094841065,0.00660184710809274,-0.023033918875553044,10.998234876600902,777.4248291776308,-0.019610805357324068,-14.67333984375,28.94613672213835,-9.982898095255905,-0.05615567550188452,32.893641880580354,7.867216632654156,10.773496049094256,11.231168701084826
2249,2021-12-07,788.0,809.4000244140625,783.719970703125,806.010009765625,781.6759643554688,983200,0.0656011857671992,42.46711031801303,0.0007156569280802733,0.03258890064839784,766.6785016741071,19.991319513030863,806.6611407001689,726.6958626480454,0.004302049046240482,-0.005431509259993655,11.719732125852087,777.9916472013426,0.0656011857671992,48.12200927734375,40.39993512840942,-8.662677979180557,0.28826186935713,36.043003627232146,13.770857782469628,8.512334705976249,12.038525494309718
2250,2021-12-08,803.2100219726562,805.0,796.1900024414062,803.9199829101562,779.64892578125,551500,-0.0025931954756855946,42.42041011966443,0.0007140838074287811,0.010968485598519673,765.1420462472098,18.196700710555756,801.5354476683214,728.7486448260983,0.0013446260134942851,-0.008739955104157034,11.68934056952708,778.2126176786636,-0.0025931954756855946,-2.02703857421875,40.25818735450689,-7.691298595250942,0.2737540036310072,35.321097237723215,13.997988369783092,9.47893462333846,12.506208075243276
2251,2021-12-09,786.1599731445312,790.010009765625,772.3599853515625,772.6099853515625,749.2842407226562,709100,-0.038946613090201754,44.257053567393676,0.0007772566628837911,0.02245093240179202,762.5235682896206,19.079159651291512,800.6818875922036,724.3652489870376,0.022132930966282608,-0.01755366371270558,11.23408034508611,774.355500751196,-0.038946613090201754,-30.36468505859375,32.0515172758289,-9.264850323681117,0.062498760185229534,33.18125697544643,14.259056554599947,9.655720615063853,12.97389065617683
2252,2021-12-10,777.280029296875,783.6500244140625,772.47998046875,781.8400268554688,758.235595703125,602700,0.011946541104128183,42.817691430317375,0.0007275217061197911,0.014370681767569515,759.4534214564732,17.51450344751831,794.4824283515098,724.4244145614365,0.0023286299536488387,-0.006175443401610497,11.36828874769576,772.2061800781199,0.011946541104128183,8.95135498046875,36.73722521137756,-9.67803945351136,0.14236071865237454,34.56657191685268,13.988612631016023,9.488800595018649,13.45878317291542
2253,2021-12-13,780.5700073242188,781.8400268554688,764.3400268554688,764.469970703125,741.3899536132812,615100,-0.022216896945101205,42.67525109708339,0.0007226893080155225,0.02241951373457163,756.0022757393973,18.467626823928157,792.9375293872536,719.067022091541,0.02225304071301435,-0.02079247257319828,11.115720648146048,768.0973498828081,-0.022216896945101205,-16.84564208984375,38.64934026986056,-11.235283987428375,-0.00011032870599138366,33.756888253348215,14.422781994023135,7.820234457199618,14.517362041014305
2254,2021-12-14,754.4199829101562,760.3099975585938,743.25,754.3900146484375,731.6143188476562,842400,-0.013185550624178144,41.73848790029972,0.0006913100683347085,0.02261339564838306,753.6289934430804,20.579983299643786,794.788960042368,712.4690268437928,0.00784706535386306,-0.014806053873425144,10.969153750815696,763.2329457447879,-0.013185550624178144,-9.775634765625,39.85865501783583,-13.107132660690468,-0.10720540062359121,33.234034946986604,12.69164199555389,8.135929043449703,14.858089645786052
2255,2021-12-15,764.5700073242188,792.5999755859375,760.6599731445312,792.219970703125,768.30224609375,910700,0.05014654074004432,45.860690302394744,0.0008346043313540332,0.04177511821734589,758.593035016741,19.06576116350318,796.7245573437474,720.4615126897347,0.0004970177736142317,-0.005114030294454692,11.519218866264785,763.9088524579829,0.05014654074004432,36.68792724609375,48.273285771712345,-11.49763947440465,0.29472207530301947,35.730154854910715,16.757382177363418,5.346702222367868,15.95969248653475
2256,2021-12-16,799.0,799.8400268554688,753.6199951171875,755.0,732.2059936523438,1006900,-0.046981839015737714,48.16392198706506,0.0009205410242762255,0.05784734885892522,751.525896344866,18.233954930840618,787.9938062065473,715.0579864831848,0.056120183799084795,-0.05679600110489674,10.978024779902883,759.681804617231,-0.046981839015737714,-36.09625244140625,45.66071093230903,-12.985086438031885,-0.10072342198189138,37.609444754464285,17.278997556409074,5.24070913907021,17.179013947980344
2257,2021-12-17,751.1599731445312,758.0,743.9600219726562,749.8699951171875,727.2306518554688,1656700,-0.00679500282708323,48.13673369677479,0.0009195020361088147,0.018691062529023104,744.0375714983259,15.28447868257313,774.6065288634721,713.4686141331796,0.010823266911811607,-0.009585110268501557,10.903429070487654,755.3549842489961,-0.00679500282708323,-4.975341796875,38.51066219925565,-14.399380282926131,-0.15522981469458005,35.35760062081473,17.461751553932274,3.8613075237702126,18.940607661776305
2258,2021-12-20,747.5999755859375,756.719970703125,744.4500122070312,752.8800048828125,730.1500244140625,647100,0.004014369514190763,47.142290752661616,0.0008819030069081287,0.016412465083987023,741.3041120256696,15.888809231844538,773.0817304893587,709.5264935619805,0.005136391045629577,-0.004213434298787184,10.94719946374836,751.9943229376717,0.004014369514190763,2.91937255859375,42.65567136623229,-15.110465338691256,-0.1232471944747384,35.021126883370535,16.047352573585965,4.030304759206082,20.885890740494126
2259,2021-12-21,775.72998046875,784.4500122070312,765.02001953125,783.0399780273438,759.3994140625,838100,0.04005942432435017,49.33962014900793,0.0009660309985906305,0.02504736591982728,741.4703717912946,16.10019085265871,773.6707534966121,709.2699900859772,0.001817686843604342,-0.013806300139422608,11.385737972229954,752.9816684209821,0.04005942432435017,29.2493896484375,46.265952119926894,-13.162099580356312,0.2646969065946691,34.25209699358259,18.9291514875095,3.817042383825557,23.249161545908837
2260,2021-12-22,777.7999877929688,792.1199951171875,775.0,792.1199951171875,768.2052612304688,534800,0.011595804533033327,48.11243861779731,0.000918574107044172,0.022010793759159097,745.3011300223214,19.005796303679297,783.31272262968,707.2895374149629,0.0,-0.003599881507987421,11.517764764220267,755.0114807955804,0.011595804533033327,8.80584716796875,50.49796533858372,-10.783146011790222,0.3941946590647978,35.294281005859375,18.98584553080639,5.175253280812547,25.901659625403628
2261,2021-12-23,794.6400146484375,805.719970703125,794.0800170898438,801.4099731445312,777.2147216796875,496600,0.011727933800906198,47.715475823937886,0.0009034788226606352,0.014648083910588075,751.8154732840402,21.218755910135336,794.2529851043108,709.3779614637696,0.005423836553839499,-0.0007047185496208652,11.652844346909452,757.9719129134613,0.011727933800906198,9.00946044921875,55.60678088398557,-8.077705248311645,0.5266867244944853,35.76676286969866,18.701304981073687,7.633913735987,27.833424917151074
2262,2021-12-27,794.4000244140625,813.5900268554688,794.3599853515625,811.4299926757812,786.9322509765625,527500,0.012503017539186478,47.84370843199,0.0009083414430655837,0.024207000142138765,754.4769025530134,24.539782571008573,803.5564676950305,705.3973374109962,0.0027190761748537317,-5.040163805323673e-05,11.798540064160271,761.8332913218749,0.012503017539186478,9.717529296875,60.5262917169982,-5.09081678317682,0.6210155572774895,36.936427525111604,19.479817175308902,7.530458110144594,29.87066592341679
2263,2021-12-28,817.2999877929688,817.2999877929688,803.0900268554688,804.77001953125,780.4733276367188,548500,-0.008207724784221715,47.01455556139052,0.0008771303312043952,0.017386469044092953,761.3722359793527,24.014603002625815,809.4014419846043,713.3430299741011,0.01533092921676726,-0.017386469044092953,11.70170089445803,764.3186294971874,-0.008207724784221715,-6.45892333984375,49.71620451480248,-3.2078887446321005,0.5026783764068792,33.687975202287944,19.21631059253756,8.557826749100176,30.973719128951654
2264,2021-12-29,798.1099853515625,805.239990234375,794.4000244140625,801.97998046875,777.7675170898438,404900,-0.0034668840702964943,44.67239950763877,0.0007919139991151129,0.013582045105647391,768.5917881556919,19.142060517170002,806.875909190032,730.3076671213519,0.004084662296499129,-0.004648433180378999,11.661132454031659,766.1118145095417,-0.0034668840702964943,-2.705810546875,49.55744716285226,-1.911951222507355,0.4661380523971036,33.79101998465402,17.385961400043964,8.934017164235877,32.212562256968404
2265,2021-12-30,803.6900024414062,808.2899780273438,799.9199829101562,800.219970703125,776.0606079101562,411900,-0.0021946264689405304,43.47252400872673,0.000749944580829096,0.010414457180954819,775.1504429408482,8.901435145333727,792.9533132315156,757.3475726501807,0.01004119411676656,-0.004690887680321563,11.63554062409022,767.4383202962903,-0.0021946264689405304,-1.7069091796875,57.27992974691232,-1.010990634350378,0.4430872831726747,34.710479736328125,16.710038386394768,9.727720248390447,33.02898191829807
2266,2021-12-31,801.510009765625,805.280029296875,795.8800048828125,796.1400146484375,772.1038208007812,236400,-0.005098554248269549,43.17112799959867,0.0007395818622054492,0.011727893974538415,776.9653581891741,5.965775447040341,788.8969090832549,765.0338072950934,0.011403494076275097,-0.0070242477501420205,11.576216189010353,768.0603870302224,-0.005098554248269549,-3.956787109375,53.875736667491104,-0.6092297078032516,0.38965328234018964,34.342882428850444,17.564518586559515,8.044038326752542,34.79564583245741
2267,2022-01-03,795.739990234375,799.3599853515625,784.9600219726562,797.489990234375,773.4129638671875,720600,0.0016955531511921862,42.6693465984402,0.0007224893409277063,0.018096317334340487,777.7093157087054,4.9252539234702954,787.559823555646,767.8588078617648,0.0023500077162600776,-0.013547098793594186,11.595844278848512,768.7740639418178,0.0016955531511921862,1.30914306640625,59.80050247970935,-0.18308389728736074,0.40733246238362725,34.60372052873884,17.338793996341888,7.940663033768964,36.13971183978164
2268,2022-01-04,793.6300048828125,793.6300048828125,763.2899780273438,779.1900024414062,755.6655883789062,874100,-0.022946829594815088,42.69175974194635,0.0007232485515333614,0.038229435213892604,774.6308680943081,9.7030250489113,794.0369181921307,755.2248179964855,0.018194879670078077,-0.038229435213892604,11.329756416173764,767.0262672000963,-0.022946829594815088,-17.74737548828125,57.01833127087835,-1.262867601534822,0.15960692475545146,35.41943359375,17.352476160993323,7.946929066982837,37.87707773505102
2269,2022-01-05,765.9099731445312,766.5399780273438,745.0399780273438,745.6699829101562,723.1575927734375,1193200,-0.04301902336879815,44.819744256719105,0.0007971466171578193,0.02807118428257212,765.5202026367188,20.338947229721054,806.1980970961608,724.8423081772767,0.027248626926090726,-0.027248626926090726,10.842361360143594,761.1771106098752,-0.04301902336879815,-32.50799560546875,36.49706993811271,-4.687690750295701,-0.2836438354796347,32.599029541015625,17.3158718067015,7.930165338025601,38.9049785822822
2270,2022-01-06,739.530029296875,763.760009765625,729.8099975585938,763.1199951171875,740.080810546875,2041200,0.023401839298311078,39.00850363651796,0.0006038346650635853,0.045907550555195166,759.7498430524554,21.10499159359186,801.9598262396391,717.5398598652716,0.0008654342935147725,-0.013143525419140574,11.096092558307891,758.3642706014751,0.023401839298311078,16.9232177734375,52.6605350970566,-5.967535494602885,0.11739414944231902,32.19777134486607,11.116574879867077,8.343707720702618,38.459752213757
2271,2022-01-07,758.3900146484375,763.3599853515625,743.5999755859375,756.0999755859375,733.2726440429688,1363300,-0.009199220418747767,39.08154864928366,0.0006060981923913988,0.0260552082489971,753.3934326171875,21.471305795226467,796.3360442076404,710.4508210267346,0.009572923727101655,-0.019501890553445818,10.99401715707719,755.0187203936744,-0.009199220418747767,-6.80816650390625,52.01633731853535,-7.445358357324949,0.039577630253460915,32.018140520368306,11.117312825048085,8.539579458767394,38.16759592499797
2272,2022-01-10,716.52001953125,727.6599731445312,702.2999877929688,727.1699829101562,705.2161254882812,1973400,-0.038262055434108655,39.00202869312102,0.0006036342230869186,0.03539326838090734,743.2727922712054,25.352062357444122,793.9769169860937,692.5686675563171,0.0006838472352741148,-0.019845965710189154,10.57336346316956,748.3783744062887,-0.038262055434108655,-28.0565185546875,42.87452535150588,-10.756476230118324,0.02535771908967391,32.124093191964285,10.902382767225431,8.374484499604357,37.875439636238944
2273,2022-01-11,706.989990234375,731.4400024414062,700.7100219726562,729.1599731445312,707.14599609375,2120700,0.0027365661897371663,38.69869148949783,0.0005942812392854492,0.043465934303486636,733.9931030273438,24.924857617079233,783.8428182615022,684.1433877931853,0.0032249810158120414,-0.008882683416262896,10.602298172134672,742.8807239646169,0.0027365661897371663,1.92987060546875,32.304199435136624,-13.074126182097189,0.05520178409703645,30.440521240234375,11.511651274780144,8.40139767750042,37.70651654595379
2274,2022-01-12,739.3099975585938,749.4500122070312,735.0,742.1699829101562,719.7633056640625,959700,0.01784258079662493,38.68460925448997,0.0005938488068145122,0.01954526822949668,726.3288661411831,18.096358650416697,762.5215834420164,690.1361488403497,0.009847059178038539,-0.005829756898765815,10.791470533900894,739.798401524543,0.01784258079662493,12.6173095703125,34.00780756649671,-13.734446877530331,0.1634212992288806,31.125052315848215,11.205958140433488,13.047785654362018,36.65462630441054
2275,2022-01-13,772.4099731445312,777.9199829101562,728.6400146484375,730.0800170898438,708.0382690429688,1628700,-0.01629012833639265,38.82126856628714,0.0005980519417046799,0.06380027443340328,719.5249633789062,13.630359492650118,746.7856823642065,692.264244393606,0.06193597633851475,-0.056666744368801196,10.615676093965249,735.5637171936664,-0.01629012833639265,-11.72503662109375,27.564965155421902,-15.030604795264253,0.0628548693599133,32.599478585379465,14.444131366591396,12.359139596379157,35.98345480268287
2276,2022-01-14,735.5999755859375,746.5999755859375,728.1699829101562,744.530029296875,722.0520629882812,1313600,0.019792424446569035,34.99047575349499,0.00048584658470473055,0.02505436825375226,719.3670305524554,13.587591373916968,746.5422133002893,692.1918478046215,0.0028139564406778257,-0.010100588529605287,10.825786061004305,733.762163299615,0.019792424446569035,14.0137939453125,29.528783228267997,-14.756914703318557,0.18305212515901392,32.755650111607146,10.4148229667097,12.743527121119131,34.004077412517816
2277,2022-01-18,741.030029296875,741.0700073242188,714.239990234375,715.22998046875,693.6365356445312,1178500,-0.039353848289207294,33.85602947326408,0.00045485346495814535,0.03620638304671858,712.7321341378348,13.118565531258056,738.969265200351,686.4950030753187,0.03487041797751032,-0.036152433779127253,10.399749718748126,728.4120796122705,-0.039353848289207294,-28.41552734375,25.935282731258994,-16.641080890004105,-0.06575096874485842,32.502955845424104,9.670724756295398,13.095716561473692,32.174903741386224
2278,2022-01-19,736.9400024414062,738.8800048828125,698.7100219726562,698.8200073242188,677.7219848632812,1593200,-0.022943645502268906,34.577315645254444,0.00047444077667918946,0.05450916326577094,704.7963256835938,15.250897153360008,735.2981199903138,674.2945313768737,0.05435991726039991,-0.051876652566149234,10.161141547888848,721.6534003124053,-0.022943645502268906,-15.91455078125,24.166091405119673,-19.197174336310468,-0.19153171679408787,33.965584891183035,9.409869402738714,12.742476462121513,29.85401027595683
2279,2022-01-20,724.8900146484375,729.97998046875,706.2100219726562,706.4600219726562,685.1314086914062,1536500,0.010932836758452913,34.839356285800996,0.00048165902635277023,0.03279112419229816,701.9270804268973,16.953091821878402,735.8332640706541,668.0208967831405,0.032446244286453076,-0.025769416460841733,10.27223164971145,716.7838014296054,0.010932836758452913,7.409423828125,27.191830735784933,-20.38997528560253,-0.12741496057084506,35.51812308175223,9.121829368021015,13.294856075844894,27.890337821203598
2280,2022-01-21,707.2899780273438,721.2000122070312,694.7100219726562,694.72998046875,673.7554931640625,1689600,-0.016603990684169068,31.41884934543181,0.000391723846901167,0.03745280020544968,697.1570085797991,19.71281344756348,736.5826354749261,657.7313816846722,0.03742458194036212,-0.01778613644402743,10.101671611094014,711.0466936608664,-0.016603990684169068,-11.37591552734375,26.216082575266682,-21.99962199408833,-0.2002344590673545,36.007350376674104,5.52930279726815,13.628906576285809,26.739837289044946
2281,2022-01-24,666.0499877929688,688.6400146484375,648.6300048828125,687.4199829101562,666.6661987304688,2833100,-0.010522058084159402,30.831783309563114,0.0003772217706539106,0.06007058103582082,689.5717075892857,19.77986081725476,729.1314292237952,650.0119859547762,0.0018317420023142134,-0.02615416744902183,9.995381235654978,705.1292943368134,-0.010522058084159402,-7.08929443359375,24.887131740470068,-23.575561028270386,0.12438754377693965,36.91833932059152,5.474306751625839,12.13159982687477,25.81852257990461
2282,2022-01-25,652.6400146484375,668.1599731445312,643.8200073242188,648.5700073242188,628.9892578125,2095300,-0.05651545104539102,34.5714771257901,0.00047428056772183655,0.03729462686014417,678.2789916992188,28.237087513638915,734.7531667264966,621.8048166719409,0.03001649512842876,-0.013514352669549215,9.4304877567513,694.977289466905,-0.05651545104539102,-37.67694091796875,22.75350823368602,-27.547171672116747,-0.11059472193724984,36.48976353236607,5.574518145825032,9.702587545513182,25.10405687299192
2283,2022-01-26,661.6300048828125,679.3800048828125,644.6599731445312,653.260009765625,633.53759765625,1376700,0.007231188430098401,34.18914481259931,0.000463848263101939,0.05247650723523466,665.6340680803571,25.00150190508633,715.6370718905298,615.6310642701844,0.0394782505696879,-0.025648824287052962,9.498681390708104,686.7853305588177,0.007231188430098401,4.54833984375,28.088439296697416,-29.982074021815606,-0.07667719269180108,38.55338832310268,5.924608446014884,9.517249720848893,24.105273678587253
2284,2022-01-27,664.7999877929688,665.0,631.4000244140625,634.6599731445312,615.4992065429688,1465300,-0.02847248715784767,34.76756024490689,0.00047967589102509127,0.050541480449607296,654.4715924944196,27.71164228353615,709.8948770614919,599.0483079273473,0.04563782703455345,-0.05024061972351845,9.22823030679468,677.2805140233712,-0.02847248715784767,-18.03839111328125,19.70572860932606,-32.987044965552855,-0.1085232212341752,38.053213936941965,5.8986233815108955,8.290893062775712,23.08069488613801
2285,2022-01-28,633.5999755859375,644.97998046875,620.6699829101562,644.969970703125,625.4977416992188,1339700,0.01624459471265305,35.95675227094994,0.0005130508070930413,0.03836805318073516,647.010986328125,27.43747280126396,701.8859319306529,592.1360407255971,1.5798241809815756e-05,-0.020407186196344018,9.378139168043582,670.3761443801509,0.01624459471265305,9.99853515625,24.19300150184121,-34.16784224558296,0.030701168769872816,38.496185302734375,5.86113109042041,8.238195245674182,22.354368231050763
2286,2022-01-31,650.7000122070312,677.5499877929688,648.030029296875,677.2000122070312,656.7547607421875,1357400,0.049971433882489036,41.50926121252604,0.0006837376057181424,0.04536646371953882,642.9571794782366,22.52269437391363,688.0025682260639,597.9117907304094,0.0005378447508406521,-0.004103247057119694,9.846778229420252,668.5599598950892,0.049971433882489036,31.25701904296875,38.570969184162344,-32.21015378353968,0.2294739448777822,40.00187029157366,9.963369119697663,7.2825267406066,21.836959299000853
2287,2022-02-01,682.5499877929688,683.7100219726562,666.27001953125,681.47998046875,660.9054565429688,945000,0.006320008698666557,41.78315772315986,0.0006927905830628782,0.025551245701137065,641.1214599609375,19.97350758647903,681.0684751338956,601.1744447879794,0.0032672207805865008,-0.023851686400816103,9.909009953484029,667.5393594481397,0.006320008698666557,4.15069580078125,39.2077737704479,-29.978175365824768,0.25586946666335453,39.732247488839285,9.993015220530696,9.701255495661064,20.137173357113547
2288,2022-02-02,687.9500122070312,691.239990234375,674.0900268554688,686.75,666.0164184570312,713600,0.007733272381796663,41.994126007138306,0.0006998042139299245,0.024929083617408455,641.0286342075893,19.836040411407957,680.7007150304053,601.3565533847734,0.006526622799192254,-0.02014679134476341,9.985639026488254,667.3363006493253,0.007733272381796663,5.1109619140625,37.00035400341248,-27.480130636683384,0.2883716092011129,38.877284458705354,9.952751114755419,10.685714386144758,18.53595874857286
2289,2022-02-03,659.0900268554688,664.6699829101562,644.469970703125,645.9299926757812,626.4288330078125,1212000,-0.059439353673790496,45.52124497881334,0.000822295136675055,0.0306483354078439,640.662859235491,20.116668325035533,680.8961958855621,600.42952258542,0.028433126691028623,-0.022182183854452055,9.392099096734015,661.881971630457,-0.059439353673790496,-39.58758544921875,32.60571883814457,-28.367793227901302,0.04573056803459806,36.26226806640625,10.068638789280614,10.810136525970483,16.934744140032176
2290,2022-02-04,648.0499877929688,661.2100219726562,643.2999877929688,652.8099975585938,633.1011352539062,863100,0.010651333231352922,44.16924473541827,0.0007741754684512993,0.02763680968605956,640.6005074637277,20.143092984088856,680.8866934319054,600.31432149555,0.012962000728786434,-0.007329681489813519,9.492137473955218,658.0445267802502,0.010651333231352922,6.67230224609375,30.428449797082607,-28.207712250074223,0.10324875268296095,35.99223109654018,9.894632457339403,10.623315621572718,15.33352953149149
2291,2022-02-07,654.1500244140625,661.4099731445312,648.5499877929688,650.030029296875,630.4051513671875,520300,-0.004258377906142141,42.874324464915375,0.0007294474993344608,0.01965907646809536,642.7299281529018,17.68518268925674,678.1002935314153,607.3595627743883,0.017396535080541398,-0.008560783325063442,9.451716365454063,654.3592767251752,-0.004258377906142141,-2.69598388671875,34.3118498056061,-27.975901511969937,0.08235484855322284,36.09786115373884,10.055489052920054,11.49027523051295,14.972119812006744
2292,2022-02-08,636.8499755859375,655.3599853515625,635.5999755859375,653.469970703125,633.7412109375,745300,0.005291929425191855,43.084981724497055,0.0007366331945239067,0.03102773105619528,643.9075666155134,16.586817462862616,677.0812015412386,610.7339316897882,0.0029677549201420337,-0.001962785660547337,9.501734181406977,651.6102012868186,0.005291929425191855,3.3360595703125,38.36163858753148,-27.209345309704076,0.11957943755636022,34.648672921316965,10.033256544097839,9.645323930175351,14.441534487171623
2293,2022-02-09,670.7899780273438,682.22998046875,663.8800048828125,680.3699951171875,659.8289794921875,842000,0.04116470272794093,44.48551481283967,0.0007853019953029275,0.027355768850186205,644.3467407226562,17.01874434784744,678.3842294183511,610.3092520269614,0.0027728281764619334,-0.01030124684458177,9.892870244384511,652.7060383808678,0.04116470272794093,26.0877685546875,43.90672305739914,-24.21761352510805,0.3895253672551005,34.379442487444194,9.806606361148761,13.074609285246662,14.49719326783144
2294,2022-02-10,654.5900268554688,677.6199951171875,653.0,656.8800048828125,637.0482177734375,961200,-0.03452525188615141,45.75725249365181,0.0008308437126062719,0.03761132022658132,640.9385637555804,15.468212733507885,671.8749892225961,610.0021382885647,0.03168393862339476,-0.0024290422863711345,9.551316407320124,650.6183289665438,-0.03452525188615141,-22.78076171875,41.620515867199394,-23.41494866260291,0.23208492508772127,33.56168474469866,9.393125966609126,13.178453192137757,14.552010031186446
2295,2022-02-11,657.5399780273438,660.3200073242188,625.25,628.239990234375,609.27294921875,1116300,-0.04359994703660819,46.90294402372253,0.0008729706976557336,0.05333517123845566,632.8323538643973,14.996841372895988,662.8260366101892,602.8386711186054,0.04878793406004844,-0.04910724686917968,9.13487951783108,645.105611666838,-0.04359994703660819,-27.7752685546875,38.028937876016826,-24.734934097622613,-0.1614996812887524,33.208827427455354,9.482293044686136,8.803863950237801,14.367061301030105
2296,2022-02-14,626.1500244140625,634.9500122070312,620.0,627.9099731445312,608.9528198242188,890200,-0.00052542853731119,46.84794742213874,0.0008709246736775696,0.02387608659924775,630.3357805524554,17.488226637201798,665.312233826859,595.3593272780518,0.011243374252181679,-0.00982196626090937,9.130079791447512,640.2852394211554,-0.00052542853731119,-0.32012939453125,45.049303822724006,-25.512768517243103,-0.15506992827254376,33.304334368024556,6.002150867771827,9.195800495511078,14.997290557773098
2297,2022-02-15,647.47998046875,658.3499755859375,642.3099975585938,656.4099731445312,636.5924682617188,821400,0.04538881755318669,49.44146132801889,0.0009700230548611059,0.024772932771962214,630.8345424107143,17.629454691001502,666.0934517927174,595.5756330287113,0.0029962354048410343,-0.007984776465850552,9.54448331734756,639.7928699332306,0.04538881755318669,27.6396484375,50.67750178610539,-23.626566907774986,0.23290946850400446,33.233363560267854,9.074727947596056,9.061225176189321,14.52199926436377
2298,2022-02-16,651.0,666.0,644.6699829101562,663.8599853515625,643.8175048828125,610000,0.011349547758273681,48.17260175143585,0.0009208728410723968,0.03276500321020545,632.7505929129464,18.29143801257119,669.3334689380888,596.1677168878041,0.00328727288546467,-0.009723528555827574,9.652808886585841,640.3294879265081,0.011349547758273681,7.22503662109375,56.59676536451854,-21.303168800579897,0.3343277392999976,32.93390328543527,10.072879707531532,9.02979058779981,14.065637330959877
2299,2022-02-17,659.3099975585938,662.219970703125,650.0,650.4299926757812,630.79296875,1020600,-0.02023016776343045,48.04076351319998,0.0009158392694171453,0.01853448415521561,632.3294154575893,18.298768002959797,668.9269514635089,595.7318794516698,0.01788229826788871,-0.014120819634266745,9.457530943421878,639.057952036307,-0.02023016776343045,-13.0245361328125,51.21637775527642,-20.279065829177625,0.1515015472979688,32.14259556361607,10.45040998661077,10.112491700977817,13.427508889055757
2300,2022-02-18,652.1199951171875,657.77001953125,640.989990234375,647.8300170898438,628.2715454101562,899400,-0.00399722803638769,47.77393011328318,0.0009056938089162163,0.025731505585654662,627.8212105887277,13.705487780498009,655.2321861497237,600.4102350277317,0.015242597245649565,-0.017067418521360338,9.419727035579827,637.6197644861536,-0.00399722803638769,-2.52142333984375,42.461892634842876,-19.44674466981371,0.11610817720417137,30.351510184151785,10.832824532889388,9.396942709349775,12.879039809419007
2301,2022-02-22,638.5,653.0,629.8599853515625,640.27001953125,620.9396362304688,934000,-0.011669968556193289,47.63616403370216,0.0009004778269229279,0.03624121323169538,625.5199846540179,13.24255319196246,652.0050910379429,599.0348782700929,0.019937322582223964,-0.013531737898884103,9.309799117266687,635.3957473853957,-0.011669968556193289,-7.3319091796875,39.59815982106547,-19.157907517468743,0.013189729916826308,30.192452566964285,11.013606914745031,9.553762537825678,11.2038211905318
2302,2022-02-23,651.0800170898438,654.4500122070312,631.010009765625,631.72998046875,612.657470703125,997000,-0.01333811701508092,47.698802912956765,0.0009028475394163066,0.03600172302350315,626.0034877232143,12.596513859188365,651.196515441591,600.8104600048376,0.03489591316261526,-0.03082571542270088,9.185623927253687,632.363977161093,-0.01333811701508092,-8.28216552734375,36.33787647168584,-19.373972439978388,-0.11799022338697655,30.419298444475448,11.335416738461317,9.646026687657912,9.786630270979193
2303,2022-02-24,600.2899780273438,658.8599853515625,599.6799926757812,656.8400268554688,637.009521484375,2047800,0.039748231182592075,45.85956196138973,0.0008345632632105332,0.0985856749937037,630.0115879603794,10.567137732929774,651.145863426239,608.8773124945199,0.003364971213965093,-0.0010161511500941876,9.550736230670516,632.983383070864,0.039748231182592075,24.35205078125,52.93834482880193,-17.379854326175632,0.4522051402625806,33.107408796037944,11.400501429644432,9.171263220039872,9.015921617742487
2304,2022-02-25,656.9099731445312,667.1400146484375,650.0,667.1199951171875,646.9791259765625,1295400,0.01565063653829868,46.09579895221042,0.0008431836035883346,0.02609187765317487,631.4953962053571,12.241758803614855,655.9789138125868,607.0118785981274,3.0475304179307026e-05,-0.010518904305036238,9.700211332089902,634.8494821249571,0.01565063653829868,9.9696044921875,53.784720499913284,-14.824153971811825,0.5729756546954933,32.775216238839285,10.104658434299882,16.759667290832923,9.087686419463106
2305,2022-02-28,647.6500244140625,672.5700073242188,647.6500244140625,666.510009765625,646.3875122070312,1979000,-0.0009144248180159575,44.81610910556244,0.0007970173156197129,0.03847754492513404,631.8625401088169,12.702763123710927,657.2680663562388,606.457013861395,0.009356901613763251,0.0,9.691341218107839,636.3878861359004,-0.0009144248180159575,-0.59161376953125,54.40921963101675,-12.700082667565539,0.5658089211156533,32.58107648577009,11.022747908881911,16.95718181209099,9.294838477629202
2306,2022-03-01,660.2100219726562,665.0999755859375,627.5800170898438,634.2100219726562,615.0626220703125,1097300,-0.04846147171031012,47.85704751650183,0.0009088480146812355,0.05683033769161369,629.6153477260044,14.223837350459105,658.0630224269227,601.1676730250862,0.04678807134884816,-0.04942367397773906,9.221684559831543,633.5445175938221,-0.04846147171031012,-31.32489013671875,45.536282093319315,-13.390045586340875,0.18634320616872915,33.478585379464285,10.893879988510754,16.758933900268662,9.501990535795297
2307,2022-03-02,642.5900268554688,658.4199829101562,638.0999755859375,655.3699951171875,635.5836791992188,1035700,0.033364175276709096,45.96442897007384,0.0008383844168829219,0.031622039675366954,630.6599382672991,14.376382739011333,659.4127037453218,601.9071727892765,0.004746397649359648,-0.006987427569493156,9.529358459832284,633.816405807875,0.033364175276709096,20.52105712890625,44.047606560482045,-12.14101430630808,0.46065801127513667,33.11205618722098,6.236198987551927,18.52302972806516,11.12486876199894
2308,2022-03-03,652.02001953125,653.7000122070312,627.1900024414062,630.7899780273438,611.7459106445312,1020200,-0.03750531886646469,47.54610240713033,0.0008970761325830651,0.0406582757760775,629.3465488978794,15.765275722976956,660.8771003438334,597.8159974519255,0.03513701035768499,-0.03808167900687242,9.171956832203431,630.8736731194291,-0.03750531886646469,-23.8377685546875,43.820177485066715,-12.92565778293772,0.16553595203603996,33.247057233537944,6.240291402748146,15.846877542406576,13.125465099268586
2309,2022-03-04,603.7000122070312,609.4199829101562,581.6300048828125,594.3200073242188,576.3770141601562,2025300,-0.057816318620112384,50.94030752266679,0.0010297281470253421,0.046032760419778704,624.1636265345982,25.266812889316743,674.6972523132316,573.6300007559647,0.025012382442621443,-0.03655790438621048,8.64166805362284,623.6074519248594,-0.057816318620112384,-35.368896484375,42.25287976221928,-16.214556433945972,-0.0577632568906166,32.89319283621652,6.242302832377713,14.69905930555733,14.87935019144622
2310,2022-03-07,617.3900146484375,620.6099853515625,573.75,574.3400268554688,557.0001831054688,1607200,-0.033618327203630116,48.26566799804153,0.0009244344076576071,0.0759001348252225,612.7337210518973,34.78956486815909,682.3128507882154,543.1545913155792,0.07494445552774515,-0.07068467842533473,8.35114962941099,614.7264827489407,-0.033618327203630116,-19.3768310546875,38.772698830091564,-20.15227772403921,-0.16949823571229602,34.406258719308035,7.6081377279953815,14.170219953154135,16.145053296286495
2311,2022-03-08,574.0800170898438,593.47998046875,558.77001953125,573.0399780273438,555.7393798828125,1441800,-0.0022635597992568535,47.93965068915687,0.0009119881381739598,0.06046188667819085,599.6994716099331,36.85161348690898,673.4026985837511,525.9962446361151,0.03560479694977326,-0.026668751921037046,8.332246302832276,606.8615357001237,-0.0022635597992568535,-1.26080322265625,30.2786365356541,-23.108308305560172,-0.026631282719915644,33.483590262276785,7.589814339088122,14.136092488538496,17.41075640112677
2312,2022-03-09,609.1500244140625,627.0,595.0,621.3400268554688,602.5812377929688,1593200,0.08428745488583811,57.2044936393838,0.001298553211324723,0.05253221491828814,593.4414324079241,30.82920303459938,655.099838477123,531.7830263387253,0.009291591426882961,-0.02322912886307986,9.034550137179943,606.2908293125031,0.08428745488583811,46.84185791015625,41.57085947627205,-21.42427171072154,0.38498438454512446,36.473096575055806,7.154129778892374,17.465013663679425,19.088009780793715
2313,2022-03-10,599.5399780273438,608.5499877929688,596.1799926757812,600.0700073242188,581.9534301757812,735500,-0.03423240938058325,58.23937556220456,0.0013459622483632972,0.020632477516992754,588.7115478515625,29.469007041139616,647.6495619338417,529.7735337692833,0.014144145143834339,-0.005604272400012094,8.725275718314595,603.0458427609402,-0.03423240938058325,-20.6278076171875,40.31763325328694,-21.50624169037326,0.20372067777992908,36.042205810546875,7.276515555980348,17.92418837109877,21.006111931466116
2314,2022-03-11,614.0,615.0,584.8800048828125,585.8499755859375,568.162841796875,819000,-0.02369706520114634,56.28485814363814,0.0012571370064482017,0.049055366640370524,579.0799996512277,21.550018693907784,622.1800370390432,535.9799622634122,0.047475609794890065,-0.047426702145256516,8.518512290719716,598.3947759657316,-0.02369706520114634,-13.79058837890625,38.59321477540996,-22.42548172527961,0.08253799009814433,36.475742885044646,8.328104496731681,14.381876937084808,21.595369504169057
2315,2022-03-14,599.5499877929688,601.5,577.3099975585938,577.5499877929688,560.1132202148438,1621700,-0.01416780716699717,55.4433997699055,0.0012198295944625226,0.040346931755354025,571.7039010184152,16.823837246229317,605.3515755108738,538.0562265259566,0.0399466478102931,-0.03709447199931345,8.397823651235104,593.2905685322798,-0.01416780716699717,-8.04962158203125,38.48837263028522,-23.532258041504633,0.011803170717710226,37.090650285993306,8.228509801327498,14.20988598122546,22.06615781617348
2316,2022-03-15,591.9199829101562,598.1900024414062,583.8599853515625,596.7000122070312,578.68505859375,1542500,0.03315729339825735,55.178804583712136,0.0012082144743204332,0.024209382186069585,572.0336216517857,16.952809810910075,605.9392412736058,538.1280020299655,0.002517215632845354,-0.013616701228715108,8.67627275394593,591.3431672071425,0.03315729339825735,18.57183837890625,43.81161380300394,-22.64970242950028,0.17500036202754735,37.416822160993306,8.194707269401276,15.04639788766425,23.293340978523368
2317,2022-03-16,621.4400024414062,651.0,617.1500244140625,650.6300048828125,630.9869384765625,1815200,0.09038056038618003,63.7762633977276,0.0016140522908636222,0.054470223115592104,582.6031581333706,26.43189406435995,635.4669462620905,529.7393700046507,0.0005953834895306499,-0.006903285933461034,9.46043914751091,596.6290033763985,0.09038056038618003,52.3018798828125,49.00431797890495,-17.527895478679966,0.6345951378895885,38.355032784598215,14.486747880316223,14.145093017108298,22.3495116415723
2318,2022-03-17,643.1300048828125,656.4000244140625,639.469970703125,654.0999755859375,634.3521728515625,854900,0.005333286903093315,61.85874258740783,0.0015184539819425328,0.02632446563276487,593.8335571289062,29.623512773340114,653.0805826755865,534.586531582226,0.00357633574963448,-0.005690970957504013,9.51089438371384,601.6587593064204,0.005333286903093315,3.365234375,47.86584799737564,-13.046883923436894,0.664166620631065,38.018075125558035,11.846179219235676,17.552577234699804,23.270268070691124
2319,2022-03-18,649.239990234375,683.4000244140625,647.4000244140625,679.8599853515625,659.33447265625,1689800,0.03938238233249236,63.223097286863606,0.001586174615295325,0.05544944942008892,601.941162109375,38.770758445161064,679.4826789996971,524.3996452190529,0.005452589359478687,-0.002834030324669733,9.885456062657212,609.348854419731,0.03938238233249236,24.9822998046875,52.02156406157468,-7.394547433645357,0.8069040294073572,39.693572998046875,14.044925573394679,17.107311166434634,23.478360991804454
2320,2022-03-21,678.219970703125,683.3900146484375,669.0,682.9099731445312,662.2922973632812,1293000,0.004486076232469882,62.71188300054315,0.001560627091061037,0.021217326634482715,613.4181431361607,43.47361787459925,700.3653788853592,526.4709073869622,0.0007077961791785353,-0.013594366284387736,9.929802972147025,616.4079801455377,0.004486076232469882,2.95782470703125,58.09131025708,-2.645858498533812,0.8306368753605643,38.73182896205357,13.943119208615077,19.069512271475084,24.139562945417147
2321,2022-03-22,688.0,698.0999755859375,685.2999877929688,688.739990234375,667.9462890625,1111100,0.008537003558290568,62.68464571685561,0.0015592717494633745,0.018604633420012718,627.6729213169643,42.51003449894211,712.6929903148485,542.6528523190801,0.013604629871457122,-0.003924436347429143,10.014573735453368,623.2797546677994,0.008537003558290568,5.65399169921875,55.84189535888893,1.5558071958477058,0.7835807361368716,38.19256591796875,13.787008655824772,20.92266063553331,24.780526931142358
2322,2022-03-23,668.7999877929688,679.3699951171875,663.6099853515625,665.3599853515625,645.2720947265625,999100,-0.03394613415363379,63.83502282853314,0.001617027833142598,0.023564608333251958,639.8384748186384,30.419377174991254,700.6772291686209,578.9997204686558,0.020947981491234547,-0.0077601712561825706,9.674617671938211,626.2120666756344,-0.03394613415363379,-22.6741943359375,56.077466837939895,3.021212881788756,0.6208433393990316,37.424708775111604,13.945583609425094,21.163308191671113,25.421490916867572
2323,2022-03-24,666.2000122070312,690.5499877929688,663.2000122070312,690.5399780273438,669.6920166015625,1176700,0.03784437925422468,64.68262411079586,0.0016602547070867098,0.04105370021734269,652.8394688197544,15.9182482923292,684.6759654044129,621.002972235096,1.5025165778425897e-05,-0.004503152124031644,10.040747572254665,632.0093933324249,0.03784437925422468,24.419921875,67.61493345057627,6.082920929100965,0.7961101848533938,38.50770786830357,14.96754237943588,20.84867059974132,25.819989326149784
2324,2022-03-25,690.4600219726562,690.75,672.2999877929688,687.3599853515625,666.6079711914062,768600,-0.004605169740273474,63.4965968471644,0.0015999277028457652,0.026721333053171197,657.9281877790179,13.235790637579507,684.3997690541769,631.4566065038589,0.0049097913572927355,-0.026301355041243327,9.994508225365193,636.6225370469558,-0.004605169740273474,-3.08404541015625,72.04661402103632,8.166353287534207,0.7739753511285791,36.664707728794646,15.13955871690073,23.111495477395078,26.29640326640337
2325,2022-03-28,680.1099853515625,695.0,676.0,694.8300170898438,673.8525390625,687100,0.010867808643430621,63.397254011271585,0.0015949253238768612,0.027936657907145,663.5710972377232,9.362838036952578,682.2967733116283,644.8454211638181,0.00024993444268926946,-0.006043118672104139,10.103126628243656,641.5865373156951,0.010867808643430621,7.24456787109375,73.1989563642885,10.28352247787518,0.7992595336183561,36.087009974888396,15.739995568030608,16.470361062591053,25.22472819991678
2326,2022-03-29,710.0,714.6199951171875,697.6699829101562,709.1400146484375,687.73046875,1076200,0.020594905981667244,63.68055237193542,0.0016092114088868288,0.02387325662962148,667.627668108259,12.757431102873733,693.1425303140064,642.1128059025115,0.007718282350352113,-0.017366221253301055,10.311199571273212,647.7390615069357,0.020594905981667244,13.8779296875,69.21222026577075,12.932153442781896,0.8041692022045733,33.908926827566965,14.720369444718603,18.97031293279379,24.815441833021044
2327,2022-03-30,700.0,702.75,680.1199951171875,684.5599975585938,663.8923950195312,1031900,-0.03466194216143448,62.42304640499545,0.0015462844136826248,0.03232857840401786,667.8562534877232,12.659861868641515,693.1759772250062,642.5365297504401,0.0259857177734375,-0.028400006975446427,9.953793368118731,649.8928393086152,-0.03466194216143448,-23.83807373046875,68.22388497333927,12.9583039759018,0.6305614958880946,34.64178466796875,15.01186345873699,19.34596469104154,24.406155466125306
2328,2022-03-31,684.489990234375,689.0999755859375,667.5,667.9299926757812,647.7645874023438,780700,-0.024292803680501573,62.24347118594772,0.0015374006766967871,0.0315563060002404,664.9731532505581,14.759819816184079,694.4927928829262,635.45351361819,0.0309281117506298,-0.024821385961476934,9.711987819950744,649.609072387779,-0.024292803680501573,-16.1278076171875,67.52190515241644,11.544570549756827,0.5131060454187627,34.081856863839285,15.383171924866563,18.390825057598747,22.46710673243835
2329,2022-04-01,675.2899780273438,677.1900024414062,661.8300170898438,667.72998046875,647.5707397460938,739400,-0.00029925633481653335,60.60947694865908,0.0014577415460277922,0.02274576234113835,665.301531110491,14.265758250203717,693.8330476108985,636.7700146100836,0.014008829214807622,-0.019932120089830477,9.709081446071963,649.3372947022209,-0.00029925633481653335,-0.19384765625,69.94074987809304,10.289918957836903,0.4872342431659861,33.80244663783482,15.322295150446601,18.318045912056036,20.820024126047276
2330,2022-04-04,672.489990234375,681.5399780273438,669.989990234375,680.8300170898438,660.2750854492188,731200,0.019618467795667005,56.5563260356575,0.0012692928629569804,0.017174958676995873,663.9562552315848,14.226686036725468,692.4096273050358,635.5028831581338,0.0010557197100473804,-0.003717527452161339,9.899558747747234,650.7956668018206,0.019618467795667005,12.704345703125,69.11436293654917,10.203117864042497,0.4424445880517086,33.50905064174107,15.24256887823391,19.32460066910096,19.45935532457508
2331,2022-04-05,674.02001953125,675.1500244140625,645.7899780273438,646.4600219726562,626.94287109375,1251500,-0.05048231425056904,58.35843621978124,0.0013514710627056646,0.04355960585137711,658.289812360491,19.801475356014226,697.8927630725195,618.6868616484626,0.04256550489606945,-0.041883090540157764,9.399806112101489,647.6152940407445,-0.05048231425056904,-33.33221435546875,48.960160352947234,7.35985639907733,-0.16669455142626485,30.440843854631698,14.063885289396252,19.792307938402796,18.830243823792856
2332,2022-04-06,626.0900268554688,639.3099975585938,617.4000244140625,628.510009765625,609.5347900390625,1110700,-0.027766614563010772,59.486564694647285,0.001404226737766054,0.03499492437944409,649.1015625,25.48357885750078,700.0687202150016,598.1344047849984,0.017249895909078102,-0.01387979694398217,9.138805318819735,642.5378935071869,-0.027766614563010772,-17.4080810546875,44.04856486292648,3.659678057216979,-0.08090142712568399,30.190621512276785,14.353104554541254,20.199330367815268,18.201132323010626
2333,2022-04-07,624.530029296875,632.0999755859375,612.780029296875,625.2999877929688,606.4217529296875,713500,-0.005107234501209534,52.085611872489814,0.0010765519698935125,0.03093517586466386,637.4860316685268,23.385916701179713,684.2578650708863,590.7141982661674,0.010888167860598302,-0.018814147356899232,9.092131296995621,637.7224080968537,-0.005107234501209534,-3.113037109375,35.8241566331256,0.4706387543595838,-0.06243399942225147,28.299002511160715,15.41242358145054,16.199007237624212,16.32526176668942
2334,2022-04-08,621.4199829101562,622.4099731445312,610.0,610.9299926757812,592.4855346679688,840800,-0.02298106589084481,51.27137590810331,0.0010431563442500143,0.019970347729106518,627.2850516183036,25.432051125510682,678.1491538693249,576.4209493672822,0.018473787107695497,-0.018377237977889954,8.883184428571152,631.6908249730023,-0.02298106589084481,-13.93621826171875,32.33708527329077,-3.1449808314847587,-0.16741030538581897,27.722765241350448,15.328364607905556,15.932790643756922,14.405356217267359
2335,2022-04-11,607.0399780273438,610.6300048828125,597.1300048828125,597.739990234375,579.6936645507812,859600,-0.02159018131025947,51.146771457897266,0.0010380921549866565,0.022239062481304816,617.5606340680804,29.05257879244313,675.6657916529666,559.4554764831942,0.021234210455669325,-0.016325074959206164,8.691394866145828,624.7578702500396,-0.02159018131025947,-12.7918701171875,28.448282800640683,-6.962325065280993,-0.14840702852428836,26.461107526506698,14.686003905445599,16.29891077445958,13.383859966717111
2336,2022-04-12,613.0700073242188,622.5,592.0,594.0,576.0665893554688,1067900,-0.00625688258663859,50.915432980174636,0.0010287227442693076,0.04974962016673936,607.3457554408482,29.311707254865517,665.9691699505792,548.7223409311172,0.04648734999187121,-0.0343680282390262,8.63701382895424,618.2656994640968,-0.00625688258663859,-3.6270751953125,31.366218426796706,-10.163118425684388,-0.12994137399290992,28.392987932477677,16.278664420224768,16.064347703641467,12.146038876576782
2337,2022-04-13,601.4099731445312,617.2100219726562,596.4199829101562,612.760009765625,594.26025390625,934200,0.03158257202719783,50.79609407560681,0.0010239060211658323,0.034568829901169135,597.9150652204241,17.805467522698457,633.526000265821,562.3041301750272,0.007399298990277669,-0.008297152453731927,8.90979294030709,615.0649733897172,0.03158257202719783,18.19366455078125,28.98517998069704,-11.103697038181053,0.01843299621803021,28.097669328962052,16.20314608185678,15.667605461624252,10.822202481582654
2338,2022-04-14,614.52001953125,616.510009765625,596.0,597.8699951171875,579.8197631835938,814200,-0.02429994371613209,39.96129702399504,0.0006336925634285535,0.033375657608794976,591.1831926618304,13.352950530249197,617.8890937223288,564.477291601332,0.030332640200486757,-0.030137373791950493,8.693285473335237,610.3656120289008,-0.02429994371613209,-14.44049072265625,27.260241813170197,-12.866027723418142,-0.0993332025887429,28.182795933314733,8.887371116281129,16.951448825173074,12.251530452644374
2339,2022-04-18,597.0499877929688,613.8599853515625,595.77001953125,605.5800170898438,587.2969970703125,576800,0.012895789970427618,40.26182464913117,0.0006432597317767405,0.030298913307381763,588.006365094866,10.626095891150625,609.2585568771673,566.7541733125648,0.013868132369160832,-0.0021438209327333375,8.805392256952338,607.2897967010891,0.012895789970427618,7.47723388671875,27.348820805799207,-13.503675241134374,-0.03835429062929628,28.586238316127233,8.763627121949876,13.113145376653797,12.273985831351379
2340,2022-04-19,597.530029296875,619.1199951171875,596.0,617.1500244140625,598.5176391601562,1230800,0.01910556693771137,38.104706440122804,0.000576178036860292,0.038692607875110877,586.8772059849331,8.562698704531273,604.0026033939956,569.7518085758705,0.003296856403088397,-0.002560589797763662,8.973624268130346,606.1201756956315,0.01910556693771137,11.22064208984375,26.32413735684706,-12.954274636837567,0.058850014990124155,27.94734845842634,5.405212343828176,13.488110443797192,13.843099333033784
2341,2022-04-20,650.760009765625,652.5499877929688,628.989990234375,633.9099731445312,614.771728515625,1857900,0.027157243649955864,39.54702044967064,0.0006206217565264554,0.036203818927163366,590.0609479631696,13.635837587878283,617.3326231389261,562.7892727874131,0.028643454374448745,-0.03345322270047079,9.217323168803118,607.2737160716306,0.027157243649955864,16.25408935546875,36.41729379777322,-11.079582993868712,0.23451837529527572,30.190373011997767,10.435538317530774,9.432928226452669,13.343940160931245
2342,2022-04-21,645.0599975585938,648.8099975585938,617.739990234375,619.97998046875,601.2623291015625,940700,-0.0219746595157867,39.813474883865396,0.0006290130088603891,0.048166073608364654,593.1421857561384,13.336345014252394,619.8148757846432,566.4694957276336,0.044693543544722734,-0.04235266088056739,9.014775630521697,606.4721978089549,-0.0219746595157867,-13.5093994140625,36.95239008584889,-10.562217323788445,0.10344350429407037,30.821136474609375,10.46482005441962,6.874513142632366,13.350989294195253
2343,2022-04-22,615.0800170898438,620.8699951171875,607.469970703125,607.6099853515625,589.2657470703125,1093400,-0.01995232604905739,38.80025821514697,0.0005974047768103491,0.021785823050247427,595.0277797154018,11.296836743288019,617.6214532019778,572.4341062288258,0.021558186572801848,-0.012372449397274375,8.834909887882432,604.178004377136,-0.01995232604905739,-11.99658203125,34.65698010402048,-10.993498999878852,-0.030536671885853187,30.119868687220983,10.401354240583196,6.832821401249571,13.358038427459254
2344,2022-04-25,592.72998046875,600.3900146484375,583.6699829101562,599.8200073242188,581.7109375,2074700,-0.012820717321298969,35.76135885149541,0.0005074899948037416,0.02820851363897353,593.2350202287946,12.382530753117727,618.0000817350301,568.4699587225591,0.0009616644053806251,-0.015285202127668339,8.721640005650743,601.1823954601845,-0.012820717321298969,-7.5548095703125,28.74983780014402,-11.808778580773833,-0.021415003512789153,28.887782505580358,9.046365384080698,7.1548838508122925,13.132067739396808
2345,2022-04-26,585.1500244140625,587.47998046875,559.9000244140625,560.4299926757812,543.5101928710938,1803100,-0.06566963446326168,41.207804591770866,0.0006738425235212586,0.04713313663842802,588.0479387555804,22.450727686080896,632.9493941277422,543.1464833834186,0.04622744025355744,-0.043151326918740164,8.148893094559499,593.4927684483057,-0.06566963446326168,-38.20074462890625,28.012084529942214,-15.36031026177784,-0.17690057227481049,28.760633196149552,8.950022982842002,5.592734073169556,13.238951177595084
2346,2022-04-27,552.0900268554688,567.3800048828125,544.0,556.8800048828125,540.0673828125,1904400,-0.006334398330980928,40.570349021636844,0.0006531560395783448,0.042348174655459106,581.3008510044643,28.888055562668143,639.0769621298007,523.524739879128,0.019018637340371278,-0.014653455889335658,8.09727475974198,586.3693836968649,-0.006334398330980928,-3.44281005859375,30.23784305622597,-18.24244317593616,-0.03622862855590973,28.900621686662948,8.317452316787625,5.634340347086394,14.046752115474611
2347,2022-04-28,574.9500122070312,595.4600219726562,564.5999755859375,590.5399780273438,572.7111206054688,1513500,0.060443823922434525,46.318764979641365,0.000851360313190179,0.05367431208194581,577.6142054966518,27.95634905043421,633.5269035975202,521.7015073957834,0.008557342100796169,-0.01800162866570538,8.586705009571398,584.5482819513454,0.060443823922434525,32.64373779296875,41.78948410580648,-17.688574573334108,0.26449676493955804,31.245439801897323,12.63286100076095,2.020864784232411,16.894553103884853
2348,2022-04-29,576.4500122070312,588.9000244140625,562.4600219726562,563.77001953125,546.7493896484375,1225300,-0.04533128487113114,47.22335649357558,0.000884938650206082,0.04586694749155519,567.896728515625,24.495899458478327,616.8885274325817,518.9049295986683,0.043594421633539826,-0.02426921665039451,8.197458638678148,579.508429644291,-0.04533128487113114,-25.96173095703125,39.476987277302236,-19.124074011476523,0.025328327569057448,31.991995675223215,12.556012646077258,2.008571438038139,19.742354092295095
2349,2022-05-02,558.739990234375,571.52001953125,553.5399780273438,571.0900268554688,553.8482666015625,1146700,0.01298378578472592,47.44530808636182,0.0008932766902419802,0.03217962168121195,561.123291015625,19.846218499607005,600.815728014839,521.430854016411,0.0007695756224659716,-0.009306676267882666,8.303892685621896,576.0870745719272,0.01298378578472592,7.098876953125,43.893496015387576,-19.46452271448436,0.09072563527455703,32.46529279436384,12.564778524029235,2.0099737058264857,22.76679141523978
2350,2022-05-03,566.6300048828125,575.4400024414062,563.02001953125,570.6799926757812,557.541259765625,825300,0.006667878888062306,47.63038336877223,0.0009002592935937355,0.021919035001905497,556.5912214006696,15.49349251851203,587.5782064376937,525.6042363636456,0.00840056072676462,-0.006370974569744323,8.35926203634909,573.6142992644203,0.006667878888062306,3.6929931640625,45.62437487259583,-19.21484036085326,0.12474676451785033,30.949964250837052,12.724036778136632,3.5693307219739725,25.018290000200825
2351,2022-05-04,579.0800170898438,594.25,564.6599731445312,592.6400146484375,578.9957275390625,1112800,0.038480502380140225,49.35900447115959,0.000966790207295219,0.051098338713487124,556.2033342633929,14.777225866755199,585.7577859969033,526.6488825298825,0.0027802467777310854,-0.0249016431576765,8.680930639035036,574.3318230343726,0.038480502380140225,21.4544677734375,46.44926141161786,-17.088780228806968,0.3223927358316048,30.63320050920759,15.697932336371414,2.239113549440069,28.02898796080679
2352,2022-05-05,582.3200073242188,584.5700073242188,558.0900268554688,564.1699829101562,551.1810302734375,1231800,-0.048039555289720925,49.08671841095868,0.0009561531445860117,0.04547324518425265,557.2991681780134,13.939752275932603,585.1786727298786,529.4196636261481,0.03503232613937024,-0.0416093903077238,8.26390259163488,571.245050666248,-0.048039555289720925,-27.814697265625,43.728455713568145,-17.447155916013685,0.06615413248257082,30.935359409877233,15.771100978465116,2.249550140348704,30.796310608060157
2353,2022-05-06,555.1500244140625,561.6799926757812,545.0499877929688,551.0,538.3143920898438,1214600,-0.023343760900498833,48.85909737599796,0.0009473061096814487,0.029955875261583158,557.0487409319196,14.311699530348813,585.6721399926172,528.425341871222,0.019238029732689885,-0.01819334626122716,8.070992025430742,566.8542961893941,-0.023343760900498833,-12.86663818359375,39.520743686377706,-18.555505088259906,-0.05237778488745746,29.6917724609375,15.907026317881689,2.2689381885755857,33.56363325531351
2354,2022-05-09,530.2100219726562,535.7999877929688,510.3599853515625,512.6599731445312,500.8570556640625,1714700,-0.06958263976626078,53.6706833263097,0.0011430723209178639,0.04798099128107056,546.7838745117188,23.81726068251514,594.4183958767491,499.14935314668844,0.04364311063443246,-0.037438063783180334,7.509391094768832,558.0546641193499,-0.06958263976626078,-37.45733642578125,31.215427648207807,-22.200460706312697,-0.06683261498230843,29.41544451032366,15.768312942082977,2.249152461857944,37.01817388713964
2355,2022-05-10,529.2000122070312,530.4099731445312,512.3300170898438,523.3699951171875,511.32049560546875,1232900,0.020891070262618605,54.32866630104595,0.0011712714214485737,0.034164693192815614,541.7226039341518,27.33101496389605,596.3846338619439,487.06057400635973,0.013303057190009288,-0.03187829691619073,7.6662703117591295,551.8234416508325,0.020891070262618605,10.46343994140625,29.648264979302994,-23.968508095999027,0.006937596021804251,27.666913713727677,15.429648598868914,2.5127692047360646,40.354234225970245
2356,2022-05-11,531.280029296875,544.1799926757812,520.469970703125,521.2999877929688,509.2981262207031,1302800,-0.003955189361949718,54.051291158570066,0.0011593420936144897,0.044628106959027594,535.3582981654575,29.1624490803505,593.6831963261585,477.0334000047566,0.04306581015870886,-0.02034719544805142,7.635948760976229,546.1533995934819,-0.003955189361949718,-2.022369384765625,31.051688468508786,-25.24191363033856,-0.009608714478547395,27.582715715680802,17.208960983254254,2.4555574464355767,43.67899817136109
2357,2022-05-12,514.7000122070312,529.0499877929688,509.54998779296875,522.3599853515625,510.3337707519531,1134800,0.0020334740654459615,54.11462594852643,0.0011620606117257657,0.03788614637171678,528.6143711635044,28.631189127840816,585.876749419186,471.35199290782276,0.012997867267808196,-0.010005875834312145,7.651476264746748,541.3774490812781,0.0020334740654459615,1.03564453125,32.96752939639387,-25.86932337548683,0.008628167407209323,27.59301539829799,15.940974507824246,2.546392222552418,47.09756898305559
2358,2022-05-13,540.5599975585938,551.2899780273438,538.2100219726562,548.3200073242188,535.696044921875,946800,0.0496974247511619,55.9968831087845,0.0012443059198011407,0.024197047716742495,522.4287022181919,18.984649395924393,560.3980010100407,484.4594034263431,0.005494248032667403,-0.004347298350878758,8.0317349306493,540.6199285266911,0.0496974247511619,25.362274169921875,40.779235042986976,-24.042875254848582,0.3043422968988668,29.324170793805802,15.945764742831292,6.437706099678627,49.040315834791556
2359,2022-05-16,533.25,540.97998046875,528.0,534.9500122070312,522.6337890625,757800,-0.024383707856719394,56.00065427345036,0.0012444735234343309,0.02434126670182841,518.3505249023438,14.25614754294751,546.8628199882388,489.83822981644875,0.01130795735906001,-0.009845288326300985,7.835891452517739,538.2217765981322,-0.024383707856719394,-13.062255859375,45.34796517084078,-23.379907818573997,0.15229654363965756,28.281315394810267,16.186589924394674,6.534933279767545,49.57692911858962
2360,2022-05-17,556.9500122070312,563.3800048828125,548.8499755859375,561.6300048828125,548.6996459960938,895800,0.04987403700084281,58.82791823855956,0.0013733031604296227,0.02608856985081428,519.8341326032366,16.963352518540628,553.7608376403178,485.9074275661554,0.003142113226760258,-0.014543561259646365,8.226698992755196,539.6188258511938,0.04987403700084281,26.06585693359375,51.74740528890609,-20.51472357244745,0.45570530354161487,29.486772809709823,19.62172885196902,6.464306016471899,51.032008571550186
2361,2022-05-18,547.1799926757812,552.8300170898438,526.8699951171875,528.2999877929688,516.1370239257812,1037900,-0.05934507577674708,61.40577906538978,0.0014962975010426433,0.04744329529613897,522.0169852120536,14.981751215198171,551.9804876424499,492.05348278165724,0.044829909033990756,-0.037117580742079444,7.73848491763765,536.4879189278055,-0.05934507577674708,-32.5626220703125,38.5440991191077,-20.633723162174306,0.07776901043074096,27.384443010602677,18.953092468288425,6.525969957046597,51.31734619160851
2362,2022-05-19,523.77001953125,537.0499877929688,522.3200073242188,526.0,513.8900756835938,905500,-0.004353394811899003,60.20024767129883,0.0014381229443197303,0.02812299276299291,522.3840680803571,14.704906984853366,551.7938820500639,492.97425411065035,0.02109702232070858,-0.002768413908701655,7.7047962375452475,533.4748731619106,-0.004353394811899003,-2.2469482421875,42.63925432060145,-20.671058049090107,0.05124069970635393,26.989654541015625,14.283672045774724,6.897654899775951,52.737545221464536
2363,2022-05-20,541.4400024414062,542.3900146484375,514.1699829101562,532.8400268554688,520.5725708007812,1205700,0.013003744250748905,60.38240706294875,0.0014468393185379535,0.05212033025087609,523.9947030203683,13.609349545250925,551.2134021108702,496.7760039298665,0.017638127493179143,-0.05036572733504506,7.804987437322418,531.7545661804268,0.013003744250748905,6.6824951171875,42.53205036885731,-19.931664882207542,0.13013673458358105,27.256033761160715,15.348164076648679,6.963980936382478,53.54090841271407
2364,2022-05-23,549.239990234375,557.8200073242188,545.719970703125,554.6099853515625,541.8411865234375,977000,0.040856197417277196,62.274952216483335,0.0015389562196687627,0.022030509133048288,528.4957624162946,13.548342601295575,555.5924476188858,501.39907721370344,0.005844479698731424,-0.006408891548024236,8.123869544901032,533.0994488928283,0.040856197417277196,21.26861572265625,46.734127259213786,-17.428585051279015,0.3812419607631195,28.374298095703125,14.892072734870275,12.07201717853785,53.05292833502329
2365,2022-05-24,555.5700073242188,557.5499877929688,542.6300048828125,546.4299926757812,533.8495483398438,1085500,-0.01474904156856316,62.315866203181734,0.001540979039941606,0.026855270647195444,528.2319771902902,13.40197373828011,555.0359246668504,501.42802971373,0.020015470544827503,-0.023291398511105624,8.004050255285703,533.1994621524303,-0.01474904156856316,-7.99163818359375,40.05164924671345,-15.90637586447042,0.32390768089247013,26.874302455357142,14.917485283842218,12.092617449111428,52.99500683425896
2366,2022-05-25,541.6900024414062,551.8599853515625,538.030029296875,548.0800170898438,535.4615478515625,832600,0.003019576426976034,58.05651542177386,0.0013375234059201052,0.025531126645047256,530.0645141601562,13.385919467236466,556.8363530946292,503.2926752256833,0.0069781023180829765,-0.006756582414361881,8.028219096756896,533.5010735789813,0.003019576426976034,1.61199951171875,46.08383858872946,-14.403900034959292,0.4813589417099136,26.269335065569198,15.16233472905757,12.291100679848945,52.39371719546633
2367,2022-05-26,542.4000244140625,562.47998046875,541.3499755859375,560.0700073242188,547.1755981445312,933800,0.0218765480732821,58.4938125650881,0.0013577484557141502,0.03895649692427387,529.8467930385044,13.040234398902415,555.9272618363093,503.7663242406996,0.00444316562694603,-0.0019359306431804355,8.20384881776994,535.3243435210546,0.0218765480732821,11.71405029296875,52.22032448284647,-12.128145443909375,0.6989708045004768,27.011365618024552,16.89264187218134,12.225079176530759,52.24127273593054
2368,2022-05-27,572.6300048828125,583.8599853515625,572.0999755859375,583.3800048828125,569.9488525390625,843900,0.04161964545157937,56.421294102096745,0.0012632390587917844,0.020536838212017305,537.534197126116,18.379474125994147,574.2931453781043,500.7752488741278,0.0008382034903117362,-0.0009256051767379345,8.545290096903884,539.9409447234557,0.04161964545157937,22.77325439453125,68.68725037580853,-8.390264482766383,0.8127959457739046,27.634935651506698,12.501231535041205,18.04695751688117,49.65725409477976
2369,2022-05-31,584.5900268554688,584.8099975585938,572.8499755859375,576.2899780273438,563.0220336914062,822300,-0.012153404321805339,54.159899735648054,0.001164005848958512,0.020458819725320408,544.5530482700893,17.188008655309886,578.9290655807091,510.17703095946956,0.014574349783350734,-0.020082537727647214,8.441435731309092,543.0184232525157,-0.012153404321805339,-6.92681884765625,64.25644906069255,-5.9186764642163325,0.7104974615995977,26.585523332868302,12.932527357275744,18.42286776628656,47.042569208696285
2370,2022-06-01,577.4400024414062,579.75,557.0,563.6599731445312,550.6829223632812,542100,-0.021915858687136414,54.61205032581936,0.0011835222384086609,0.039398032529463486,548.8545270647321,13.574233355928204,576.0029937765885,521.7060603528757,0.02786441325062413,-0.035397621146762044,8.256434418705178,544.0403564672845,-0.021915858687136414,-12.339111328125,60.79733404546054,-4.899114373701764,0.546544369292654,25.863416399274552,12.97970825142823,18.490078710447243,44.427884322612805
2371,2022-06-02,564.4199829101562,581.3200073242188,562.8200073242188,580.5399780273438,567.1742553710938,669200,0.029947057259446463,55.54179548420897,0.0012241631133371805,0.032777011020435134,552.4735369001116,14.721320941398428,581.9161787829084,523.0308950173148,0.0013820015599964402,-0.0028347252655513836,8.503690333001007,547.1248763211257,0.029947057259446463,16.4913330078125,63.723004337165754,-2.728933870553533,0.750343452287349,26.64093235560826,12.771138681897162,17.542765289000812,42.501885095790115
2372,2022-06-03,567.1599731445312,569.8499755859375,560.8900146484375,563.6500244140625,550.6732177734375,531000,-0.02909341783656927,54.785692440764954,0.001191060355640512,0.015797943017422184,554.8769182477679,12.357576942285325,579.5920721323386,530.1617643631972,0.01093157392172851,-0.011055008803479077,8.256288916990213,547.5979885147673,-0.02909341783656927,-16.50103759765625,53.77757292948252,-2.3138731266400328,0.5167501032516939,24.355486188616073,9.918512460354815,18.452378847888063,40.36121907752403
2373,2022-06-06,579.6099853515625,583.4600219726562,569.4299926757812,571.6900024414062,558.528076171875,483300,0.01426410100385378,52.359506733518124,0.0010879039465783052,0.024205982732276574,558.172136579241,8.912756278759808,575.9976491367606,540.3466240217215,0.020306792202882586,-0.017563521907937068,8.37405745601916,549.055333535715,0.01426410100385378,7.8548583984375,59.29756207997561,-1.3357157698337687,0.6279456973852696,25.770259312220983,12.316528808240394,18.237452403335656,37.71097739358243
2374,2022-06-07,564.719970703125,578.02001953125,563.1400146484375,577.010009765625,563.7255859375,479000,0.009305726940798564,51.65159769396238,0.0010586855334678332,0.026349351279866394,560.5364205496652,7.609329999924727,575.7550805495147,545.3177605498157,0.0017885143398903545,-0.002797769047764184,8.451984148091434,551.0113671892864,0.009305726940798564,5.197509765625,54.363888202496746,-0.1395151725728283,0.7015231136909154,24.25209699358259,12.251771916428114,18.14156493775166,35.060735709640845
2375,2022-06-08,573.5999755859375,577.9500122070312,562.52001953125,567.4400024414062,554.3758544921875,605700,-0.016585607747009568,45.16057077598586,0.0008093163304812807,0.026900267316119348,558.3117065429688,6.609647615403807,571.5310017737763,545.0924113121612,0.018322890887310327,-0.01931652114065944,8.311802854327246,551.4599654963399,-0.016585607747009568,-9.3497314453125,62.836181310587214,0.053421421353959886,0.5691656744711698,23.499952043805802,12.540309946735437,18.56881182493966,32.41049402569924
2376,2022-06-09,559.4099731445312,564.6400146484375,542.3499755859375,542.4099731445312,529.9220581054688,658600,-0.04411050046383891,47.853795803754544,0.0009087245130267603,0.03984562330414703,553.5831386021206,12.175070997464728,577.93328059705,529.2329966071911,0.039738371804399014,-0.030496412966499017,7.945165070666106,548.5882445108905,-0.04411050046383891,-24.45379638671875,54.68343470421764,-1.746756416776293,0.22299082571978096,23.598314557756698,12.713944367744674,18.450346545281278,29.858885995101147
2377,2022-06-10,532.0599975585938,535.1900024414062,519.4000244140625,521.530029296875,509.5228576660156,928900,-0.038494718473095046,49.86140008758523,0.0009865711185294622,0.02967706292485343,547.703129359654,20.737525020502424,589.1781794006588,506.2280793186491,0.025673745831694347,-0.023794258547199004,7.639318178048546,543.3795262649072,-0.038494718473095046,-20.399200439453125,47.011538784701074,-4.764532747612179,-0.1510039872088325,22.690460205078125,10.428148687681972,19.070947343708205,27.681410710497886
2378,2022-06-13,498.04998779296875,502.5,491.6199951171875,493.5799865722656,482.2163391113281,1395100,-0.05359233279498232,53.25266309244698,0.001125335764459391,0.021845206604713622,535.5662841796875,30.162182547778713,595.8906492752449,475.2419190841301,0.017909875808374238,-0.01291033597706681,7.22990929592381,535.2244346444301,-0.05359233279498232,-27.3065185546875,34.384113091168516,-9.252888529722327,-0.10090842106986721,21.308704921177455,10.46628297832223,19.140687148017772,25.62645339918106
2379,2022-06-14,493.7900085449219,498.6199951171875,484.45001220703125,491.1700134277344,479.86187744140625,965400,-0.004882583767818582,49.80058995090243,0.000984166174388065,0.02869637429868562,525.4503784179688,35.63000649749944,596.7103914129676,454.1903654229699,0.015087347983014875,-0.01891491560433413,7.194608658152732,527.8427603506935,-0.004882583767818582,-2.354461669921875,35.4302914422683,-12.851780873651705,-0.045716773966762714,21.35833740234375,11.000452302970674,14.160039127695976,24.201677003112536
2380,2022-06-15,499.3800048828125,512.2000122070312,494.0,505.3299865722656,493.6957702636719,841700,0.02882890571767671,50.563823025525814,0.0010145635710145612,0.03644521612614861,516.1886204310825,33.98711545412371,584.16285133933,448.2143895228351,0.013757109951524363,-0.010773368637526854,7.402021352834198,523.2898283390907,0.02882890571767671,13.833892822265625,39.42614851036114,-14.421408429385451,0.09212594067498714,22.381744384765625,13.288589932808062,13.612286010243386,22.236213035121825
2381,2022-06-16,479.760009765625,484.04998779296875,465.5,468.1499938964844,457.371826171875,1223100,-0.07357556268387122,52.58115810427657,0.0010971342014233847,0.03866513968521656,500.99522617885043,32.95077565196483,566.8967774827801,435.0936748749208,0.03314155738877012,-0.02972321468100557,6.857413466801392,514.500761383462,-0.07357556268387122,-36.323944091796875,29.78352976221882,-18.3844636392987,-0.06812651072374058,22.46583993094308,9.039131861227153,13.962454755769507,20.85362758959504
2382,2022-06-17,467.5,478.6199951171875,461.8500061035156,473.3500061035156,462.45208740234375,1328700,0.011107508026870994,49.5037760206921,0.0009724697778995438,0.035871634253843585,487.8632594517299,25.63677018515768,539.1367998220453,436.58971908141456,0.01127270377256016,-0.012085548441677807,6.933582241927462,507.5609381859795,0.011107508026870994,5.08026123046875,23.705918675319367,-20.87464886356031,0.004896562627430628,21.363252912248885,9.127281461924364,14.098616594137345,19.550313975267038
2383,2022-06-21,488.9800109863281,497.8399963378906,488.4700012207031,494.3500061035156,482.9685974121094,1081400,0.0443646175866772,52.347529742410345,0.0010874062976716412,0.01916232751168531,481.15562220982144,17.717845541819038,516.5913132934595,445.7199311261834,0.007137286097514076,-0.0010430073912351804,7.2411879665963506,504.2819594161302,0.0443646175866772,20.516510009765625,31.6393026102769,-20.95111627365793,0.17365832211812693,22.829450334821427,8.861796106425052,19.03774642691173,19.62665305730628
2384,2022-06-22,486.44000244140625,496.6400146484375,482.44000244140625,485.5,474.3223876953125,845800,-0.0179022192397722,52.2944433907774,0.0010852019085520722,0.02919170326404581,476.1269836425781,12.573218293167272,501.27342022891264,450.9805470562436,0.022901107212660542,-0.00822300793504707,7.111554632061942,500.2873498533545,-0.0179022192397722,-8.646209716796875,32.18449990501939,-21.461993609135163,0.1025604799296949,22.218736921037948,8.019165330970436,19.60098703247633,19.834069056077027
2385,2022-06-23,483.8999938964844,487.4100036621094,476.05999755859375,485.5,474.3223876953125,739100,0.0,49.741673770920755,0.0009818389323542481,0.023455272260126565,474.999276297433,12.286775811143684,499.5728279197204,450.42572467514566,0.003947104125233698,-0.016201687201442192,7.111554632061942,496.8253548989489,0.0,0.0,26.530978087650013,-21.617672506057374,0.1025604799296949,20.965203421456472,8.441091965959156,13.761394417430802,20.477120600495745
2386,2022-06-24,499.04998779296875,515.5499877929688,498.29998779296875,515.260009765625,503.397216796875,907800,0.061297610772357514,54.74987704550026,0.0011895035859116648,0.03456567562758097,478.36146763392856,16.37812046421444,511.11770856235745,445.60522670549966,0.0005810600830312967,-0.0015028554620687379,7.547475939884431,497.7016031520057,0.061297610772357514,29.0748291015625,38.764766940388,-19.17392832311043,0.34164300034354544,23.270034790039062,13.802308207672079,13.03687852320948,20.114899207416137
2387,2022-06-27,514.969970703125,517.0499877929688,505.6600036621094,508.0400085449219,496.34344482421875,696500,-0.014012338044972705,54.8621879159366,0.0011943887551283884,0.022117763712139995,478.73970685686385,16.81599532094925,512.3716974987624,445.10771621496536,0.017496125523095863,-0.01807866005915659,7.441718155628473,497.5205153749675,-0.014012338044972705,-7.05377197265625,35.16521725962622,-17.60350168958206,0.29692205159432455,21.90331813267299,13.927522253764806,14.68738629628446,19.7433241078719
2388,2022-06-28,508.04998779296875,511.4200134277344,489.5400085449219,490.4100036621094,479.11932373046875,847200,-0.03470202190309968,55.12559371114995,0.0012058853500026886,0.043066637946123996,481.8464922223772,13.98009995586821,509.80669213411363,453.8862923106408,0.04135421763692004,-0.0364333819364045,7.183475489195159,495.067023155701,-0.03470202190309968,-17.22412109375,30.91162516314479,-17.546504708517602,0.14874519137885034,22.07389395577567,11.843301355132068,14.84620183803213,19.515765489921385
2389,2022-06-29,491.1000061035156,493.70001220703125,482.0199890136719,484.6199951171875,473.462646484375,847400,-0.011806405974299494,52.382203839588826,0.0010888473329731085,0.023783390446338995,483.41942923409596,11.898782737405384,507.2169947089067,459.6218637592852,0.01848914065769699,-0.01848914065769699,7.098664461263291,492.18643959952425,-0.011806405974299494,-5.65667724609375,31.43546927995473,-17.753133695024246,0.1129744081671552,22.013229370117188,12.421053567424702,8.78389541606052,19.46806915331335
2390,2022-06-30,474.1499938964844,484.6300048828125,464.1300048828125,475.8800048828125,464.9238586425781,866400,-0.018034765583304968,52.47665012802762,0.0010927773050235798,0.04323526365894149,480.8416094098772,13.81335694562198,508.4683233011212,453.2148955186332,0.018454075951987222,-0.021132530091014665,6.970641711749869,488.5514288052648,-0.018034765583304968,-8.538787841796875,33.91206835264087,-18.393864453085598,0.041912362865423464,21.885369437081472,12.061282495206067,8.675923569845047,19.411641257817347
2391,2022-07-01,455.29998779296875,457.9599914550781,443.4599914550781,449.8299865722656,439.4736328125,1570200,-0.0547406319486039,54.71414916700454,0.0011879516345512792,0.03184713461181412,475.8632158551897,20.976857883323564,517.8169316218368,433.9095000885426,0.01785636964811281,-0.026004824632840616,6.589064379361384,482.00772267289614,-0.0547406319486039,-25.450225830078125,33.084817586690775,-20.716462241965132,-0.05416984428528359,22.29064723423549,12.095192750362727,8.700315899772653,19.355213362321344
2392,2022-07-05,419.19000244140625,433.04998779296875,412.6700134277344,432.3999938964844,422.44488525390625,2778300,-0.03874805286864391,53.53874464262262,0.0011374591975825206,0.0486175105478167,468.45214407784596,29.174324895159604,526.8007938681652,410.10349428752676,0.00155059493952323,-0.01555377985090002,6.333750964434991,474.06601101703086,-0.03874805286864391,-17.02874755859375,34.81280804296787,-23.65849493317495,0.0936470035139956,22.926415579659597,12.19740685480198,7.490830694230041,19.74401352806798
2393,2022-07-06,433.25,437.5899963378906,425.3500061035156,428.8800048828125,419.0059509277344,1464700,-0.008140551457037848,53.25546437068404,0.0011254541608480936,0.02825156430323139,456.396248953683,29.75792067533171,515.9120903043464,396.8804076030196,0.020103846405258224,-0.018234261734528273,6.282190738792945,466.72466967179133,-0.008140551457037848,-3.438934326171875,34.622005357123854,-25.968224766459286,0.06070069990465813,22.836519513811385,12.033331782476616,10.147746646117483,18.716452416640738
2394,2022-07-07,438.760009765625,452.79998779296875,438.6499938964844,451.8999938964844,441.49591064453125,1400900,0.05367455919659636,57.33433354979811,0.0013044546839680578,0.03224996257986903,448.5608869280134,24.185720287017105,496.93232750204766,400.1894463539792,0.002051221342995981,-0.000250742699179428,6.619384557486597,463.36083513482333,0.05367455919659636,22.489959716796875,37.36221516710025,-25.687837111237172,0.2761630992160682,22.94051252092634,12.35422961115225,10.125566011957924,18.265762298812163
2395,2022-07-08,444.6099853515625,455.29998779296875,440.6600036621094,452.95001220703125,442.5218200683594,739100,0.002323712177379811,57.08070774938135,0.0012929393639564617,0.032927699811517344,443.3326721191406,20.08733868602562,483.50734949119186,403.1579947470894,0.0052854764026033394,-0.008884149748300842,6.634766101989588,460.58229979262813,0.002323712177379811,1.025909423828125,45.66359735213028,-25.093582360530036,0.2859917031227752,21.972242082868302,13.033984369274338,10.233313702730019,17.91616102400736
2396,2022-07-11,449.55999755859375,450.1700134277344,437.9100036621094,439.05999755859375,428.9515686035156,745600,-0.030665722794748218,57.46623544743274,0.0013104635779761008,0.027271131400046514,436.9739467075893,15.475648150042037,467.9252430076734,406.0226504075052,0.024713088196181406,-0.02591421380850498,6.431306203897983,456.36486896741314,-0.030665722794748218,-13.57025146484375,40.679539587960335,-25.424558585968896,0.15598351383772818,21.330230712890625,13.125234926568785,10.304956843605984,17.566559749202554
2397,2022-07-12,440.57000732421875,444.45001220703125,431.8800048828125,434.489990234375,424.48675537109375,848000,-0.010408665124963634,56.23019953457161,0.0012546965633721179,0.028531237068456155,431.1972176688058,9.815907969305586,450.829033607417,411.56540173019465,0.022607126692867668,-0.019724453087908937,6.364364891305508,452.11445382123725,-0.010408665124963634,-4.464813232421875,32.133482580468794,-25.750299321466343,0.11320889869173174,19.909554617745535,13.325103171253607,10.461878502334935,17.263224902536027
2398,2022-07-13,430.4800109863281,451.94000244140625,429.29998779296875,447.010009765625,436.718505859375,1052500,0.0288153878383981,56.7508142946478,0.001278037667899048,0.0525924876199572,430.80362810407365,9.478163341821926,449.7599547877175,411.8473014204298,0.011452314973895093,-0.002741179992668352,6.54775653399356,450.06166075965564,0.0288153878383981,12.23175048828125,38.75809976191553,-24.73630641919874,0.2303937376674659,20.856214250837052,14.622092647204543,10.195264057109028,16.71746828128409
2399,2022-07-14,442.20001220703125,458.8800048828125,434.54998779296875,456.8999938964844,446.380859375,1075900,0.02212490056177363,54.89969733208687,0.0011960225266487085,0.055020389910013866,434.2230529785156,10.246525986357703,454.71610495123105,413.7300010058002,0.004477636661396369,-0.017299919047674917,6.6926249962108715,449.57088724170154,0.02212490056177363,9.662353515625,42.10294799538522,-22.889186270372875,0.3229627728141465,21.65924290248326,15.914990429281998,10.054070660562676,16.3970080310241
2400,2022-07-15,465.3900146484375,475.7799987792969,460.510009765625,475.6300048828125,464.67962646484375,1630500,0.04099361947433122,56.97292388936857,0.0012880611335332481,0.03281116597485885,440.74786376953125,13.089298118622494,466.9264600067762,414.5692675322863,0.0003222971953914452,-0.010485839251404927,6.966979918589938,451.58538580478717,0.04099361947433122,18.29876708984375,38.347556555816276,-19.721436228993298,0.49827194683075254,20.81435285295759,15.481477543981995,15.221574858926465,15.839330574591594
2401,2022-07-18,483.6099853515625,486.8299865722656,470.5,473.4800109863281,462.5791320800781,1039500,-0.004520306605102609,55.94113136832307,0.001241829436019039,0.03376685152684444,443.75975254603793,15.494744998088049,474.749242542214,412.77026254986185,0.027604838589576835,-0.027108591114040244,6.935487033246319,453.05121864149265,-0.004520306605102609,-2.100494384765625,39.526015292699846,-17.18239587707899,0.5054087964794304,21.42132350376674,15.277405030783708,15.553711320354896,15.824706811959922
2402,2022-07-19,484.8699951171875,500.9100036621094,484.04998779296875,498.3599853515625,486.88629150390625,1415000,0.05254702976877956,52.71940716047789,0.0011029110679969237,0.034772240062134085,450.0975341796875,22.426607295610534,494.95074877090855,405.24431958846645,0.0052591794423793225,-0.0016911900766731578,7.299926276843298,457.56256168981446,0.05254702976877956,24.307159423828125,52.30795933476275,-13.058275808270025,0.8410730540545776,22.596385410853795,17.90439814443116,15.22325560298918,15.190854033753045
2403,2022-07-20,492.8999938964844,516.760009765625,490.6000061035156,514.4199829101562,502.5765380859375,2294900,0.032225689767454435,53.603373543287994,0.0011402070060401851,0.05307365385685788,460.6153869628906,27.53855990367247,515.6925067702356,405.53826715554567,0.0047474678118178005,-0.00466623619689429,7.535171436366139,463.56442520929755,0.032225689767454435,15.69024658203125,58.16437260739528,-8.426671744303007,0.8637383785311513,23.688744681222097,20.850014845349165,14.952882903970227,14.955941043171961
2404,2022-07-21,530.0,543.239990234375,524.5999755859375,542.27001953125,529.7852172851562,2281900,0.05413837920656417,54.61638167282181,0.0011837099789806928,0.03516983895931604,475.6580243791853,32.77563757950311,541.2092995381915,410.10674922017904,0.0018301334021226415,-0.010188725309551887,7.9431134049746,472.3938641527454,0.05413837920656417,27.20867919921875,66.46492384793478,-2.531398746735306,0.8969535472220865,25.128991263253347,20.625962271019283,16.29545052186419,13.777629599744326
2405,2022-07-22,542.4099731445312,546.8499755859375,529.22998046875,534.260009765625,521.9597778320312,1459900,-0.01477096604021133,54.461678727527165,0.0011770136705636447,0.03248464443793045,487.8353489467076,31.714902247344728,551.265153441397,424.40554445201815,0.023211162116589183,-0.024298949739755785,7.825785946616173,479.0026526433168,-0.01477096604021133,-7.825439453125,72.99669135614239,1.4920011524970391,0.8145013804329458,24.85442897251674,20.483270273924152,17.119293092602575,12.2068502270698
2406,2022-07-25,535.4199829101562,543.6699829101562,532.1199951171875,538.969970703125,526.5613403320312,1194600,0.008815933133990983,54.44280308180569,0.0011761979394461395,0.02157182802590101,499.2897033691406,28.57102904410432,556.4317614573492,442.147645280932,0.008778178545905924,-0.006163363150983645,7.894777552242467,485.34381100181207,0.008815933133990983,4.6015625,81.18821891670814,4.994310889474036,0.8330153057623482,24.490613664899552,20.132123455584136,17.400396989240395,11.412357347501842
2407,2022-07-26,528.0499877929688,529.6400146484375,518.5399780273438,524.1699829101562,512.10205078125,1029500,-0.027459838851184415,51.597597493890405,0.0010564730425164782,0.021020806510170235,506.06433541434154,24.2996966760445,554.6637287664305,457.46494206225253,0.01035892787564247,-0.01800967708639275,7.677988232891941,488.9115763057371,-0.027459838851184415,-14.45928955078125,76.15989629935295,6.527922931322735,0.7043987374470323,24.20167977469308,15.463690439118555,18.509061537652308,11.703416725329973
2408,2022-07-27,533.6199951171875,549.8499755859375,532.5900268554688,546.1799926757812,533.6053466796875,1110900,0.04199025539076162,53.125650120634184,0.0011199740875952532,0.03234501871819537,516.2109375,16.781543465911184,549.7740244318223,482.64785056817766,0.006877521351781974,-0.0019301530511287536,8.000388919678336,494.8707456889305,0.04199025539076162,21.5032958984375,76.02696515425734,9.370441179013142,0.86524570260307,24.484100341796875,18.780751644954506,16.130567122035067,11.938450388039943
2409,2022-07-28,547.7999877929688,560.9400024414062,540.760009765625,560.7100219726562,547.8009033203125,1216800,0.026603100454213324,51.727032614538814,0.001061780120279985,0.0368382495901185,524.9130249023438,14.706166553613926,554.3253580095716,495.5006917951159,0.0004198256186104864,-0.01285136579813942,8.213224069781313,501.92810003978144,0.026603100454213324,14.195556640625,77.68758464301095,12.62310881244997,0.9001891700165524,25.390862601143972,20.784257769858424,15.955434319306224,12.028550416670406
2410,2022-07-29,561.4500122070312,576.9199829101562,559.5,574.4400024414062,561.2147827148438,1210700,0.024486778523415076,51.60075643600158,0.0010566024066537933,0.031026774479315067,533.2899169921875,16.458638752944754,566.207194498077,500.372639486298,0.00441709932287885,-0.0034731715462358826,8.41433946854123,509.8329910631231,0.024486778523415076,13.41387939453125,84.81283566787052,16.097695100176963,0.8936106170248482,26.595081874302455,20.19971997194406,19.131895316003284,11.341051595729912
2411,2022-08-01,573.239990234375,583.0499877929688,568.9400024414062,578.1500244140625,564.8392944335938,895500,0.00645833258563977,50.69555966203523,0.001019857051367846,0.0246144469889365,538.2976422991071,20.13645055306661,578.5705434052403,498.0247411929739,0.008547839408243047,-0.007501199962010076,8.468682071317545,517.1671648458525,0.00645833258563977,3.62451171875,87.1061556688185,18.925634635359984,0.8815564659552846,27.04770769391741,20.147680275224847,20.90404103123584,10.651404437973586
2412,2022-08-02,562.0800170898438,572.8499755859375,558.75,565.5999755859375,552.5781860351562,876600,-0.02170725110534777,46.516062685949066,0.0008586286062710885,0.02508535289857803,542.6717006138393,19.30432272974357,581.2803460733264,504.0630551543522,0.012898519391485765,-0.0059244537941142905,8.284850263064099,521.8886343377598,-0.02170725110534777,-12.2611083984375,80.62602288685129,19.947485913074047,0.7948026817655723,26.093902587890625,20.43807505781004,21.205337476657515,9.96175728021726
2413,2022-08-03,570.0,587.6699829101562,569.25,583.8599853515625,570.417724609375,825900,0.032284188961964944,43.26764166599253,0.0007428923870383858,0.03231575949150219,548.9368983677456,20.2956090292415,589.5281164262286,508.3456803092626,0.0066842062431469295,-0.0013157894736842105,8.552319934478446,528.3591797073085,0.032284188961964944,17.83953857421875,81.4288657108913,21.94385696092928,0.8643263452000562,26.862601143973215,22.966220765981138,20.866827217873144,9.051471524888697
2414,2022-08-04,583.1699829101562,592.75,581.0999755859375,588.4600219726562,576.2928466796875,680100,0.010299683577216667,42.503057849265176,0.000716869018467453,0.019977064587457193,558.1070120675223,14.573809211873561,587.2546304912694,528.9593936437752,0.007356308028639856,-0.0035495779701981978,8.640406123654696,534.7503353036257,0.010299683577216667,5.8751220703125,80.18108940821219,23.72656359422058,0.8653811589340491,26.357825142996653,22.65264385761946,20.424232392665708,8.893006355244072
2415,2022-08-05,571.6300048828125,579.5800170898438,565.97998046875,577.3099975585938,565.3733520507812,767900,-0.018947822607583875,41.75116946873948,0.0006917302190505568,0.02379167731736167,562.6452985491071,9.854535929517754,582.3543704081426,542.9362266900716,0.003971134320906348,-0.009884058509526259,8.476689241166206,538.8334042032465,-0.018947822607583875,-10.91949462890625,76.53097986964981,23.98181208473011,0.748144941354037,25.747087751116073,20.55155385761056,21.23903830311823,8.499244248905676
2416,2022-08-08,578.0,582.5599975585938,564.989990234375,572.75,560.907470703125,700600,-0.007898995117928909,42.20275776935553,0.0007067749060868641,0.03039793654709126,564.5176653180804,7.536521578372944,579.5907084748263,549.4446221613345,0.0169723141152141,-0.022508667414576123,8.409731914234033,541.7766130698969,-0.007898995117928909,-4.46588134765625,71.28469178903222,23.552243448880517,0.6882767381352638,24.264168875558035,20.527554659546063,21.116806178125707,7.993435739870584
2417,2022-08-09,551.0999755859375,552.2999877929688,533.739990234375,541.1099853515625,529.921875,1138500,-0.05524190231284143,45.99829663047294,0.0008396203543273725,0.033678095410656646,560.0472499302456,15.203411476106927,590.4540728824594,529.6404269780318,0.020304850185320508,-0.031500609908583485,7.945162325350732,540.195981327244,-0.05524190231284143,-30.985595703125,57.227372860466886,20.47549977839151,0.1533741221212692,24.070866176060267,19.943589748666774,20.516078325130813,7.487627230835492
2418,2022-08-10,558.719970703125,566.0900268554688,550.469970703125,566.0499877929688,554.34619140625,1074800,0.04609040984814983,46.91466707585235,0.0008734071376341525,0.027956860272394742,558.5482352120536,15.169439590644954,588.8871143933435,528.2093560307636,7.166212879345009e-05,-0.014765894245050397,8.311358113236226,542.0826760044448,0.04609040984814983,24.42431640625,56.58843527056812,19.77998510852524,0.4824983530135534,23.749773297991073,19.186787887399003,22.808977395043613,7.325160114438297
2419,2022-08-11,565.739990234375,574.3599853515625,561.1199951171875,562.4099731445312,550.7814331054688,833300,-0.0064305633483983105,47.02570814405485,0.000877546518432471,0.023402959774665975,558.2915562220982,15.301916677475637,588.8953895770494,527.6877228671469,0.021122799189218697,-0.008166286981539924,8.257911398377836,543.2425102845814,-0.0064305633483983105,-3.56475830078125,57.91221554903652,18.725285088385135,0.43446227640257035,23.920758928571427,18.05835496938462,25.107106690214685,7.253349595349954
2420,2022-08-12,562.6199951171875,577.989990234375,562.1199951171875,575.9600219726562,564.0513305664062,811600,0.024092855465584373,47.08648856658135,0.000879816430766189,0.028207307338733945,557.3820713588169,14.635760006182483,586.6535913711818,528.110551346452,0.003608062776538772,-0.0008886993074177102,8.456868064146555,546.0170196554914,0.024092855465584373,13.2698974609375,59.824305269434404,18.744126920334338,0.6132777127573391,24.31349836077009,17.34930957331405,24.973303878141383,7.036451589070248
2421,2022-08-15,569.1099853515625,577.6199951171875,567.8900146484375,574.9400024414062,563.0523071289062,783100,-0.001771156955691966,46.04410754933125,0.0008412935873072947,0.017096836673388172,555.4905657087054,12.481469069735102,580.4535038481756,530.5276275692352,0.004709094454081154,-0.0021436466316284613,8.441889623451372,548.2883913186133,-0.001771156955691966,-0.9990234375,64.36497335635576,18.46558657803996,0.5063546188801221,24.48982892717634,17.873140468184012,21.876524078187163,7.475736632732326
2422,2022-08-16,566.4000244140625,572.3400268554688,559.010009765625,566.6799926757812,554.9630737304688,697000,-0.014366752957084561,46.54775572876199,0.0008597990330890851,0.023534633678085688,554.0033830915179,11.703626345271742,577.4106357820614,530.5961304009744,0.009992997767863396,-0.013047341684143511,8.32060708074027,549.1783489735274,-0.014366752957084561,-8.0892333984375,56.514365392742185,17.391627958098752,0.3596522620549844,22.745692661830358,16.035356839279917,22.25084750017198,8.206121860823323
2423,2022-08-17,559.0999755859375,565.989990234375,551.9099731445312,557.280029296875,545.757568359375,667700,-0.01658759980049529,44.53755875702531,0.0007871405317601117,0.025183362018729966,551.839111328125,11.614558011146626,575.0682273504183,528.6099953058317,0.01557853929142449,-0.012859958424915182,8.182588180387784,548.7222448916405,-0.01658759980049529,-9.20550537109375,49.357190640075146,15.617669887708985,0.20365321362818312,21.798932756696427,13.960727573634246,23.349307532744106,9.018994186524196
2424,2022-08-18,557.280029296875,565.9299926757812,555.2999877929688,561.2999877929688,549.6943359375,580600,0.007213399880022786,43.500058755315806,0.0007508948856015583,0.019074799605190353,554.6637486049107,6.8040738992812075,568.2718964034731,541.0556008063483,0.008308219637179924,-0.0035530458652977127,8.241612460986468,548.8518570310885,0.007213399880022786,3.936767578125,46.145996042903256,14.363881691923893,0.2703667694089903,21.159885951450892,10.95042252000108,24.523721491830415,10.056680407808049
2425,2022-08-19,557.1900024414062,558.8499755859375,544.4299926757812,545.260009765625,533.9860229492188,794400,-0.028576450513158047,41.0044492008423,0.0006672082755017686,0.02587983066274174,551.7551531110491,10.37641983256986,572.5079927761889,531.0023134459094,0.02439018245260352,-0.022900643783476417,8.006096430346462,546.8697458201725,-0.028576450513158047,-15.70831298828125,40.45053813248419,11.964793246680415,0.0041693386566268795,20.63022722516741,11.581617797282275,18.469541292176554,10.58961661576898
2426,2022-08-22,529.2899780273438,530.8499755859375,518.6099853515625,520.0700073242188,509.3168029785156,795800,-0.046198250348303826,43.84477039358109,0.000762842813835653,0.023125301332916355,545.8316345214844,19.150585087694726,584.1328046968738,507.5304643460949,0.020366847492362387,-0.0201779612672536,7.636228783144654,541.8626867746183,-0.046198250348303826,-24.669219970703125,37.565185477188834,7.980899643807561,-0.12534637897111245,20.72137451171875,11.638982037694854,17.539050085608885,11.126511247591425
2427,2022-08-23,520.0,529.3499755859375,519.4600219726562,525.75,514.8795166015625,592900,0.010921912629851871,43.909004263695245,0.0007650796251703203,0.019019141564002404,538.8070896693638,20.33525724085038,579.4776041510645,498.136575187663,0.006923029972956731,-0.0010384192833533654,7.71963100673572,538.2649307515442,0.010921912629851871,5.562713623046875,32.82420947284851,5.212414293608276,-0.050316536457261404,19.645758492606028,11.6822258983133,17.152262041183413,11.683281336728431
2428,2022-08-24,522.8599853515625,530.5800170898438,521.719970703125,525.4400024414062,514.5758666992188,485200,-0.0005897494317660401,42.81889408479982,0.000727562575652899,0.016945351786217488,531.8818838936942,18.90656144495015,569.6950067835945,494.0687610037939,0.00983057566545552,-0.0021803440316263117,7.715078358736054,535.1063888779008,-0.0005897494317660401,-0.30364990234375,30.23214214498357,2.959749547896422,-0.06308237501634444,19.17206028529576,11.564359181718599,17.47484157415022,12.225629106497443
2429,2022-08-25,522.3599853515625,540.219970703125,521.760009765625,539.739990234375,528.5802001953125,758300,0.027215293997220336,41.29723203696844,0.0006767703864742907,0.035339538737975774,528.1129019601004,15.93461437292328,559.982130705947,496.2436732142539,0.0009188691366299049,-0.0011485864207873811,7.9250464844806485,534.236230386889,0.027215293997220336,14.00433349609375,38.443578528278216,2.27826674056962,0.15590637905544893,20.03235081263951,9.498357431511174,17.95136462682814,13.330549072464297
2430,2022-08-26,539.5499877929688,539.72998046875,508.7699890136719,509.94000244140625,499.39630126953125,1229700,-0.05521186551255175,44.244951857673485,0.0007768316527332714,0.057381136420223244,521.4898638044085,16.979046269250976,555.4479563429105,487.53177126590657,0.0552126377561415,-0.057047538644570406,7.487489883798782,529.5909065045747,-0.05521186551255175,-29.18389892578125,33.27657629791686,-0.6096820027324839,-0.1354187746147718,20.988778250558035,6.94314017614203,17.805932241880697,14.794757250536366
2431,2022-08-29,506.32000732421875,511.3500061035156,499.3999938964844,499.8800048828125,489.5443115234375,754100,-0.019727798786352002,43.29617144593437,0.0007438724055062469,0.02360169859805508,512.8970031738281,15.480597311871515,543.8581977975712,481.9358085500851,0.022653659849073245,-0.013667272332975752,7.339778189956354,524.2513605070898,-0.019727798786352002,-9.85198974609375,37.59701869185862,-3.6512856759170518,-0.1254063218259135,19.90207999093192,7.220096789436206,14.161360688618949,16.21137699856867
2432,2022-08-30,506.54998779296875,507.6499938964844,487.4599914550781,493.0199890136719,482.8261413574219,1006400,-0.013723313718239316,43.12105039587401,0.0007378670584299626,0.0398578677878837,505.5884486607143,15.934755256934046,537.4579591745824,473.7189381468462,0.028881660715372293,-0.03768630302621361,7.239052111233292,518.7279979538007,-0.013723313718239316,-6.718170166015625,25.349384704677817,-6.5286208100211525,-0.05118579653307093,18.76078360421317,7.247806276766819,12.013603750093703,17.301865840024426
2433,2022-08-31,500.8500061035156,501.5799865722656,486.70001220703125,489.94000244140625,479.8098449707031,936000,-0.0062471687598328884,42.791979336187396,0.000726648212503448,0.029709442315867685,501.3731689453125,18.48311955688355,538.3394080590796,464.4069298315454,0.023240459197386182,-0.028251959117596287,7.193828531033193,513.5389108893877,-0.0062471687598328884,-3.01629638671875,25.445587770417205,-8.949159207362072,-0.07547561501509331,18.670787266322545,7.169967239003439,11.88458162667197,18.392354681480185
2434,2022-09-01,477.9200134277344,479.0199890136719,460.8900146484375,469.9200134277344,460.2037658691406,1665500,-0.04086218594109847,41.96445642715484,0.0006988157155661021,0.03793516457953436,493.5623474121094,22.858951721357688,539.2802508548248,447.844443969394,0.01904079203687396,-0.03563357528627949,6.899872971969736,506.4275582200214,-0.04086218594109847,-19.6060791015625,15.58038146367258,-12.3076254104476,-0.005878941952539707,18.0787353515625,3.895348973311843,12.345306192200143,20.641884924024048
2435,2022-09-02,479.8599853515625,486.8999938964844,466.010009765625,467.19000244140625,457.5301513671875,1145400,-0.005809631950542071,41.357183017477695,0.0006787367409290259,0.04353349887166488,485.41295950753346,24.245458472503262,533.90387645254,436.92204256252694,0.04107446350342774,-0.028862534924204014,6.859787249497099,499.9079039729769,-0.005809631950542071,-2.673614501953125,15.409327872053666,-15.011924300081319,-0.030146818423031362,19.01641845703125,5.724418504809601,9.406293479379887,21.55429833699777
2436,2022-09-06,469.3599853515625,477.8900146484375,462.29998779296875,469.9200134277344,460.2037658691406,996900,0.005843581005456899,41.61772241841988,0.000687315404482797,0.033215500558257914,475.6448974609375,16.488587272865633,508.62207200666876,442.66772291520624,0.016980572416571457,-0.015041754258845975,6.899872971969736,494.6140188924654,0.005843581005456899,2.673614501953125,17.79395544613709,-16.746321141660417,-0.0065294856204390584,19.518550327845983,5.6340675646326295,9.257829935226287,22.634713358742108
2437,2022-09-07,468.8900146484375,480.9700012207031,465.6000061035156,476.67999267578125,466.8240051269531,745400,0.014385452160109002,42.42853015290698,0.0007143572106889431,0.03277953173882697,470.99171229771207,12.86698031834072,496.7256729343935,445.2577516610306,0.009149285356691635,-0.007016589055300409,6.999130764518836,490.90868372373046,0.014385452160109002,6.6202392578125,22.692809828200325,-17.38622754521839,0.05649268583215909,19.996137346540177,4.901695487785333,9.954061236501879,24.18683334877026
2438,2022-09-08,465.45001220703125,483.3900146484375,464.1700134277344,482.75,472.76849365234375,943300,0.012733896415146884,39.390359783264906,0.0006157144618472432,0.04129337354524358,468.5951668875558,10.100405104966175,488.79597709748816,448.3943566776235,0.0013750448633629486,-0.002750024160978073,7.088256970670287,488.48999171421224,0.012733896415146884,5.944488525390625,23.75200761728317,-17.215240856006517,0.12125851103069454,19.928107125418528,5.565058332737083,10.140845496659953,25.506796416390348
2439,2022-09-09,495.5199890136719,503.17999267578125,495.29998779296875,501.0,490.6412048339844,1012800,0.037804361799929076,38.11691634836807,0.0005765473459954322,0.015902496483537587,469.7116045270647,12.157927615754664,494.027459758574,445.3957492955554,0.004399404109046148,-0.00044398051659033064,7.356224001720375,488.7768201301819,0.037804361799929076,17.872711181640625,35.425514121209574,-15.459348502606986,0.37503096768435584,21.070358276367188,5.641740380495939,13.727379542307702,27.083933077495345
2440,2022-09-12,506.7699890136719,511.0,499.6600036621094,504.92999267578125,494.4898681640625,1041400,0.007844150251058446,38.39363306775038,0.0005849488333893077,0.02237700847274263,471.80875069754467,15.100181885461582,502.0091144684678,441.6083869266215,0.011977835025378724,-0.014030004747125393,7.413927328070312,489.5385598680326,0.007844150251058446,3.848663330078125,44.20281468036246,-13.600458575434686,0.4235455959721237,21.42626953125,7.5073479662537315,11.168952497870604,27.23993354244907
2441,2022-09-13,484.0,488.4200134277344,468.6099853515625,471.1000061035156,461.359375,1188200,-0.06699933668422586,42.49317890197244,0.0007165358147599347,0.04092981007473528,471.97383771623885,14.957807110774931,501.8894519377887,442.058223494689,0.03578513909962552,-0.03179755092652376,6.917199114864546,485.7813352189616,-0.06699933668422586,-33.1304931640625,32.78522135457567,-14.631960696003432,0.005916558824751374,21.84389168875558,6.660346832795266,11.204557309475828,27.593387169743522
2442,2022-09-14,476.9700012207031,481.5299987792969,471.1000061035156,478.1000061035156,468.2146911621094,663700,0.014858950600298071,43.24225095967228,0.0007420207412933644,0.02186718797636729,473.5002005440848,13.733284290783946,500.9667691256527,446.0336319625169,0.007191212585703324,-0.012306843411880198,7.019981434804745,483.4391160113813,0.014858950600298071,6.855316162109375,35.69098711799553,-14.726508809488678,0.09233178584672957,22.16318620954241,6.556493089704995,10.255159611254687,28.16144059525431
2443,2022-09-15,472.5400085449219,478.3599853515625,462.8999938964844,465.6499938964844,456.0220642089844,853500,-0.026040675748261743,43.63306134307084,0.0007554936675270569,0.03271678836821375,472.90281459263394,14.478780849501298,501.86037629163656,443.94525289363133,0.026897175319007625,-0.020400420015485473,6.837176374502177,479.7835091043951,-0.026040675748261743,-12.192626953125,27.352222222433895,-15.605392714497214,-0.06174470509725837,21.43574959891183,6.5236745589034735,10.203827402561453,28.43602771445752
2444,2022-09-16,462.0299987792969,472.19000244140625,459.9100036621094,467.25,457.5889892578125,914000,0.003436072882890162,43.7421003605365,0.0007592743428377964,0.026578358140686015,471.5835266113281,15.509073934041192,502.6016744794105,440.56537874324573,0.010691951722740838,-0.004588436081615086,6.860669410838141,476.8242397915174,0.003436072882890162,1.566925048828125,34.232132177618624,-15.991140867352385,-0.04512080665121803,20.379174368722097,6.49182130529257,10.154005005824619,28.28540516987914
2445,2022-09-19,459.6499938964844,472.989990234375,459.6499938964844,471.1099853515625,461.3691711425781,646500,0.008261085763660692,43.789453669092524,0.0007609191478720638,0.0290220744371311,469.9550519670759,15.955947944440625,501.86694785595716,438.04315607819467,0.004090079207606575,0.0,6.917345989237198,474.76356397165887,0.008261085763660692,3.780181884765625,38.86352983125029,-15.809577009210898,0.033479591854927715,20.625409807477677,6.75426846963714,9.466865217537846,27.2596954504628
2446,2022-09-20,458.95001220703125,466.5299987792969,457.3599853515625,461.9599914550781,452.40838623046875,906700,-0.01942215794331914,43.35850692851334,0.0007460159218531505,0.019980418746775856,464.4932207380022,14.134479145273572,492.7621790285493,436.2242624474551,0.009957527405309733,-0.003464488099308499,6.782996202885648,471.78287360616685,-0.01942215794331914,-8.960784912109375,38.18654872601674,-16.201980452268742,-0.09231166608635494,19.838267735072545,6.8391829225086544,9.585882352253366,26.964550240836804
2447,2022-09-21,461.54998779296875,476.1700134277344,454.8599853515625,454.9200134277344,445.5139465332031,783900,-0.015239416215758195,41.14699186264145,0.0006718551346604291,0.046170574455156585,457.4966605050223,7.262368887290522,472.0213982796034,442.97192273044124,0.04604051687145061,-0.014494643306993422,6.679627300559966,468.28034999643836,-0.015239416215758195,-6.894439697265625,37.069879223084534,-16.87476488689913,-0.16647731349709394,20.195966448102677,8.967577045486703,9.397179849517947,26.113043254092457
2448,2022-09-22,450.70001220703125,452.19000244140625,439.1000061035156,441.0400085449219,431.9208984375,952900,-0.03051093731515775,41.49832498656414,0.0006833773717025767,0.02904370087276073,453.2911638532366,11.774602884867557,476.8403696229717,429.74195808350146,0.024739280218529416,-0.025737754136529966,6.475825610703965,463.43242312191325,-0.03051093731515775,-13.593048095703125,38.83046176563389,-18.29391590301151,-0.09984851565288735,19.779549734933035,9.116164556872604,9.35003019817768,25.269995103773947
2449,2022-09-23,433.6000061035156,436.94000244140625,427.3500061035156,436.1400146484375,427.12225341796875,1362300,-0.011110008885633071,41.4215710557708,0.0006808518050509003,0.022117149914433244,447.42081560407365,13.245885679731817,473.9125869635373,420.92904424461,0.0018449902714663816,-0.014414206439166665,6.403879130627234,458.59106716138734,-0.011110008885633071,-4.79864501953125,38.18947271599718,-19.58010657641819,-0.002722686218348271,18.55767604282924,9.251066387243498,8.94109054853795,24.38192068714133
2450,2022-09-26,434.0899963378906,440.7699890136719,429.1199951171875,430.80999755859375,421.90240478515625,1164000,-0.012220970907138695,39.337338195698585,0.0006140580064772884,0.026837738705722567,442.5465785435268,15.618479596009418,473.7835377355456,411.30961935150793,0.02294453117810479,-0.011449241545834965,6.325617510079006,453.69924551122324,-0.012220970907138695,-5.2198486328125,35.412163150136536,-20.781068885819593,-0.06512375033883087,18.078238351004465,8.078744766466722,9.208620881916724,23.22674639021281
2451,2022-09-27,438.8500061035156,442.510009765625,426.5,433.2900085449219,424.3311462402344,876400,0.005756642833820491,36.12020827546776,0.0005177259705806228,0.03648173531493257,437.7954581124442,15.335890723994051,468.4672395604323,407.12367666445607,0.02100945902351957,-0.02814174759428513,6.362031830787892,449.78349894175807,0.005756642833820491,2.428741455078125,33.28196919400325,-21.2914267171584,-0.025666908399593194,18.066907610212052,8.738375898002314,9.452699116952672,21.32365422598184
2452,2022-09-28,426.1400146484375,443.4200134277344,423.1700134277344,441.2300109863281,432.1069641113281,957100,0.018324881263114934,36.89093843980207,0.0005400560868925659,0.047519592865988204,433.6151428222656,11.294917974367786,456.2049787710012,411.02530687353004,0.005139161698328157,-0.006969543151570394,6.478615308679237,447.4266276310341,0.018324881263114934,7.77581787109375,34.22972247137044,-20.828349213907472,0.10175284128320476,18.140478951590403,8.784767190188475,9.256089071212886,19.90215819092612
2453,2022-09-29,425.6099853515625,428.7099914550781,419.2300109863281,427.7799987792969,418.9350891113281,1141800,-0.03048290375761309,37.797972224970515,0.0005669391683808106,0.022273867613607192,428.833243233817,8.82895865626393,446.4911605463448,411.17532592128913,0.002185081900776029,-0.014990189574533564,6.281128301742169,443.62775582840663,-0.03048290375761309,-13.171875,21.136848963579595,-21.278926962484036,-0.003213707206133179,16.888011387416295,8.948837808160116,9.428962434961283,18.848339203083455
2454,2022-09-30,414.0,428.04998779296875,413.95001220703125,415.3500061035156,406.7620849609375,1084700,-0.029057017344173208,38.59906857448902,0.000591225434451629,0.034057912043327296,423.2972630092076,8.77556922500853,440.84840145922465,405.74612455919055,0.030676284274041364,-0.00012074346127717391,6.098617447737469,438.71233304607745,-0.029057017344173208,-12.173004150390625,16.90560351893842,-22.36051468105825,-0.09652111089391874,16.440952845982142,9.056478286346511,9.542378059096892,17.79452021524079
2455,2022-10-03,423.6000061035156,435.510009765625,421.0199890136719,431.67999267578125,422.75445556640625,1452400,0.03931627650842762,39.85228250368573,0.0006302398495053871,0.03420684736348229,421.9877711704799,7.916100272308749,437.8199717150974,406.1555706258624,0.00904158884480234,-0.006090691814610759,6.338392377631837,436.58461604878795,0.03931627650842762,15.99237060546875,33.273957265097394,-21.677347122455785,0.1302818157556173,16.64581298828125,10.712485738654614,9.305989395835871,15.651488508117021
2456,2022-10-04,461.2099914550781,467.7699890136719,455.7799987792969,465.1099853515625,455.4931945800781,1954600,0.07744149962845115,48.74692857681481,0.0009429615260607477,0.025996813721549276,426.040762765067,15.040230300617434,456.1212233663018,395.9603021638321,0.005767445873662213,-0.011773363058874954,6.82924698858919,439.10575985296,0.07744149962845115,32.738739013671875,45.4979961958609,-18.283429289155777,0.6449805883294971,18.42044939313616,8.341113092988085,17.270081172971828,16.152905233575588
2457,2022-10-05,456.94000244140625,474.75,453.04998779296875,469.2900085449219,459.58685302734375,1193800,0.00898730979074136,48.80463783362776,0.0009451955055839563,0.04748985007022636,431.42425537109375,19.419025814969306,470.26230700103235,392.58620374115515,0.011949033627841029,-0.008513184723712867,6.890623546913129,441.83657227621114,0.00898730979074136,4.093658447265625,51.33825370213415,-15.089459038906341,0.7334754086299707,18.866165161132812,9.990569741659879,17.214497957656842,16.258611281618677
2458,2022-10-06,465.2900085449219,474.17999267578125,461.489990234375,462.1400146484375,452.584716796875,926100,-0.015235719177659202,48.81259180123587,0.0009455036183944757,0.02727331816363532,435.4604797363281,20.5993792881357,476.65923831259954,394.2617211600567,0.0258762874900232,-0.00816698884730081,6.785639941593394,443.26965821229965,-0.015235719177659202,-7.00213623046875,48.195010223652304,-12.973676017478681,0.6209370593356468,18.753679547991073,10.140910305884566,18.72652756485837,16.055375451654893
2459,2022-10-07,446.5,448.7200012207031,432.739990234375,434.260009765625,425.2810974121094,1412400,-0.060328195742013535,52.62972590438228,0.001099161924115241,0.035789498289648655,434.48535592215404,20.943273600464746,476.37190312308354,392.59880872122454,0.0323851992274986,-0.030817491076427773,6.376274526962122,440.87118343894093,-0.060328195742013535,-27.303619384765625,38.87178481464361,-13.346229600985566,0.18211322698122692,19.071088518415177,9.536456937487706,18.698052258677542,16.21318655882823
2460,2022-10-10,433.9100036621094,434.07000732421875,416.3599853515625,421.8900146484375,413.1668395996094,1383700,-0.028485295693170487,50.896167177414256,0.001027944378314008,0.04081496582975129,433.6613202776228,21.75484372013909,477.171007717901,390.1516328373446,0.0280703200502055,-0.04044621733177019,6.194644461640776,437.17727092703007,-0.028485295693170487,-12.1142578125,38.13021814410889,-14.452402067682044,-0.012587151913479578,19.68108912876674,9.840686670908973,11.47577034095165,14.59059238851516
2461,2022-10-11,412.5299987792969,412.6499938964844,394.010009765625,399.55999755859375,391.2985534667969,2044200,-0.052928463847690566,52.8785622157965,0.0011095802944483572,0.04518455430154486,431.4522443498884,25.41821652473724,482.2886773993629,380.61581130041395,0.03173101683907783,-0.04489367820152165,5.866771446203526,431.06010859899897,-0.052928463847690566,-21.8682861328125,34.9630621510626,-16.898840334888746,-0.03358256907088062,19.35217503138951,7.900419620849728,11.510519736326188,14.542623628031533
2462,2022-10-12,403.80999755859375,404.92999267578125,397.510009765625,398.3299865722656,390.09393310546875,1277100,-0.003078519842855343,48.75712062624216,0.0009433558776833049,0.018374936120989907,426.7864554268973,29.885854131850166,486.55816369059767,367.01474716319694,0.01634433556231591,-0.015601366561150104,5.848710473892891,425.59795186652826,-0.003078519842855343,-1.204620361328125,37.54301729271537,-18.719081167536785,-0.048502317733610315,19.39084952218192,8.151965198388053,12.78682537150286,14.385421630864885
2463,2022-10-13,364.9100036621094,410.7300109863281,363.1499938964844,405.3999938964844,397.0177917480469,2782200,0.01774920872892971,48.93417217909434,0.0009502195265290678,0.1303883604514738,418.43282645089283,28.672287166285887,475.7774007834646,361.08825211832107,0.014606387976086047,-0.004823133780828578,5.9525204568890935,421.78726385073077,0.01774920872892971,6.923858642578125,41.146310794546324,-19.379542313735897,0.3034748745456887,22.104422433035715,9.017190305465716,11.332135742200663,13.879489143514176
2464,2022-10-14,404.3800048828125,405.6199951171875,378.6000061035156,379.1300048828125,371.2909851074219,1727900,-0.06480013534746476,52.50854302089504,0.0010941059881655496,0.06681831121076856,405.81913103376115,26.918278874339116,459.65568878243937,351.98257328508294,0.06550766584527759,-0.06375191272567446,5.566796325624128,415.05442668495624,-0.06480013534746476,-25.726806640625,36.71740334239592,-21.728429014269523,0.07294794592919868,23.059583391462052,8.771148458657372,14.66970241537375,14.030105984458535
2465,2022-10-17,394.4599914550781,399.6000061035156,388.8299865722656,392.2200012207031,384.1103515625,1417900,0.03452646837458029,54.51881032653701,0.001179484396595602,0.027303198713567154,396.0370788574219,18.083112316193052,432.203303489808,359.87085422503577,0.018709134114182905,-0.014272689258154222,5.758998142908519,410.9285500019621,0.03452646837458029,12.819366455078125,39.99026637889092,-22.298479914119923,0.18781681469240827,23.609684535435267,8.526792401143075,16.60840153690254,14.513532224413623
2466,2022-10-18,407.3800048828125,409.1700134277344,393.19000244140625,398.989990234375,390.74029541015625,1324800,0.017260518548085635,54.939123013641186,0.001197740967265079,0.0392263017202451,391.10267857142856,12.678057531444393,416.4587936343173,365.7465635085398,0.024989010435816,-0.034832348842177875,5.858401437172582,408.23678272305466,0.017260518548085635,6.62994384765625,39.646039708705665,-21.96210284878657,0.24722491043665565,23.953231811523438,10.31065761470273,16.248292617627325,14.781809757053495
2467,2022-10-19,415.8900146484375,431.8500061035156,410.3900146484375,424.0199890136719,415.2528076171875,2435200,0.06273351506094538,59.81236961688282,0.0014196506187248439,0.05160016037706221,391.40067400251115,13.292722186309204,417.98611837512954,364.81522962989277,0.018827134131755158,-0.013224650283198771,6.2259195519645125,409.172252708939,0.06273351506094538,24.51251220703125,49.12784793309769,-19.49286511044272,0.46687106515365845,25.969857352120535,14.371554560723151,15.161230481197757,14.112823421783585
2468,2022-10-20,431.25,448.9200134277344,428.7799987792969,437.2699890136719,428.2288513183594,2090900,0.031248539355173355,60.8123866013473,0.0014675183984729063,0.046701483242753625,396.67643083844865,19.242521158425077,435.16147315529884,358.19138852159847,0.02701454936594203,-0.0057275390625,6.420470444106219,411.71313252352843,0.031248539355173355,12.976043701171875,55.06515722140062,-16.301010232610395,0.5831438518158368,27.367516653878347,12.101201571233432,18.626840326320764,15.012703222629305
2469,2022-10-21,440.4800109863281,462.8800048828125,437.70001220703125,462.2300109863281,452.67279052734375,2756600,0.05708148606459007,63.020052946525816,0.0015760028068979829,0.05716489295257215,405.6162676130022,28.14979566032577,461.91585893365374,349.3166762923507,0.001475649019870166,-0.006311293838446535,6.786960438289581,417.17442025737046,0.05708148606459007,24.443939208984375,56.78858124798149,-11.66455886455941,0.8021755531789279,27.789175851004465,14.331803182419641,17.837606737141883,15.47134555343623
2470,2022-10-24,470.42999267578125,476.0899963378906,459.6000061035156,472.9700012207031,463.1907043457031,2389300,0.023235135927004658,63.17499475143363,0.0015837618896205024,0.03505301637036533,415.06954084123885,35.04710479983195,485.16375044090273,344.97533124157496,0.006632219811158575,-0.02302146279123324,6.944656386604443,423.3099248024815,0.023235135927004658,10.517913818359375,51.942471927833616,-7.060046190524304,0.8857863315623735,26.24643816266741,13.952674784433963,21.555552882821733,16.409807331367933
2471,2022-10-25,478.489990234375,495.75,478.3500061035156,486.010009765625,475.9610900878906,2047200,0.02757047069894636,63.341925735932314,0.0015921426809271289,0.03636438431650675,430.0224129813058,35.580653591431854,501.18372016416953,358.8611057984421,0.020355682319716108,-0.00029255393783850664,7.1361238320255715,430.33008017386936,0.02757047069894636,12.7703857421875,53.95869273592489,-2.3533454187209486,0.8507623755562956,27.022101266043528,16.38826707608645,20.802887545392583,16.66381841607003
2472,2022-10-26,475.95001220703125,496.20001220703125,474.25,484.0899963378906,474.08074951171875,1879400,-0.003950618265507022,63.44576261279609,0.001597366981555267,0.04611831420120506,442.87532697405135,32.33351024177438,507.5423474576001,378.2083064905026,0.025443881833273167,-0.0035718293170077064,7.1079317308698515,436.1635027522493,-0.003950618265507022,-1.880340576171875,55.328928255843515,1.21106072882327,0.8337522762027376,27.547592163085938,16.110155592202517,20.75145379391593,17.0764072352704
2473,2022-10-27,482.1000061035156,489.6000061035156,473.989990234375,474.4100036621094,464.6009216308594,1075700,-0.01999623036924225,63.89901586466162,0.0016202715192350306,0.03237920695190547,453.42684500558033,23.264183934987415,499.95521287555516,406.8984771356055,0.03150799056025044,-0.01682226875433654,6.965799890530531,439.95515860273065,-0.01999623036924225,-9.479827880859375,60.69239948945974,3.233659780091898,0.7625021704061876,27.245112827845983,16.079969445563627,20.930321814249595,17.57606867726998
2474,2022-10-28,469.8599853515625,489.8699951171875,468.8900146484375,489.17999267578125,479.06549072265625,1436100,0.03113331984151646,63.243108765597114,0.0015871788914036291,0.04465155817227591,462.5429425920759,17.633745594718185,497.8104337815123,427.27545140263953,0.0014685277804407427,-0.0020643824402268277,7.182668366474418,445.1698695520541,0.03113331984151646,14.464569091796875,67.69391372180127,5.9353350921967944,0.8712174436204738,27.785045078822545,15.76715775021249,20.459339171274767,18.06844113136095
2475,2022-10-31,479.0400085449219,480.8800048828125,471.6499938964844,472.4200134277344,462.652099609375,1063600,-0.03426126788744921,63.64308646693153,0.0016073184345386203,0.019267724661170098,467.4605494907924,9.300259442948223,486.06106837668887,448.86003060489594,0.017660302488669465,-0.015426717010306882,6.936581041423931,447.5008335596969,-0.03426126788744921,-16.41339111328125,69.73671082085048,6.675062782476516,0.7478548817681981,27.07598658970424,15.907833818997313,21.147525612883456,18.617376732729866
2476,2022-11-01,483.3800048828125,483.6700134277344,472.8599853515625,475.3800048828125,465.5509033203125,760700,0.006265623161302081,62.543289309074076,0.0015522472371422773,0.02236341587772665,469.30027988978793,6.834296257179293,482.9688724041465,455.63168737542935,0.017150085773472674,-0.021763456131786842,6.980043044257326,449.907509527779,0.006265623161302081,2.8988037109375,70.67793497462858,7.409796023511433,0.7696422046693608,27.603591918945312,15.268487339817336,21.45131673136339,19.084608595087527
2477,2022-11-02,470.04998779296875,477.0,446.260009765625,446.3299865722656,437.10150146484375,1887400,-0.06110911106082584,60.81000872749943,0.0014674036354914907,0.06539727908239895,465.573250906808,14.03830970021721,493.64987030724245,437.4966315063736,0.06524840809323207,-0.050611591628892734,6.55349881865646,448.20004178605427,-0.06110911106082584,-28.44940185546875,59.82524558569613,5.6315316509685545,0.4974616694308083,26.400732857840403,15.684590711950571,15.400129742678963,17.46801709610486
2478,2022-11-03,440.79998779296875,446.760009765625,437.1199951171875,439.9200134277344,432.1213684082031,1615700,-0.011393539120663876,60.78726685476947,0.0014663062744733944,0.021869362330756554,459.3104335239955,17.88391225044826,495.0782580248921,423.542609023099,0.01551723350115694,-0.008348440965723524,6.478831273488874,446.0562186690075,-0.011393539120663876,-4.980133056640625,66.59886521250783,3.7768520081220913,0.40319802086291084,25.160627092633927,14.68976848116438,15.762470849280053,16.371300937840257
2479,2022-11-04,462.3500061035156,469.6099853515625,454.3299865722656,468.760009765625,460.4501647949219,1587800,0.06555749948463085,64.91176277022142,0.0016720384706101197,0.033048553212035287,457.3632071358817,16.711277744072202,490.78576262402606,423.9406516477373,0.001838381258174351,-0.017346208338655016,6.903567251361631,447.9754114857961,0.06555749948463085,28.32879638671875,69.20537077184845,4.540561378529048,0.6529478300851566,25.816312517438615,18.334316187157288,13.508994767701758,15.676624733610337
2480,2022-11-07,474.8299865722656,485.44000244140625,469.6099853515625,483.3900146484375,474.8208312988281,1429400,0.03121003661776678,61.56327582602806,0.0015039829089014327,0.03333828430701804,458.8231942313058,17.856203483707503,494.5356011987208,423.1107872638908,0.004317309038899035,-0.01099341104883796,7.119027838069843,451.5548007942004,0.03121003661776678,14.37066650390625,70.35979212424424,6.233542841370024,0.7508544281963794,25.811325073242188,21.09200275447972,13.380239689031653,15.196754092385182
2481,2022-11-08,498.25,505.989990234375,491.05999755859375,503.5899963378906,494.6627197265625,2316100,0.04178815906930344,61.419106822063796,0.001496947096357176,0.029964862369857,461.0513698032924,21.42051848475224,503.8924067727969,418.2103328337879,0.004816846756616909,-0.014430511673670347,7.416518905785905,457.30252331851534,0.04178815906930344,19.841888427734375,69.67382971098318,9.07174400060751,0.8532926853851179,25.101285661969865,20.578921206537306,16.931602768268693,15.29451271318372
2482,2022-11-09,494.510009765625,504.2200012207031,488.9100036621094,489.4599914550781,480.7831726074219,1302600,-0.028058607543363867,58.79088030287638,0.0013715744471377528,0.03095993459434721,463.6415230887277,22.704078637359146,509.049680363446,418.2333658140094,0.02984774721268143,-0.011324353386031095,7.208421712470519,460.4332765570362,-0.028058607543363867,-13.879547119140625,62.96231842517428,10.08482383950195,0.6339942004633249,23.790056501116073,20.72300239852535,17.050147636808507,14.871902118628256
2483,2022-11-10,531.5,561.8200073242188,520.3599853515625,560.7899780273438,550.8486938476562,3518000,0.14573205809231937,74.8608147887825,0.0022238657106509506,0.07800568574347366,475.82692173549106,40.114229475072975,556.055380685637,395.5984627853451,0.001937966692144873,-0.020959576008349013,8.25891984422621,472.48866552911886,0.14573205809231937,70.06552124023438,69.76633531769146,16.352892942249866,0.9120183448069953,27.103319440569198,27.796369206933512,14.619591753093683,15.297155920748976
2484,2022-11-11,560.780029296875,578.6199951171875,558.489990234375,576.4400024414062,566.2213134765625,1982800,0.02790715454280024,74.9460809020437,0.002228934540704635,0.03589643680437797,494.2726091657366,48.20908045163444,590.6907700690055,397.8544482624677,0.0038874292269548165,-0.004083667289955615,8.48940279667563,484.98635192211134,0.02790715454280024,15.37261962890625,70.34602697956771,22.30372137842096,0.9123768081934629,27.41432625906808,27.747140139198116,21.491214282504977,15.360458864545887
2485,2022-11-14,574.780029296875,590.2999877929688,573.8800048828125,577.8200073242188,567.576904296875,1806400,0.0023941006600214365,68.9588103379095,0.0018870307631824496,0.02856742070569626,513.6234000069754,46.24979971426151,606.1229994354985,421.1238005784524,0.021712620189704025,-0.0015658588819856781,8.509727281514339,495.99842557207984,0.0023941006600214365,1.3555908203125,68.94602497663986,26.82001618583439,0.8516576277413126,26.808567592075892,27.884514327296216,21.5875167961611,14.768308061456295
2486,2022-11-15,606.75,608.3200073242188,586.5399780273438,597.469970703125,586.87841796875,1669400,0.034006869422895436,68.94646771038751,0.0018863553213252008,0.03589621639369592,531.6845790318081,46.7078245424866,625.1002281167813,438.2689299468349,0.017882219400236918,-0.03330864766816028,8.799116466001248,508.1157578916359,0.034006869422895436,19.301513671875,71.75861890330769,31.592504476739975,0.8747570804519595,28.150931222098215,30.28388473659408,19.45831496407038,14.27358369186694
2487,2022-11-16,583.52001953125,583.9500122070312,573.7999877929688,576.7000122070312,566.4767456054688,1418900,-0.0347630305334683,71.62930146666582,0.0020360146145247987,0.01739447503826203,544.7782810756138,40.55165236484636,625.8815858053065,463.6749763459211,0.012424595142123879,-0.01665758056782609,8.493232511626102,515.897222920147,-0.0347630305334683,-20.40167236328125,68.8572249423737,33.34412110329322,0.7555884419672285,27.970103672572545,29.284529864231672,19.850436952718358,14.123294538469365
2488,2022-11-17,568.9600219726562,590.4500122070312,568.9500122070312,589.030029296875,578.588134765625,917900,0.021380205373146,69.84198781763062,0.0019356758977452635,0.03778824376000406,556.7676260811942,35.33634818588801,627.4403224529702,486.0949297094181,0.002495751643908108,-1.759309132176788e-05,8.67481956700655,524.2560111662108,0.021380205373146,12.11138916015625,68.58354119374292,35.302631030282896,0.8263325324846404,27.877546037946427,27.351471346669587,20.439561031973792,14.684669817844311
2489,2022-11-18,599.6199951171875,599.9299926757812,584.7999877929688,593.1599731445312,582.6448974609375,1115300,0.0070114861531955786,69.71513029362441,0.0019286505523242177,0.025232655691969624,571.3193010602679,12.286051102523455,595.8914032653148,546.747198855221,0.011290516637836423,-0.024715665663087808,8.735642944282086,532.0411960055077,0.0070114861531955786,4.0567626953125,73.48983489409537,36.75838334159272,0.8500285745760784,28.74267796107701,27.94804857306771,20.435886971320613,14.412736200950654
2490,2022-11-21,581.2000122070312,583.7899780273438,575.0999755859375,580.2899780273438,570.0029907226562,849800,-0.02169744692414266,69.15569477033921,0.001897821475860445,0.014951827699395771,574.0556291852679,8.524052070085412,591.1037333254387,557.007525045097,0.0060220232733808905,-0.01049558928591494,8.546101795150264,537.1027686344609,-0.02169744692414266,-12.64190673828125,69.69624147655144,36.47155987598575,0.7761856666503859,27.862112862723215,26.704481708521676,21.419964897515488,14.4166885186874
2491,2022-11-22,581.719970703125,596.530029296875,574.22998046875,596.2100219726562,585.640869140625,1082400,0.027434730470699664,69.25763006496008,0.0019034203659582792,0.03833467983086592,576.829851422991,8.707505394684889,594.2448622123609,559.4148406336212,0.0005501054464950845,-0.012875594120177528,8.780561794475375,543.5745153686161,0.027434730470699664,15.63787841796875,79.43169985741704,37.07867640919733,0.867528407905906,27.561187744140625,28.90087843299786,17.25826292588838,14.598173165262194
2492,2022-11-23,595.1799926757812,610.0,595.1799926757812,603.8499755859375,593.1453857421875,874700,0.01281419551981533,69.03065834500246,0.0018909649966446264,0.024900042855257418,580.4824916294643,9.505358729399456,599.4932090882633,561.4717741706654,0.010333049648415632,0.0,8.893077630083603,550.1839647517589,0.01281419551981533,7.5045166015625,81.58940771630405,37.730439388798914,0.8917285745232058,28.611232212611608,25.663233706985,21.446248985524242,14.459190995914861
2493,2022-11-25,596.9299926757812,597.9000244140625,591.8400268554688,591.8400268554688,581.3483276367188,408900,-0.019888982345715123,69.69484842644104,0.0019275285306288065,0.010151940148675357,579.6924787248884,9.106627833392592,597.9057343916735,561.4792230581032,0.010151940148675357,-0.008526905805982985,8.716203366099796,554.3392131364203,-0.019888982345715123,-11.79705810546875,75.3626977736013,36.87002752236617,0.7959137447557768,26.36633082798549,26.36340355586141,22.103946508355097,14.27810329204886
2494,2022-11-28,593.780029296875,598.1300048828125,580.4199829101562,583.3400268554688,572.9990234375,1056200,-0.014361964767594881,69.40951707398459,0.0019117781985887928,0.02982589696327036,580.6242327008929,7.763736283447134,596.1517052677872,565.0967601339986,0.024908176930196375,-0.022499992804640226,8.591021560448679,556.827187843231,-0.014361964767594881,-8.34930419921875,71.13020584772369,35.10970304676334,0.6944340764595274,25.846343994140625,26.301191712595212,22.014721966479765,14.076500446695665
2495,2022-11-29,584.0900268554688,587.0,576.77001953125,578.8200073242188,568.55908203125,562900,-0.007748602047546571,69.28881960518632,0.0019051351278889094,0.017514389902913676,579.1915108816964,9.02502935982509,597.2415696013467,561.1414521620462,0.014004677874435552,-0.012532327188716172,8.52445315319487,558.3914404016335,-0.007748602047546571,-4.43994140625,67.03346624688831,32.976237512994544,0.6577676172925723,24.620045253208705,26.83042330646893,22.50210186039378,13.877520529610361
2496,2022-11-30,585.2999877929688,608.4099731445312,576.9400024414062,608.1199951171875,597.3397216796875,1569700,0.050620314683242684,68.83980588624429,0.001880523362879283,0.053767249888029216,581.290771484375,11.367280094135614,604.0253316726462,558.5562112961038,0.0004954348768008526,-0.014283248805601511,8.955963654312153,563.5845445720407,0.050620314683242684,28.7806396484375,75.1398503216824,33.2248128358375,0.8587653251735253,26.37296622140067,29.275636461612603,20.71366589661367,14.019779243686603
2497,2022-12-01,611.7100219726562,616.5599975585938,601.3599853515625,611.260009765625,600.4240112304688,1245900,0.005163375946451998,68.8546515718268,0.0018813345409038375,0.024848394927410065,585.6366315569196,12.122648986485084,609.8819295298898,561.3913335839494,0.008664216054327883,-0.016919841508753967,9.002206661622127,568.4964734598311,0.005163375946451998,3.08428955078125,65.03785373786684,33.286975428032065,0.722128736129928,21.95749773297991,28.854709093944454,25.323639094020496,13.528333166998342
2498,2022-12-02,600.2999877929688,607.4500122070312,597.0,605.7100219726562,594.9724731445312,719800,-0.009079480473749735,63.9805447857155,0.001624408774236883,0.01740798337419798,586.9697178431919,12.625831969699519,612.2213817825909,561.7180539037929,0.0028985345156713332,-0.005497231151213764,8.920471302017269,572.0266067511245,-0.009079480473749735,-5.4515380859375,59.279716292943846,32.52145903126609,0.5465756972060479,20.720262799944198,29.98601815104643,26.31650518643448,13.79511306275314
2499,2022-12-05,605.0999755859375,607.1599731445312,593.3800048828125,600.7899780273438,590.1395263671875,873900,-0.008122975424057488,63.816986657758704,0.0016161142008240283,0.0227730438236676,586.5403093610491,12.430391976461491,611.4010933139721,561.6795254081262,0.010527177944469807,-0.01936865175341675,8.848010532859973,574.441662699933,-0.008122975424057488,-4.83294677734375,57.122428406941744,31.16554633895464,0.44506449652711005,19.98464093889509,29.749094821009507,26.108575143429213,13.937728295205355
2500,2022-12-06,603.5,604.4500122070312,586.8200073242188,593.0499877929688,582.5367431640625,839200,-0.01288302657835283,61.846960613887845,0.0015178756099903945,0.02921293269728666,586.7100830078125,12.355551886775423,611.4211867813633,561.9989792342617,0.018889849899026513,-0.027638761683150374,8.734021377999593,575.5210067618169,-0.01288302657835283,-7.602783203125,48.52014552644324,29.141568830610026,0.2853756592593732,18.333705357142858,26.372609213281205,27.141875772600997,13.284593248526768
2501,2022-12-07,592.2100219726562,604.0,590.6900024414062,601.3499755859375,590.6896362304688,878600,0.013995500132959249,61.45760511160188,0.001498824296053013,0.02247513055293803,589.2373134068081,10.794237733198832,610.8257888732057,567.6488379404104,0.004474805078838835,-0.00256668998303474,8.856258375356655,577.5434906909705,0.013995500132959249,8.15289306640625,59.00483400583276,27.874107052097656,0.4566190025665285,18.932621547154017,23.382114659718766,28.110712998146685,12.656597435204512
2502,2022-12-08,591.8800048828125,609.4600219726562,587.6599731445312,606.8900146484375,596.1314697265625,1019300,0.00921267813469906,60.43731941924418,0.0014494720549935514,0.036831872420561386,593.1762259347098,5.922110050027303,605.0204460347644,581.3320058346552,0.004342108709564519,-0.0071298771769064614,8.937848233246548,580.0218878957162,0.00921267813469906,5.44183349609375,56.86497052239982,26.99753417628949,0.5173985451347084,18.777391706194198,24.947078425057928,24.26181808012368,12.259887913988734
2503,2022-12-09,602.989990234375,611.1699829101562,596.4000244140625,597.7000122070312,587.1044311523438,870700,-0.015142697597158139,59.58354512270999,0.0014088090672182605,0.02449453346705282,591.7140415736607,5.986017568587515,603.6860767108357,579.7420064364857,0.022338630692508483,-0.01092881461888125,8.802505100281202,580.9662269965999,-0.015142697597158139,-9.02703857421875,51.67974244179122,25.28299070725666,0.30414470790947823,18.327152797154017,24.960939849523093,26.06408031997376,11.899816779345487
2504,2022-12-12,596.8699951171875,610.0,595.7999877929688,609.989990234375,599.1765747070312,819600,0.020562174145054346,33.984011324979974,0.00045829881973665344,0.023790795857049685,591.5358363560268,5.6949973315127025,602.9258310190522,580.1458416930014,1.6770428580573422e-05,-0.0017926974600367845,8.983503743065913,583.3942733579908,0.020562174145054346,12.0721435546875,61.035985282274446,24.61458216799224,0.5893357941560268,19.34183611188616,14.9513767432166,29.584477990328516,11.985116252550242
2505,2022-12-13,642.97998046875,643.3599853515625,617.5700073242188,628.27001953125,617.1324462890625,1334000,0.029967579408141543,34.171869550783654,0.0004633796303951489,0.04011007933488404,594.7015468052456,11.31239642122374,617.3263396476931,572.0767539627981,0.023468795730329742,-0.03951907355810158,9.252717604849577,587.892696415467,0.029967579408141543,17.95587158203125,61.70753291309853,25.242769425334586,0.606133765959982,20.60300554547991,21.867446570014632,19.965346329779962,11.596617208778406
2506,2022-12-14,622.5,626.760009765625,609.9299926757812,615.8599853515625,604.9423828125,1167500,-0.019752750888182513,35.17618915630842,0.0004910175728414245,0.02703617203187751,596.8162405831473,11.694593194974528,620.2054269730963,573.4270541931983,0.01751007938002008,-0.020192782850150602,9.069950978962282,590.1659879350714,-0.019752750888182513,-12.1900634765625,54.23808642554614,24.47484532483338,0.4230721991549115,20.065211704799108,22.22800235851774,16.79383197907378,11.653644572936965
2507,2022-12-15,603.0,604.7999877929688,584.260009765625,586.3400268554688,575.9458618164062,1420500,-0.04793269874939665,37.52910895768128,0.000558902388554569,0.034062981803223466,595.8746861049107,13.203812892827766,622.2823118905662,569.4670603192551,0.030613533893034825,-0.031077927420190714,8.635203751015888,588.2699711192494,-0.04793269874939665,-28.99652099609375,48.272623877187954,21.281166986292646,-0.012376605164022328,21.109667096819198,18.99586480023578,17.596798093263548,10.79935893355295
2508,2022-12-16,577.260009765625,585.75,565.739990234375,574.3200073242188,564.1388549804688,2097300,-0.020500202568867865,36.196134837760155,0.0005199048322195689,0.034663772697071674,592.0817173549107,17.914686716221087,627.9110907873528,556.2523439224685,0.019800423522187124,-0.019956378991032614,8.458180324896615,585.0524889674119,-0.020500202568867865,-11.8070068359375,47.22834793001991,17.59460743515274,-0.020627871098019543,21.273951939174108,18.687137050835315,17.310808488203808,10.067120276921557
2509,2022-12-19,574.0499877929688,575.8499755859375,562.6699829101562,568.6099853515625,558.5301513671875,906800,-0.00994206224897487,35.489815730179394,0.0004998123097468604,0.022959660231775175,586.7101004464286,21.729178575203232,630.168457596835,543.2517432960221,0.01261212505588643,-0.01982406606533489,8.374088569593438,581.516177287382,-0.00994206224897487,-5.60870361328125,46.88550790896071,14.058351003597295,-0.05130538378623702,21.21531023297991,17.608712760340655,17.760264306366107,9.398820775891974
2510,2022-12-20,562.239990234375,568.9600219726562,561.1500244140625,563.1599731445312,553.1766357421875,845700,-0.009585007383926314,35.457401458199016,0.0004988997294317039,0.013890861009972057,581.8632725306919,25.14239043849374,632.1480534076794,531.5784916537044,0.010315966364660749,-0.001938613117608617,8.293822868820232,577.7375717480228,-0.009585007383926314,-5.353515625,33.94970151690458,10.700509521568506,-0.09698810923820723,19.11380876813616,18.083391962306976,14.323437727586215,9.211973299460254
2511,2022-12-21,569.0599975585938,583.9600219726562,567.2999877929688,580.9600219726562,570.6611328125,797700,0.03160743954208023,36.56114860832186,0.000530443487126903,0.02927641066172831,577.7896379743304,24.160624972239056,626.1108879188085,529.4683880298522,0.005271851848435547,-0.0030928369120582565,8.55596937371919,576.7940465566197,0.03160743954208023,17.4844970703125,40.20812073267558,9.342553602265184,0.11569289524013161,19.939745221819198,20.66131642760735,13.582129458055956,9.673505425154996
2512,2022-12-22,571.0499877929688,571.0499877929688,546.7999877929688,555.9500122070312,546.0945434570312,1351800,-0.04304934740235844,38.09235879725985,0.0005758046820393569,0.04246563438994716,567.6413661411831,19.314180007917976,606.269726157019,529.0130061253471,0.0264424759806,-0.04246563438994716,8.187640475786013,572.7007794766746,-0.04304934740235844,-24.56658935546875,35.71592670889967,6.212432251351856,-0.0073057617416511225,20.925458635602677,17.77168810884012,13.65496617469048,9.09620478849565
2513,2022-12-23,546.8699951171875,552.0700073242188,542.530029296875,551.3699951171875,541.5957641601562,602600,-0.008238096041750631,37.68355314296889,0.0005635119751900635,0.01744469090007297,558.5918491908482,12.59614051253289,583.7841302159139,533.3995681657824,0.001280034036025776,-0.007936010128664125,8.120189907191163,568.5534441011388,-0.008238096041750631,-4.498779296875,35.78582143994555,3.330384043890035,-0.009265749716404014,20.622602190290177,18.41436430514497,9.03637427360479,10.296753487781324
2514,2022-12-27,546.0499877929688,546.5,536.510009765625,537.1799926757812,527.6574096679688,802600,-0.025735715481086663,38.04583622798221,0.0005743990691612869,0.01829501045271086,551.6934988839286,14.575342594924619,580.8441840737778,522.5428136940793,0.01706804785746533,-0.017470887722024396,7.9112110100873,563.1006395100494,-0.025735715481086663,-13.9383544921875,34.50557555475521,-0.07747555442563225,-0.08285074516031371,20.076886858258927,18.239442697464654,8.950536006839407,11.505071440588884
2515,2022-12-28,536.7000122070312,541.7999877929688,529.010009765625,531.6400146484375,522.2155151367188,609900,-0.010313310173497459,37.937029153946455,0.0005711183258045172,0.023830776479300757,545.7044503348214,17.017772035544677,579.7399944059108,511.6689062637321,0.018930450742401055,-0.014328306812931174,7.829620237092281,557.6492895936053,-0.010313310173497459,-5.44189453125,30.366723041082395,-3.1806793555484774,-0.05941841783604037,19.553981236049108,18.342014989473082,9.028386664357114,12.702992723885844
2516,2022-12-29,541.2000122070312,555.3699951171875,540.1500244140625,551.469970703125,541.6939086914062,841000,0.037299530538819736,40.51851034549944,0.0006514879684993434,0.028122635550316168,543.2992728097098,16.06610860960313,575.4314900289161,511.16705559050354,0.007206253374160273,-0.0019401104384437569,8.121661396233065,555.5219054733121,0.037299530538819736,19.4783935546875,35.554149688555114,-4.0218853622588995,0.11092174581400686,20.36501203264509,20.68461002253855,8.625583563308613,14.244373908436252
2517,2022-12-30,540.8599853515625,546.47998046875,536.77001953125,546.4000244140625,536.7138061523438,703200,-0.009193573084646967,35.749561009678146,0.000507155203327262,0.01795281810538907,540.9474400111607,15.576731177959152,572.100902367079,509.7939776552424,0.0001478313368579634,-0.007561967849505442,8.046994308618041,553.014158897183,-0.009193573084646967,-4.9801025390625,36.33455576381822,-5.032389583028362,0.06737033696110509,19.984401157924108,16.882801536048422,9.27690309543054,14.81329095479204
2518,2023-01-03,561.280029296875,564.1500244140625,545.77001953125,549.5700073242188,539.82763671875,675100,0.005801659153747307,35.77274369325529,0.0005078131711679907,0.03274658623759952,536.5426548549107,8.547346749670918,553.6373483542525,519.4479613555689,0.025976368886860956,-0.02763328277518559,8.093680226808788,551.2559559400587,0.005801659153747307,3.11383056640625,33.08319284895363,-5.518349259723891,0.09460104296214059,20.308733258928573,20.87980117785461,3.0954041855969012,18.03523359998172
2519,2023-01-04,570.7999877929688,575.510009765625,561.0599975585938,570.8300170898438,560.7107543945312,1087300,0.038684787986616787,38.756657056149976,0.0005960628834000079,0.025315368808788978,538.6306849888393,12.252089545345711,563.1348640795308,514.1265058981479,0.008199006264657981,-0.017063753403421113,8.406782530414358,552.5165957339884,0.038684787986616787,20.88311767578125,34.1815468805881,-4.17030999798726,0.32430429287883633,19.70151628766741,19.66197393732854,6.449202621645435,20.134494703325927
2520,2023-01-05,565.3800048828125,573.5499877929688,562.5499877929688,565.3200073242188,555.2984619140625,710900,-0.009652556934302225,38.78804803082892,0.0005970288373182105,0.019455940968906377,540.5882132393973,13.80146045736791,568.1911341541331,512.9852923246615,0.014556546743204769,-0.005005513221908747,8.325635583405235,552.887511224665,-0.009652556934302225,-5.41229248046875,35.531918981051604,-3.4983788084819025,0.34685921321883834,19.416460309709823,19.70482298909212,6.808425080685732,22.140391963016203
2521,2023-01-06,575.3300170898438,598.6799926757812,567.280029296875,595.8499755859375,585.287109375,1025800,0.05400455704049567,43.222812000777594,0.000741353760815303,0.05457730771242346,548.821027483259,20.40920089346496,589.6394292701889,508.002625696329,0.0049189456586302424,-0.013991948192947598,8.775257845167625,557.2074576447096,0.05400455704049567,29.9886474609375,52.70673359383097,-0.5398126510626753,0.8077668065736114,21.037828717912948,24.0893251841538,6.4251312477358145,24.82850910217802
2522,2023-01-09,613.989990234375,632.3900146484375,612.7999877929688,621.3300170898438,610.3154907226562,1348800,0.04276257062005495,45.440050098660706,0.0008193643464161884,0.031906101348640484,561.40673828125,27.27675382233024,615.9602459259105,506.8532306365895,0.018013319002760743,-0.0019381463221444326,9.150510428480796,564.2885287217691,0.04276257062005495,25.02838134765625,62.42796766643494,3.780870031640802,0.7864720169939626,22.973035539899552,22.810728922060093,14.706168871166133,25.419909228786693
2523,2023-01-10,622.6300048828125,633.780029296875,621.6099853515625,633.3900146484375,622.1618041992188,873900,0.01941014713969591,45.78155218077533,0.0008317263968575612,0.019546189309657618,572.9021519252232,33.76807771362473,640.4383073524726,505.3659964979737,0.0006263987366155059,-0.0016382434563878456,9.32812318230093,572.0049654520958,0.01941014713969591,11.8463134765625,66.56947350720876,8.067938507312192,0.88910735008319,23.707645961216517,21.605987887328837,16.473187449743545,25.99546784216837
2524,2023-01-11,635.5499877929688,645.1400146484375,633.2999877929688,644.6799926757812,633.2515869140625,806500,0.01782459585270968,45.61106297865006,0.0008255432801755483,0.018629576088239428,586.6932634626116,36.154282979287565,659.0018294211868,514.3846975040365,0.0007238171371125928,-0.003540240804367603,9.494393208089736,580.1711816470247,0.01782459585270968,11.08978271484375,70.2464110579416,12.219465552315,0.8976282852448711,24.603955950055802,21.25779096489652,16.806481785464296,26.44938366196088
2525,2023-01-12,651.4400024414062,656.2899780273438,634.8400268554688,652.5599975585938,640.9918823242188,1322200,0.012223096744022222,45.32010951035505,0.0008150445738216565,0.03292697883379416,601.1452985491071,34.47877820648672,670.1028549620805,532.1877421361337,0.005725746737644489,-0.025481971514990875,9.610444094798005,588.2806084039839,0.012223096744022222,7.74029541015625,68.7043125302933,15.950292750750577,0.8798075147876501,24.05074201311384,23.514160553566363,16.80161105943754,25.677623392211
2526,2023-01-13,649.3300170898438,660.739990234375,648.72998046875,659.6900024414062,647.9954833984375,649700,0.010926193088161895,44.39503348163442,0.0007821107134267623,0.018496002725164714,613.6145455496652,33.177124382558056,679.9687943147813,547.260296784549,0.0016170325802502823,-0.0009240857580910612,9.715449662640754,596.2425917365778,0.010926193088161895,7.00360107421875,79.89282917303927,19.25022761868479,0.9032527994721684,23.729178292410715,17.618397668338755,20.643727092634954,25.837620520635422
2527,2023-01-17,651.0999755859375,662.97998046875,651.0999755859375,658.1900024414062,646.5220336914062,902600,-0.0022738579894163724,43.68860079278249,0.0007574181901710771,0.01824605333784793,626.646484375,22.72167339842391,672.0898311718478,581.2031375781522,0.007356747361314453,0.0,9.693358109804587,602.9465173305549,-0.0022738579894163724,-1.47344970703125,81.33652985216101,21.498730713870827,0.8771519715129724,24.118072509765625,17.68809351084992,21.23339706852984,25.60823409016974
2528,2023-01-18,673.52001953125,676.1099853515625,651.5399780273438,652.2899780273438,640.7266235351562,1152700,-0.008963979345236406,39.81899418330424,0.0006291874197500067,0.03647999556318868,634.5664149693081,13.82161330547267,662.2096415802534,606.9231883583627,0.035366442917014955,-0.03263457783957737,9.606467047922319,607.9838648245018,-0.008963979345236406,-5.79541015625,85.49485164222457,22.55306673650807,0.759460450788893,25.517926897321427,20.118456684203917,20.83566445865557,25.509562366609895
2529,2023-01-19,654.6099853515625,655.6799926757812,627.02001953125,630.25,619.077392578125,1534100,-0.03378856155154508,41.15124248784979,0.0006719939517038944,0.04378175369436081,635.818115234375,11.453217736651393,658.7245507076777,612.9116797610723,0.038847547768651756,-0.04214718143276585,9.281878344780706,609.4630018583182,-0.03378856155154508,-21.64923095703125,77.59867358164607,21.395094293437865,0.5906946550641146,26.554883684430802,19.75896565919431,20.463357850322176,25.41089064305005
2530,2023-01-20,638.0900268554688,650.5999755859375,634.2000122070312,648.8499755859375,637.3477172851562,1033200,0.02951218204067363,41.64274441057263,0.0006881421277953486,0.025701645047997185,637.987531389509,9.746430674052188,657.4803927376133,618.4946700414046,0.002742559711556792,-0.0060963414012402545,9.55580682817126,613.18096391523,0.02951218204067363,18.27032470703125,77.44338809197434,21.70149398796434,0.72181514586854,26.438319614955358,19.03760556673178,21.145344373499714,25.640265350619284
2531,2023-01-23,658.0499877929688,676.280029296875,656.8499755859375,676.030029296875,664.0458984375,1780900,0.041889506196189474,42.91525104182538,0.0007308407825328945,0.029526713884007322,642.38671875,13.485157534669193,669.3570338193384,615.4164036806616,0.00037991034820694094,-0.0018235882217032876,9.95609485750953,619.962955184866,0.041889506196189474,26.69818115234375,82.48386012848368,23.82400969254718,0.9062590610379577,28.525630405970983,22.85240259973164,20.010176181756815,25.403535314786577
2532,2023-01-24,666.719970703125,673.0399780273438,659.9199829101562,670.010009765625,658.1325073242188,1066900,-0.008905093950878129,42.5289578720092,0.0007177429593964817,0.019678419267014174,644.8353794642857,14.69188867211322,674.2191568085121,615.4516021200592,0.004544589025169497,-0.010199166204362321,9.867434897419553,625.0522288034464,-0.008905093950878129,-5.91339111328125,79.75588076812664,24.74372715356776,0.8424968150166996,27.503043038504465,20.716376669912655,21.296933043671523,24.484903129794922
2533,2023-01-25,656.9600219726562,683.02001953125,655.02001953125,681.530029296875,669.4483032226562,1569200,0.01719379573643054,38.497748447824186,0.0005881256490285513,0.042620553859463624,647.9000680106027,17.44120171883179,682.7824714482663,613.0176645729391,0.00226800746550909,-0.0029529992336230714,10.037093557488312,630.9717053926744,0.01719379573643054,11.3157958984375,78.73232731148057,26.085008288389986,0.887343631334986,26.954302106584823,22.496433920484602,21.142462914012597,24.00886552684342
2534,2023-01-26,681.9000244140625,684.9400024414062,667.8200073242188,683.9000244140625,671.7763061523438,1593300,0.00347749470493941,38.00837550521039,0.0005732684954543957,0.0251063125153841,651.5078212193081,19.588422137807626,690.6846654949234,612.3309769436928,0.0015251180379959274,-0.02064821320682942,10.071997497187459,636.412318827297,0.00347749470493941,2.3280029296875,81.28756273913994,27.024314160053336,0.8881208627092539,27.26007080078125,22.171377285666118,23.27694148839008,22.497893887134726
2535,2023-01-27,667.2000122070312,678.1199951171875,666.6799926757812,667.3900146484375,655.5589599609375,1249700,-0.02414099164094141,37.81993532623969,0.0005675982174924414,0.01714628631909622,653.626726422991,19.02185969640168,691.6704458157944,615.5830070301877,0.01608210472487297,-0.0007794057579972565,9.828849489800273,638.9652043117824,-0.02414099164094141,-16.21734619140625,70.38407252995819,26.158576737568524,0.5927219778973926,24.978533063616073,22.11026328109636,23.21278006575211,20.986922247426037
2536,2023-01-30,650.0,658.239990234375,647.6199951171875,650.3099975585938,638.7817993164062,1209900,-0.025592146045156583,39.2313456880571,0.0006107533668634269,0.01633845402644231,656.4416416713169,13.797560379445017,684.036762430207,628.8465209124269,0.012199988731971154,-0.0036615459735576924,9.577308138201442,638.9407503123989,-0.025592146045156583,-16.77716064453125,58.67249752130414,23.84383999631359,0.2711481024943162,22.372610909598215,22.25931930315321,23.369268688863162,19.482373294699954
2537,2023-01-31,651.219970703125,660.8599853515625,647.2999877929688,660.8400268554688,649.1250610351562,801800,0.01619216723115602,38.03910045847024,0.0005741956998768216,0.02082245350054754,658.1241193498884,11.628809915574552,681.3817391810375,634.8664995187393,3.064785631835081e-05,-0.006019445174452847,9.73238551319951,640.2986584087665,0.01619216723115602,10.34326171875,58.29050763280846,22.583678641027632,0.3816479286293114,22.273585728236608,20.600397610992573,23.875371783224082,17.873836573246017
2538,2023-02-01,659.530029296875,685.0900268554688,655.8900146484375,678.530029296875,666.5015258789062,1274200,0.026769055590058155,37.92075454465944,0.0005706284227128212,0.044273969205255725,658.4749232700893,11.871726560560827,682.218376391211,634.7314701489677,0.009946472893110514,-0.005519103735607186,9.992912282026225,643.7923740714518,0.026769055590058155,17.37646484375,59.84297267108712,22.72516561640441,0.6798949779224506,23.20121111188616,24.100739309323384,22.709580986159704,16.630838552025505
2539,2023-02-02,696.9000244140625,698.5900268554688,684.9500122070312,696.5499877929688,684.2020263671875,1318600,0.026557329279838893,38.267401710628675,0.0005811087435248516,0.01957241235556809,662.1991402762277,15.33136973712971,692.8618797504871,631.5364008019683,0.002927305195914174,-0.017147383826078274,10.258297343964541,649.1803277108833,0.026557329279838893,17.70050048828125,62.07917687120561,23.989046725905382,0.7989660609771594,23.847647530691965,20.635978308184217,27.872900670408008,13.808956159099028
2540,2023-02-03,678.4500122070312,693.3800048828125,677.9299926757812,679.6199951171875,667.5721435546875,1015800,-0.024305515288806423,38.871342160163344,0.0005995957306874969,0.022772513713680394,661.9311174665179,15.19934941217469,692.3298162908673,631.5324186421685,0.020281538091307585,-0.0007664817184664069,10.008964141033688,651.6325698233906,-0.024305515288806423,-16.6298828125,55.193067533969696,23.379287180204983,0.5666077947949988,23.540640694754465,21.435627910402136,26.02455214803532,11.85976676470622
2541,2023-02-06,665.9199829101562,669.3400268554688,659.489990234375,661.969970703125,651.6637573242188,783100,-0.023830212785332483,40.005032103454226,0.0006350803942850806,0.014791621927379052,659.0578962053571,14.92662317495863,688.9111425552744,629.2046498554398,0.011067480089928604,-0.00965580376140892,9.770448395792092,651.6367281568344,-0.023830212785332483,-15.90838623046875,51.266912824510875,21.36607966384736,0.3443305193658894,23.173893519810267,21.559055525444215,25.887387763404025,9.977920517827211
2542,2023-02-07,659.239990234375,683.6900024414062,659.239990234375,678.719970703125,668.1529541015625,1236100,0.025303228224705432,36.96148678963511,0.000542123613373163,0.03708818119231315,660.8570382254464,15.191245371797477,691.2395289690414,630.4745474818515,0.007539032540356493,0.0,10.017672281408528,653.8388916161315,0.025303228224705432,16.48919677734375,56.41950648346539,20.860669761032227,0.5747230733675421,23.348057338169642,19.918191461549327,26.4663002551258,7.893590500001375
2543,2023-02-08,671.469970703125,674.8900146484375,661.3599853515625,662.7899780273438,652.4710083007812,763900,-0.02347059263079676,35.898542063024664,0.0005113910008931552,0.020149865053097054,662.8126395089286,12.522528405660541,687.8576963202496,637.7675826976075,0.01802022003816981,-0.01505649663078142,9.782551576182763,653.6565071740848,-0.02347059263079676,-15.68194580078125,58.04084787934635,18.975983479721208,0.28375511627862887,22.267347063337052,21.328365618460296,19.187908101136163,7.1164729560382955
2544,2023-02-09,673.1199951171875,682.280029296875,662.02001953125,664.1300048828125,653.7901000976562,686500,0.002021686450575544,35.42542089864424,0.0004980001769230554,0.030098659841619788,663.4790736607143,11.774476475446656,687.0280266116076,639.930120709821,0.026964025056041684,-0.016490337037165324,9.802328828156389,653.6743195638944,0.002021686450575544,1.319091796875,54.31109145226325,17.3883535909265,0.12653748024599684,22.144949776785715,22.584603816816678,17.101259126555966,7.13254852057786
2545,2023-02-10,653.0900268554688,657.1699829101562,648.6400146484375,656.3499755859375,646.13134765625,731800,-0.011714390352901116,35.30360180143641,0.0004945810714898349,0.013060937866084523,660.5690482003348,13.318911495059504,687.2068711904539,633.9312252102158,0.001255580839546675,-0.006813780679606143,9.687500521895869,652.6685899762085,-0.011714390352901116,-7.65875244140625,44.781942097747745,15.335371533543025,-0.022784933645589384,19.973353794642858,23.28468381523441,15.12332394214961,7.587544617668463
2546,2023-02-13,659.1300048828125,673.02001953125,657.3200073242188,668.739990234375,658.3284301757812,596000,0.01887709451611408,35.63917147540208,0.0005040279934337749,0.023819295269106394,656.872820172991,8.318938445554037,673.5106970640991,640.234943281883,0.00649345237687359,-0.002746040303408053,9.870372384872601,653.4232353361516,0.01887709451611408,12.19708251953125,50.055052177802416,14.525134378649113,0.2150211344033815,20.956830705915177,24.094033542701396,14.999419456242197,7.902489550948417
2547,2023-02-14,661.7100219726562,680.97998046875,657.2100219726562,677.47998046875,666.9321899414062,1013400,0.013069099512119875,35.718144173347774,0.0005062642155508164,0.03592201675475907,656.7813982282366,8.184185101698796,673.1497684316342,640.413028024839,0.005289325964213113,-0.006800561953988288,9.99936926379218,655.2244292835189,0.013069099512119875,8.603759765625,49.28205749809647,14.411144402372997,0.3827683212429314,20.65468488420759,25.568998651998847,11.941605846935682,9.25594617310516
2548,2023-02-15,661.8200073242188,677.47998046875,661.0,676.8099975585938,666.272705078125,683500,-0.0009888334574751356,35.70329459722155,0.0005058433512285672,0.02490100070467744,658.868390764509,8.51754275054625,675.9034762656014,641.8333052634165,0.001012334022455795,-0.0012390186382156877,9.989481552910494,656.6975327227998,-0.0009888334574751356,-0.65948486328125,48.414517283275515,14.104997971440412,0.36991036918565906,20.60896955217634,25.488576873595807,12.202695378760202,10.500725540387545
2549,2023-02-16,658.7000122070312,668.2000122070312,655.4500122070312,656.280029296875,646.0623779296875,946300,-0.03033341602380024,37.239928569657884,0.0005503223332830244,0.01935630752044474,655.7125941685268,8.596207403303223,672.9050089751332,638.5201793619204,0.018096223909602367,-0.004933960740505522,9.686466453103982,655.2795120837181,-0.03033341602380024,-20.2103271484375,47.32573960164534,12.092179109479048,-0.024129633860741417,20.702540806361608,23.56148045547357,12.65069965522615,11.852101433594408
2550,2023-02-17,650.75,658.0,647.3900146484375,651.9299926757812,641.7800903320312,1149600,-0.006628288140502536,35.20761928744427,0.0004918954190038166,0.016304241800326545,654.185320172991,10.088339089740636,674.3619983524724,634.0086419935097,0.009327710064108721,-0.005163250636285055,9.622261762389497,653.4795891834932,-0.006628288140502536,-4.28228759765625,50.90824042745946,10.03577467582761,-0.10762123721939795,20.796657017299108,24.453076162581752,13.12941785486688,13.20347732680127
2551,2023-02-21,638.010009765625,643.9400024414062,629.530029296875,629.780029296875,619.9749755859375,1022700,-0.03397599126955253,35.8092271352825,0.0005088495031850208,0.022585810448059896,649.3545880998884,16.418928024588794,682.192444149066,616.5167320507107,0.022193967066022932,-0.013291296905929654,9.295335880757202,649.0123073704858,-0.03397599126955253,-21.80511474609375,41.74322759505847,6.570824445491212,-0.1383587322433735,20.248927525111608,25.43815246566413,11.968104480427666,14.668467354408287
2552,2023-02-22,632.5599975585938,635.4000244140625,620.4299926757812,624.2100219726562,614.49169921875,1017300,-0.008844351115954718,32.27844037487462,0.00041345147342632376,0.02366578948409488,644.8346383231027,21.132555079577106,687.0997484822569,602.5695281639485,0.017690025427777267,-0.01917605433418022,9.213124666487053,644.4095596169211,-0.008844351115954718,-5.4832763671875,34.20393781445996,3.3438262990360954,-0.07597608572405812,18.781790597098215,20.52890273724787,12.669190074810949,15.480094629504467
2553,2023-02-23,642.1300048828125,642.8800048828125,626.6799926757812,638.0900268554688,628.1556396484375,1093000,0.022236167627747383,33.40310940783117,0.00044276496750457895,0.025228555096078593,640.5242396763393,20.998250434722923,682.5207405457852,598.5277388068935,0.007459514414402597,-0.02406056731432578,9.417989250946393,642.24237028779,0.022236167627747383,13.6639404296875,32.55012640870069,1.8674460613151496,0.1059032992445698,18.517490931919642,21.57211383907836,11.467821620422507,16.870581239087375
2554,2023-02-24,619.4299926757812,624.6699829101562,612.719970703125,618.3800048828125,608.75244140625,995700,-0.03088915710929052,34.06700966824886,0.0004605401379906988,0.019291949612272104,632.2128470284598,20.30628688279563,672.8254207940511,591.6002732628685,0.01015446152384813,-0.010832575193317082,9.1270755013203,637.777046436918,-0.03088915710929052,-19.4031982421875,31.99755210555537,-0.8583770167468856,-0.05590429086330694,18.516466413225448,19.772660797509232,11.824475812689755,17.920680924198994
2555,2023-02-27,631.4099731445312,639.3699951171875,626.260009765625,632.0800170898438,622.2390747070312,804500,0.022154544907658114,35.19952632120846,0.0004916693068402568,0.020763031800515436,625.9223284040179,13.762748961136113,653.4478263262902,598.3968304817456,0.011545554136622825,-0.008156290837882302,9.329281705389887,635.7053168729332,0.022154544907658114,13.48663330078125,40.85872544662157,-1.9083545266562396,0.13412850143579186,19.999860491071427,22.654452708068476,8.376246609724463,19.995947019973908
2556,2023-02-28,612.4500122070312,625.25,610.1400146484375,617.72998046875,608.112548828125,1381700,-0.02270273027382186,35.09615057748149,0.0004887856291100214,0.02467137733757568,620.5009242466518,11.848381367556671,644.1976869817652,596.8041615115385,0.012278584996922082,-0.0037717324068121394,9.11748153918392,632.0262811336254,-0.02270273027382186,-14.12652587890625,31.069533576732795,-3.836141198245514,-0.02810459396484768,18.791556222098215,22.457041966841636,8.303256055804104,22.071213115748826
2557,2023-03-01,621.0700073242188,623.1199951171875,611.9600219726562,614.9500122070312,605.3757934570312,794300,-0.004500409301481545,34.15902586500378,0.000463031368272221,0.017968945550296683,615.300310407366,8.455243226963802,632.2107968612936,598.3898239534385,0.01315468918770578,-0.014668210095688602,9.076449140458891,628.4728827767462,-0.004500409301481545,-2.73675537109375,33.831216074404125,-5.521115330110661,-0.06604131167180792,18.897086007254465,22.225506711329977,8.645334698762866,24.050151850040788
2558,2023-03-02,606.3200073242188,625.0900268554688,603.22998046875,624.1699829101562,614.4522705078125,795800,0.014993128481318285,34.07952313200045,0.0004608785305176802,0.03605364514225816,614.5113525390625,8.200165889343092,630.9116843177487,598.1110207603763,0.001517423034368917,-0.005096363006567278,9.212533508575943,626.6034678075551,0.014993128481318285,9.07647705078125,37.177487992404906,-6.0542836136451115,0.1443381355506431,18.329302106584823,22.08409131774271,8.64976865481128,25.78102306827194
2559,2023-03-03,625.3499755859375,637.6699829101562,621.77001953125,637.3800048828125,627.45654296875,1024100,0.021164007499215876,33.52605982261692,0.00044603043144035256,0.02542570400519865,616.3634730747768,9.548310839555745,635.4600947538884,597.2668513956653,0.00046370518695878696,-0.005724724065645273,9.407507636838222,626.7172111623812,0.021164007499215876,13.0042724609375,44.11776919403472,-5.365635507124125,0.3115956591639871,19.378426688058035,16.89362312751674,13.410678517221077,26.186800680938095
2560,2023-03-06,627.3200073242188,633.1099853515625,619.8499755859375,620.969970703125,611.3020629882812,1403000,-0.025745974221633605,32.668161958305106,0.0004234955578309734,0.021137552781369858,613.9558192661831,8.093274377130552,630.1423680204442,597.769270511922,0.019352187889271573,-0.011907848707303388,9.165302187730363,624.6618580725012,-0.025745974221633605,-16.15447998046875,35.5478275223025,-6.053626014621045,0.1038209970357717,18.404950823102677,17.701442231231322,6.671695146400994,27.631321839076822
2561,2023-03-07,619.3499755859375,621.739990234375,605.2999877929688,609.1099853515625,599.6267700195312,1033000,-0.019099057038474032,32.331511960118725,0.00041481216889972214,0.026543962362884,612.6521519252232,9.655363037103854,631.9628779994309,593.3414258510154,0.020392355502821896,-0.022685054245262102,8.99025355847205,621.3238463321053,-0.019099057038474032,-11.67529296875,29.69891868168122,-7.455025127521708,-0.04852808685816498,17.881382533482142,17.65704817676886,6.654962973179328,29.325831540527343
2562,2023-03-08,611.7999877929688,620.5499877929688,609.030029296875,619.4000244140625,609.756591796875,1081800,0.016893544924643455,32.40479290311926,0.0004166946837674793,0.018829615439600284,610.8689400809152,8.694562294238633,628.2580646693924,593.479815492438,0.0018796394276741864,-0.0045275556576687866,9.142130810846034,619.7815457274079,0.016893544924643455,10.12982177734375,33.87450689734199,-7.6599528932538306,0.10045572017597507,18.198756626674108,17.17525478286098,7.392519390810236,30.787584682068033
2563,2023-03-09,617.0700073242188,623.8900146484375,604.5599975585938,604.739990234375,595.3246459960938,983800,-0.023668371928956322,31.449204930922775,0.00039248114713776874,0.03132548472686899,609.0420968191964,10.521710671013416,630.0855181612233,587.9986754771696,0.031033795496076932,-0.020273242285541896,8.925751458591758,616.5206257632327,-0.023668371928956322,-14.43194580078125,35.029586523427724,-8.884482256288493,-0.1443368934375808,18.668757847377233,14.929290739994924,7.631268512604329,31.655754473892664
2564,2023-03-10,614.0999755859375,617.3499755859375,599.4299926757812,601.2100219726562,591.8496704101562,1043500,-0.0058371102377647865,30.750454810676263,0.00037523431391406456,0.0291808884914188,607.1097935267857,12.384395733185741,631.8785849931571,582.3410020604142,0.026282289944534635,-0.023888590609630018,8.873650863373069,613.2311650494892,-0.0058371102377647865,-3.4749755859375,35.19726723233808,-10.019829726988291,-0.1703060121878308,19.389308384486608,14.61349417460516,6.941978875905404,33.0989298402659
2565,2023-03-13,593.1199951171875,612.969970703125,589.8900146484375,604.780029296875,595.3642578125,966900,0.0059383109902013675,30.884008556111098,0.0003785007874975967,0.03891279377645565,604.3829345703125,12.597849477033975,629.5786335243804,579.1872356162446,0.013808236905976922,-0.005445745372505654,8.926345361818246,610.8489107512239,0.0059383109902013675,3.51458740234375,41.816187639383095,-10.514794935731516,0.10330711781319253,20.008592878069198,12.991087850975761,7.060273701586752,33.849465095039754
2566,2023-03-14,617.489990234375,620.4500122070312,611.280029296875,620.2999877929688,610.6425170898438,844600,0.025662036437120728,32.42396603345738,0.0004171879259280946,0.01485041548070388,601.9809308733259,8.353028244774656,618.6869873628751,585.2748743837766,0.00024295845509261877,-0.010056779924712532,9.155413561743549,610.8213915963732,0.025662036437120728,15.27825927734375,48.79831098526495,-9.563982949679826,0.39163061456735176,20.698643275669642,12.468347013159633,11.97496836555621,32.933719870275375
2567,2023-03-15,600.719970703125,609.0900268554688,596.6099853515625,606.6900024414062,597.2444458007812,1047200,-0.021940940753542804,32.116871763164276,0.00040932279835378526,0.02077514001956474,599.9726998465402,7.3706436748243425,614.7139871961889,585.2314124968915,0.003995246589277433,-0.00684176580104684,8.954535175211152,609.011132156961,-0.021940940753542804,-13.3980712890625,40.33368465132293,-9.778845536947074,0.14863447969605764,19.673230852399552,8.893940449602514,12.361213303554816,32.60271243810663
2568,2023-03-16,600.75,631.02001953125,598.989990234375,630.5599975585938,620.7428588867188,1063200,0.039344715972085664,35.07443896324016,0.00048818105896272204,0.05331673624115689,602.9892839704241,10.751276744036943,624.491837458498,581.4867304823503,0.0007657461051290054,-0.0029296875,9.306848818341885,610.5753623875954,0.039344715972085664,23.4984130859375,53.65591577944397,-7.961228052458409,0.6235419647703163,20.983224051339285,12.095213781975204,12.05851128269484,30.879974967527616
2569,2023-03-17,633.7100219726562,638.4000244140625,626.8099975585938,633.6900024414062,623.8240356445312,1109300,0.004963692636494432,35.18173051227869,0.0004911722864438896,0.018289164528896854,604.9989188058036,13.251161626212307,631.5012420582282,578.4965955533789,0.0074324561855508755,-0.01088829934010453,9.353045155290456,612.3418521551869,0.004963692636494432,3.0811767578125,50.51600144976378,-6.200650646011127,0.6995261629516298,20.057482038225448,12.060466625179075,17.888157477284352,30.12805758046748
2570,2023-03-20,646.2999877929688,648.3300170898438,639.0999755859375,646.3300170898438,636.2672729492188,935600,0.019946710279977076,34.54673041382107,0.00047360181836715446,0.014281358004393058,610.8478655133929,16.82362862161364,644.4951227566202,577.2006082701656,0.0030945381986308596,-0.011140356402633342,9.539607637238579,615.5319082610578,0.019946710279977076,12.4432373046875,59.267655753441666,-3.757995278808039,0.7935875489957503,20.728624616350448,11.724110170129611,20.304871056188993,29.96903252526403
2571,2023-03-21,651.7100219726562,655.8300170898438,635.2000122070312,642.1300048828125,632.1326293945312,848500,-0.006498281037656817,34.543854623290244,0.0004735229731091313,0.03165519047929889,616.6025739397321,16.11676121711919,648.8360963739705,584.3690515054938,0.021021638067744892,-0.02533336792282398,9.477616585822824,617.7453377455209,-0.006498281037656817,-4.1346435546875,58.72719975664876,-2.1312369096774546,0.6406219772835191,21.130235944475448,13.230533943944115,19.89461856688061,29.492259098522307
2572,2023-03-22,643.0,661.4000244140625,639.5399780273438,640.3699951171875,630.4000244140625,955500,-0.002740888383072848,32.35460578354629,0.0004154049664320186,0.03399696172118002,621.607683454241,13.67750995663821,648.9627033675175,594.2526635409646,0.03270611088160964,-0.005381060610662908,9.451639496623525,619.4326293013265,-0.002740888383072848,-1.73260498046875,55.463363880508886,-0.9706370245022526,0.5664942558167324,21.659332275390625,14.040351042716889,19.230499181031977,28.520332396824546
2573,2023-03-23,657.739990234375,673.9400024414062,654.9400024414062,664.1599731445312,653.819580078125,1171500,0.03715030894205662,34.448122608431994,0.0004709020441450647,0.028886794602878955,627.7758353097098,17.192510002942658,662.1608553155951,593.3908153038245,0.014869141974156147,-0.004256982750845086,9.802770823932033,624.0175560715663,0.03715030894205662,23.4195556640625,58.429856068773475,1.8179529330901687,0.7606136194470163,23.11092267717634,13.206132697102275,21.342418466557433,28.514384863445418
2574,2023-03-24,656.0599975585938,658.9500122070312,639.75,647.530029296875,637.4485473632812,842700,-0.025039067678101046,35.04096212302512,0.00048724961369336526,0.029265634665244875,633.5192783900669,10.831897690094365,655.1830737702556,611.8554830098782,0.017406918502352847,-0.024860527420187784,9.557318581838684,625.8083549104617,-0.025039067678101046,-16.37103271484375,58.34904847696286,2.6760768948848863,0.5658362834268286,23.535208565848215,11.855584398091185,21.765047424442248,28.46163691126409
2575,2023-03-27,655.3699951171875,657.47998046875,643.0499877929688,644.0499877929688,634.0227661132812,800300,-0.005374208262251545,33.18727088830957,0.00043706148770398395,0.022018085636039846,635.4164079938616,9.271847576029806,653.9601031459213,616.872712841802,0.02049223000113061,-0.018798552597782257,9.505955561351197,626.9036097375043,-0.005374208262251545,-3.42578125,61.594095558337095,3.044617940223816,0.5250774286077374,23.791739327566965,11.739310803849433,22.25581390805204,28.73690185565525
2576,2023-03-28,644.0999755859375,644.6199951171875,632.3800048828125,639.7100219726562,629.7503051757812,793200,-0.0067386554014318145,32.494435516080515,0.000419003309328855,0.019003245921939815,636.2630179268973,8.25133656493824,652.7656910567738,619.7603447970208,0.007622998495015699,-0.01819588751336832,9.441898202561926,627.2831691292746,-0.0067386554014318145,-4.2724609375,57.016483038667474,2.9578413289912078,0.4742450483815333,23.1715087890625,8.953422653363152,23.16427654314159,28.65275966804349
2577,2023-03-29,649.5700073242188,665.1699829101562,648.469970703125,659.1199951171875,648.8580932617188,1101800,0.030341848076761213,32.85984871532218,0.0004284800228547065,0.025709333895854895,638.0617065429688,9.526246813137316,657.1142001692434,619.0092129166941,0.009313834882694992,-0.0016934843183803137,9.728382843380306,630.1598256802672,0.030341848076761213,19.1077880859375,68.18977431284291,4.380414357484938,0.7015834286440462,24.320770263671875,12.934381490257488,22.164425109846725,27.71390977228047
2578,2023-03-30,675.2000122070312,680.6300048828125,673.510009765625,676.6799926757812,666.1447143554688,892500,0.026641605110992117,33.68923191689838,0.0004503826774407002,0.010545016274384119,642.9205758231027,13.740071368468815,670.4007185600403,615.4404330861651,0.005850136456780882,-0.0025029656558833977,9.987562577462194,634.9578108369608,0.026641605110992117,17.28662109375,73.07812188357669,6.824036340478756,0.8403648657011173,25.016954694475448,12.48939730605149,26.16699775295535,27.304015290997476
2579,2023-03-31,675.0900268554688,683.1799926757812,673.6300048828125,680.7100219726562,670.1119995117188,681600,0.005955590535742017,33.4888512069211,0.00044504093458702394,0.014146243335058666,648.5937151227679,15.758886991669788,680.1114891061075,617.0759411394283,0.0036587278805317036,-0.0021627070680586852,10.04704441062366,639.6450359935952,0.005955590535742017,3.96728515625,73.15362495297119,8.97726678018364,0.8490471057127125,24.585191999162948,12.734499203076219,26.428672000744864,26.887594743729625
2580,2023-04-03,674.7999877929688,675.739990234375,667.3900146484375,673.989990234375,663.49658203125,657200,-0.009872107178037548,33.25021374895687,0.00043872091839338085,0.012374000795772546,649.9761439732143,16.690631734458115,683.3574074421306,616.5948805042981,0.0025933610427641366,-0.010980991817689034,9.947858911379479,642.8252421319493,-0.009872107178037548,-6.61541748046875,67.30037642999244,10.034240040425743,0.7726301377009975,23.389779227120535,13.139402321679514,23.304066293721405,27.668468937099348
2581,2023-04-04,675.8800048828125,681.5999755859375,666.0599975585938,668.6799926757812,658.269287109375,877900,-0.00787840519972538,31.859640767716147,0.00040279234517774626,0.02299221446865875,652.9505353655134,15.923617906249547,684.7977711780125,621.1032995530143,0.019115793952798443,-0.014529217099596536,9.869485648005933,644.8844481289394,-0.00787840519972538,-5.227294921875,71.10369448842964,10.331010492255814,0.7041132575837212,23.680555071149552,14.24505447429195,23.06515882887636,26.63924116947557
2582,2023-04-05,663.6599731445312,664.780029296875,657.3099975585938,663.9000244140625,653.5637817382812,850300,-0.007148298520438079,31.03947536088116,0.0003823210439201383,0.011255811771933447,655.7421090262277,13.594944410031145,682.93199784629,628.5522202061654,0.0013259875816269144,-0.009568115967353373,9.798935618350807,646.041692610185,-0.007148298520438079,-4.70550537109375,63.04587690142895,10.070422691382987,0.4746103689395235,21.801587785993302,14.520749666033147,23.51155609589589,25.61001340185179
2583,2023-04-06,658.2999877929688,665.2000122070312,655.3200073242188,657.1199951171875,646.8893432617188,679600,-0.010212375078084257,31.072974107617174,0.000383146714243114,0.01500836254902028,658.1905430385044,8.848435563843141,675.8874141661908,640.4936719108181,0.012274065380029849,-0.004526781898843336,9.69886521245021,646.1547126970562,-0.010212375078084257,-6.6744384765625,58.91353141914745,9.21906196959003,0.2856169658551472,21.37152099609375,14.910131278883975,23.171052260257127,24.746848670572778
2584,2023-04-10,649.9299926757812,661.989990234375,645.489990234375,661.6400146484375,651.3388671875,688700,0.006878338578505616,29.533308441010508,0.0003461175823301042,0.025387349692955398,658.544939313616,8.453209820902615,675.4513589554213,641.6385196718109,0.0005384819747995319,-0.006831508764700375,9.765577291208732,646.8459332957821,0.006878338578505616,4.44952392578125,56.20792486925882,8.801928703352019,0.37320604055955314,20.799665178571427,14.263622266969916,23.31633500981671,24.353544720931055
2585,2023-04-11,669.510009765625,672.739990234375,658.969970703125,659.77001953125,649.4979858398438,787400,-0.002826303542432851,29.419307922863364,0.0003434506661350202,0.020567309420915846,656.1668352399554,8.29903278732843,672.7649008146122,639.5687696652985,0.01937233277164204,-0.015742914831385037,9.737976805516688,647.199540301657,-0.002826303542432851,-1.84088134765625,57.29047513621884,8.227957077245946,0.3369682100474945,20.854745047433035,14.283375509965312,26.339302157291396,24.072029648728517
2586,2023-04-12,669.010009765625,672.0,653.6900024414062,654.6599731445312,644.4675903320312,897300,-0.007745051743783149,29.72106021212209,0.0003505323095764233,0.027368794623877618,652.5033482142857,6.604297032605158,665.7119422794959,639.2947541490754,0.025918934847542117,-0.022899518842155776,9.6625556712782,646.8352803057069,-0.007745051743783149,-5.0303955078125,55.746837261002455,7.283213203437072,0.23794465263418427,20.371503557477677,14.301713532936144,26.373118444460985,24.076777830083138
2587,2023-04-13,662.3300170898438,670.8800048828125,659.8499755859375,665.4099731445312,655.0501708984375,1118600,0.01642065594168063,29.034761155975797,0.00033453069658117505,0.016653373714419467,651.2967180524554,4.78093187163422,660.8585817957238,641.734854309187,0.008258770699107921,-0.0037444196094314074,9.821221173473594,647.9305990514043,0.01642065594168063,10.58258056640625,50.56162123074214,7.304224137192591,0.4462632177790166,19.148106166294642,14.25968858264805,22.922278957799985,25.09008098779473
2588,2023-04-14,665.4099731445312,672.6400146484375,659.3699951171875,666.2000122070312,655.827880859375,645900,0.0011872525120797395,27.548024058689176,0.00030114826568972917,0.019942621942589472,650.9479457310268,4.24670616617908,659.441358063385,642.4545333986687,0.009678247548609315,-0.009077077698130365,9.832881442983492,648.9835699591338,0.0011872525120797395,0.7777099609375,59.78001962973717,7.299486214515241,0.46157247265732476,19.033094133649552,14.534993989564027,22.743081962709812,25.361791364506168
2589,2023-04-17,638.739990234375,642.0999755859375,632.280029296875,639.0399780273438,629.0906982421875,1536500,-0.04076859706261948,28.771099775871136,0.00032848261202902057,0.0153739337433049,647.4517909458706,9.069565051775092,665.5909210494208,629.3126608423204,0.004790677905529188,-0.010113600269696007,9.43200866146999,646.3311870635409,-0.04076859706261948,-26.7371826171875,47.897222648697465,5.079708474129006,-0.062658808434609,19.284266880580358,9.939028197143305,23.266022164454405,27.26576702800933
2590,2023-04-18,644.6900024414062,648.27001953125,636.760009765625,643.3300170898438,633.31396484375,910300,0.006713287310340377,28.809417825875748,0.00032935815693090775,0.017853557092613836,645.512451171875,10.54179435669954,666.5960398852741,624.4288624584759,0.007662601285422028,-0.012300474097241769,9.495328445528056,644.5955574342355,0.006713287310340377,4.2232666015625,51.51999683437042,3.6195767144167803,0.020313090191799218,19.779933384486608,11.2875157225738,16.95367286708364,27.294552321546636
2591,2023-04-19,624.760009765625,627.9500122070312,616.8800048828125,623.5999755859375,613.89111328125,2266100,-0.03066859826356738,29.90254295112012,0.0003548262202157077,0.01771881546703285,640.1627720424107,15.451024714896104,671.0648214722029,609.2607226126185,0.006962732174112169,-0.012612850950189077,9.204120032051533,640.5016315471707,-0.03066859826356738,-19.4228515625,35.12561851208153,0.884948838267178,-0.045081329590825024,18.423810686383927,11.49541214642694,14.461675413990315,26.562978575561893
2592,2023-04-20,625.3599853515625,639.8800048828125,625.3599853515625,633.5700073242188,623.7059326171875,1692900,0.01598788306850918,30.441901461056958,0.0003677418113351991,0.023218657847267267,636.4781930106027,15.921963222617356,668.3221194558374,604.634266565368,0.010090184384033493,0.0,9.351274426872495,638.262205023173,0.01598788306850918,9.8148193359375,30.721764160825302,-0.48470221554475756,0.10295518840350229,18.010737827845983,12.355148025351793,14.286980059386797,25.950271138619534
2593,2023-04-21,635.510009765625,637.1400146484375,627.7999877929688,634.469970703125,624.5919799804688,982000,0.0014206171802202405,30.436809266511723,0.0003676187929865135,0.014696899674189768,633.6388201032366,16.031587560514943,665.7019952242665,601.5756449822068,0.0042014191818901606,-0.012132022870103483,9.364559007980263,636.4395083508125,0.0014206171802202405,0.88604736328125,28.726560137829523,-1.4815851351009997,0.11915912528810643,17.753509521484375,11.510387767270295,15.386148606857967,25.893614107520982
2594,2023-04-24,640.8300170898438,641.3099975585938,626.9299926757812,627.3800048828125,617.6122436523438,1431400,-0.011174873440326971,27.4042178565892,0.0002980123636235723,0.022439655601832455,628.290544782366,13.78554596772193,655.8616367178099,600.7194528469222,0.021737422255968197,-0.021690657496329063,9.25991124624161,633.9292063910167,-0.011174873440326971,-6.979736328125,28.629071460532074,-2.802522683605389,0.0113139539708706,18.351226806640625,13.32034283706715,12.574645120770212,24.90930000638163
2595,2023-04-25,626.469970703125,626.469970703125,605.760009765625,605.760009765625,596.328857421875,1404900,-0.03446075826574646,28.548184981762958,0.0003234122483146652,0.03305818619567026,619.7906842912946,12.23219010035193,644.2550644919985,595.3263040905907,0.03305818619567026,-0.03305818619567026,8.940807683222612,628.9158265284644,-0.03446075826574646,-21.28338623046875,24.90427424994634,-5.503327668099473,-0.14080554036814288,18.537410191127233,13.270369510462066,12.52746939449576,23.642888008443993
2596,2023-04-26,613.719970703125,615.1300048828125,606.1699829101562,609.0999755859375,599.6168823242188,844200,0.005513777945543197,28.68365960250739,0.0003264890191240136,0.01459952812418823,615.5801391601562,13.504012009506534,642.5881631791693,588.5721151411432,0.009825375716495803,-0.01230200768001553,8.990105311441708,625.0093006345651,0.005513777945543197,3.28802490234375,27.888955710167323,-7.294334399717286,-0.09171587388372517,19.346775599888392,13.311058716154548,11.845619105567387,22.44717008521236
2597,2023-04-27,621.760009765625,631.2999877929688,612.77001953125,629.239990234375,619.4432983398438,1127000,0.03306513975853109,31.150046340764288,0.00038504975675863595,0.029802444626028133,613.598615373884,11.307080465943606,636.2127763057712,590.9844544419967,0.0033131715231577447,-0.0144589392903603,9.28736440000844,624.2671669952689,0.03306513975853109,19.826416015625,39.84554101292578,-7.03282404404365,0.20428922908693276,20.778695242745535,16.53955368661495,11.298145419493148,21.236802327067
2598,2023-04-28,630.8599853515625,637.3400268554688,626.52001953125,636.8599853515625,626.9447631835938,823000,0.012110010494672308,29.462637499820403,0.0003444630985896125,0.01715120244659206,615.4634225027902,12.38811243973178,640.2396473822538,590.6871976233266,0.0007609319263429505,-0.006879443808587646,9.399834480360388,624.6241798203789,0.012110010494672308,7.50146484375,41.17401287793433,-6.149383418370007,0.3162848551120831,20.878461565290177,12.161257505154827,15.199713570288823,20.51336229135135
2599,2023-05-01,635.0,639.2100219726562,634.030029296875,635.2000122070312,627.1214599609375,469300,0.0002818378710853775,27.653108248271845,0.000303450157059778,0.008157468780757874,615.9513549804688,12.826380995087401,641.6041169706435,590.298592990294,0.006314976008858267,-0.0015275129183070866,9.402483709698888,624.9571505057868,0.0002818378710853775,0.17669677734375,41.80530614233786,-5.373055169084068,0.3193996506540654,20.225899832589285,12.77958173762298,11.403350661635484,19.099477297664183
2600,2023-05-02,632.8699951171875,637.52001953125,628.530029296875,634.0499877929688,625.986083984375,738100,-0.0018104562657339507,27.476241606339414,0.00029958089397219724,0.014205113694338342,616.1505126953125,12.99265199904916,642.1358166934108,590.1652086972142,0.0054830087775589835,-0.006857594535681654,9.385460924153202,625.0943416362652,-0.0018104562657339507,-1.1353759765625,43.03297453730866,-4.794160690775811,0.3024233364544491,19.36136736188616,12.328190759231598,11.604083905025753,17.578462242567248
2601,2023-05-03,633.9400024414062,644.6500244140625,630.719970703125,634.739990234375,626.667236328125,582900,0.001088126974667647,27.397806188492613,0.00029787293013579523,0.021973773002635255,617.4440830775669,13.599053790930196,644.6421906594273,590.2459754957065,0.01563244808897111,-0.005079395093984262,9.395673497354462,625.3040609285132,0.001088126974667647,0.68115234375,38.43722835222062,-4.231639636864429,0.3126080298458972,18.807904924665177,13.840697082039693,11.29509080443125,16.732549137770068
2602,2023-05-04,632.1300048828125,639.3400268554688,629.8499755859375,635.0499877929688,626.973388671875,614000,0.0004885405299690504,27.346911428777677,0.0002967672875767504,0.015012815712316272,621.8218732561384,10.168621397362992,642.1591160508643,601.4846304614124,0.0067866404526950265,-0.003606899339159962,9.400263664664276,625.5266379609615,0.0004885405299690504,0.30615234375,38.1997853380925,-3.7182717907160168,0.49902079588332254,18.45668683733259,12.503100460018768,11.455704335018451,15.815012705197448
2603,2023-05-05,636.6799926757812,654.219970703125,633.9000244140625,650.3200073242188,642.0491333007812,801400,0.02404527034367665,28.73183839838819,0.0003275867213297992,0.031915477983945534,627.8836233956473,6.822412697470108,641.5284487905875,614.2387980007071,0.00612546871861928,-0.004366350904220109,9.62629554578297,627.7296373396041,0.02404527034367665,15.07574462890625,55.858183566038974,-2.0710635443824685,0.7488475606069767,18.720881870814733,15.591928772381141,10.8916899845088,15.534431832415285
2604,2023-05-08,651.75,655.0,649.2100219726562,654.989990234375,646.6597900390625,518900,0.007181158729360426,28.637031870002676,0.0003254284104458527,0.0088837407400748,631.7716936383929,8.705913750373394,649.1835211391397,614.3598661376461,1.5358290180283852e-05,-0.003897166133247027,9.695423502072973,630.2536576995319,0.007181158729360426,4.61065673828125,56.01225448682274,-0.38911223215700375,0.8306212100928667,18.275992257254465,15.436850473458257,14.655199832068547,14.625127605108835
2605,2023-05-09,640.5,643.8699951171875,638.280029296875,643.0499877929688,634.87158203125,746100,-0.01822938149146469,29.207687686196792,0.0003385273888787348,0.008727503232338018,632.9040963309152,8.486178024687483,649.8764523802902,615.9317402815402,0.0012802612399980483,-0.003465996413934426,9.518681928332372,630.869380943761,-0.01822938149146469,-11.7882080078125,60.14982136002599,-0.007279652180272933,0.5912180755328802,17.700692313058035,15.754294048582517,14.956569534188235,13.60171463184853
2606,2023-05-10,654.3800048828125,660.4000244140625,651.9000244140625,657.1400146484375,648.782470703125,813600,0.021911342491291785,30.257042291375868,0.0003632891302468681,0.012989394444474498,635.9985264369419,9.863626026545049,655.725778490032,616.2712743838518,0.004981829733946116,-0.003789817002727825,9.727249028129732,633.2577929116762,0.021911342491291785,13.910888671875,61.66893880008634,1.4016604074060979,0.7873801135360838,17.667803083147323,19.734158305128407,11.42344653138296,13.458634490047412
2607,2023-05-11,650.780029296875,652.280029296875,645.1500244140625,650.1900024414062,641.9207763671875,560600,-0.010576263456226087,30.36549365037456,0.00036589809707576894,0.010956090478861192,638.2749110630581,8.96564983662127,656.2062107363006,620.3436113898156,0.003211571900457496,-0.008651164186607493,9.624371079703913,634.412857372411,-0.010576263456226087,-6.8616943359375,57.63883844131804,1.9421858585468499,0.6618000898101253,17.217511858258927,20.524900567488018,11.881180872746908,13.315554348246296
2608,2023-05-12,649.3400268554688,651.0,642.0999755859375,647.510009765625,639.27490234375,375300,-0.004121807738349359,29.793119482344014,0.00035223411447985175,0.013706261813494339,640.0760062081473,7.369436044855166,654.8148782978576,625.337134118437,0.005374672883290172,-0.011149861351674773,9.584701272510843,635.0611300352563,-0.004121807738349359,-2.6458740234375,59.928643322354375,2.1324744140262055,0.6133763468726193,16.671883719308035,21.496136255480355,10.76171487071752,13.790749571346188
2609,2023-05-15,646.8800048828125,655.7000122070312,644.8800048828125,655.6900024414062,647.350830078125,893400,0.012632949776014257,30.160138741110774,0.0003609658606678774,0.016726451957931335,642.9870692661831,4.962794657207308,652.9126585805977,633.0614799517684,1.5473914094490136e-05,-0.003091763518586907,9.705784322304572,636.6997567076388,0.012632949776014257,8.075927734375,76.60601616328276,2.9014927378530047,0.7593733293566158,16.36582292829241,22.369891826772395,10.796043493951958,14.403999803072628
2610,2023-05-16,652.780029296875,657.8699951171875,651.5800170898438,652.0499877929688,643.757080078125,709600,-0.005551471988637591,26.469112651548276,0.00027802139863506066,0.009635677785852052,643.2310616629464,4.950967104266929,653.1329958714803,633.3291274544126,0.008915725149385496,-0.0018383102318920692,9.65190293251154,637.640733157037,-0.005551471988637591,-3.59375,72.94427520198582,3.1842536156335655,0.6505785717031665,15.774252755301339,23.19762893604954,13.098367154704194,13.81777523945981
2611,2023-05-17,656.989990234375,671.4000244140625,652.77001953125,670.5,661.9724731445312,1162700,0.02829544502127357,28.04151233279712,0.0003120342912342908,0.02835660384440016,645.4185878208706,8.689647890918826,662.7978836027082,628.039292039033,0.0013699210451310296,-0.006423188733240159,9.925007821289089,640.8849651553695,0.02829544502127357,18.21539306640625,72.48341810888355,4.822581914170655,0.7899387200570097,15.485669817243304,24.694327856448226,12.790909267878167,14.374513304399281
2612,2023-05-18,675.27001953125,697.25,675.0700073242188,695.9299926757812,687.0790405273438,1459000,0.03792690542485877,27.96046447241916,0.00031023316409262467,0.03284610901455075,652.8767961774554,16.773191746351976,686.4231796701594,619.3304126847514,0.001954784435913585,-0.0002961958938590104,10.301432654268105,647.0441752049661,0.03792690542485877,25.1065673828125,76.80160868410859,8.054017359070258,0.851994123853814,16.727155412946427,30.281045537143715,12.155646585229,15.864230200338197
2613,2023-05-19,698.0,699.8699951171875,693.8400268554688,694.0,685.173583984375,949400,-0.0027732712403892856,27.83089153525305,0.0003073644935107222,0.008638923011058381,658.0755266462054,20.51491806916719,699.1053627845398,617.045690507871,0.008409735124910458,-0.005959846911935888,10.272863987353215,652.1280963755539,-0.0027732712403892856,-1.90545654296875,75.480939246057,10.341982871058804,0.793994698990618,16.764705113002233,28.11468498694928,17.719143480899252,16.598987054297968
2614,2023-05-22,690.8599853515625,699.5999755859375,688.8300170898438,698.6400146484375,689.7545776367188,856000,0.00668588772162626,27.814112495588112,0.00030699398964969475,0.015589205807907907,664.9089268275669,22.139293835168555,709.187514497904,620.6303391572299,0.0013895159046033016,-0.0029383207954731183,10.341547202552198,657.1449605437092,0.00668588772162626,4.58099365234375,77.16825610138542,12.382126479543786,0.8555353519152586,17.05240740094866,28.03871009992668,17.006783725109955,17.079022496467474
2615,2023-05-23,690.8499755859375,693.3800048828125,678.8599853515625,681.4500122070312,672.7832641601562,958600,-0.02460485805648538,29.148100364128094,0.0003371475217608271,0.02101761604454714,669.6958356584821,19.08485653260918,707.8655487237005,631.5261225932637,0.01726857218987805,-0.017355418192214322,10.087094901548957,659.2300676925688,-0.02460485805648538,-16.9713134765625,67.25271372914725,12.48558576464768,0.6131573350255577,16.756413051060267,27.065118315990556,17.109194707488705,18.015123112819566
2616,2023-05-24,668.0599975585938,670.8400268554688,661.1799926757812,666.7899780273438,658.3095703125,1159300,-0.0215131597628605,27.266223190727967,0.0002950186218597586,0.014459830277205371,671.2613699776786,17.31368424798003,705.8887384736386,636.6340014817185,0.006062402842447966,-0.010298483531352397,9.870089617388798,659.1073347085596,-0.0215131597628605,-14.47369384765625,60.599714264478784,11.269761071230505,0.3700099551094877,16.680018833705358,27.757651007229345,17.546978740699647,18.951223729171655
2617,2023-05-25,701.02001953125,710.989990234375,693.760009765625,708.47998046875,699.4694213867188,1929800,0.06252354960399575,33.80625472051971,0.00045351700723359563,0.02457844282431641,679.2202758789062,15.244566752544738,709.7094093839958,648.7311423738167,0.003580510820936846,-0.01035635154967406,10.48720265517749,664.4889462656475,0.06252354960399575,41.15985107421875,66.50954554675693,13.472168464687797,0.8415544624269693,18.496721540178573,35.64563628326386,15.916637397702818,20.495853151744683
2618,2023-05-26,716.6500244140625,742.3099975585938,715.6400146484375,735.9299926757812,726.5703125,2349100,0.03874492620356862,34.397958939677004,0.0004695315790538512,0.03721479383463608,688.4485386439732,21.38065451938572,731.2098476827446,645.6872296052018,0.008902539127140658,-0.001409348679574511,10.893528548134212,672.7664617635612,0.03874492620356862,27.10089111328125,70.34480315210237,17.20606678524007,0.848700472358159,20.631700788225448,38.43231602120087,15.473703135206593,21.627358834025255
2619,2023-05-30,743.1300048828125,747.1300048828125,725.5499877929688,728.260009765625,718.9979248046875,1411100,-0.010422098955925163,34.92740107653779,0.00048409656585767186,0.029039356435684224,693.0083792550223,24.2509064125508,741.5101920801239,644.5065664299207,0.025392589443570097,-0.02365671817088858,10.779995115626361,678.9306568357114,-0.010422098955925163,-7.5723876953125,71.88798795651387,19.331340048893026,0.732152030553018,21.574576241629465,38.08246512012386,14.383804442202553,23.249466106379142
2620,2023-05-31,727.0700073242188,730.0399780273438,713.280029296875,722.9299926757812,713.7356567382812,1347600,-0.007318891870008781,35.203497324470774,0.0004917802475690558,0.023051354837409856,697.0886753627232,25.100906595948665,747.2904885546205,646.8868621708258,0.009778955643802233,-0.018966506510279486,10.70109749701587,683.5713234893874,-0.007318891870008781,-5.26226806640625,67.69590251193009,20.35635794476093,0.6820495208076187,20.948255266462052,37.664078508540626,12.390113927194905,25.38290816579143
2621,2023-06-01,724.2000122070312,732.719970703125,718.5499877929688,726.77001953125,717.5269165039062,992100,0.005311854227587176,35.08019225840996,0.0004883412257488119,0.01956639418849581,701.05615234375,25.929647342880767,752.9154470295115,649.1968576579885,0.008215894879292066,-0.007801745814452286,10.757940166995215,688.0987358913233,0.005311854227587176,3.791259765625,70.94867896576625,21.22989003314308,0.7181464331954914,21.794991629464285,36.88990381426009,13.397092831089449,27.463470875330067
2622,2023-06-02,730.0,732.5499877929688,719.760009765625,724.6500244140625,715.4337158203125,813800,-0.0029172434308007977,35.18889973969978,0.0004913724860677153,0.01752051784567637,707.1490740094866,23.02741819463626,753.2039103987591,661.0942376202141,0.010821867642337328,-0.014027383882705479,10.7265566367141,691.7433998818552,-0.0029172434308007977,-2.09320068359375,71.16663782896188,21.50536622981508,0.6900118429095354,22.219552176339285,35.492311152948226,13.807126846739864,29.075816523435215
2623,2023-06-05,724.6400146484375,726.6300048828125,718.4000244140625,722.2000122070312,713.0149536132812,663700,-0.0033808334071283586,35.298351203872606,0.0004944339673460058,0.011357336473811501,714.964128766741,8.197131494310321,731.3583917553617,698.5698657781204,0.0061133702062126415,-0.008611158793656131,10.690291935693242,694.5796070460453,-0.0033808334071283586,-2.41876220703125,68.84238467754619,21.283170068472145,0.6429612179182123,21.846064976283483,35.619326100466715,13.856537872250785,30.96224615073
2624,2023-06-06,707.75,717.6400146484375,702.9500122070312,716.6300048828125,707.5158081054688,845400,-0.007712524793407227,35.00823382669632,0.00048633985542247794,0.02075592008676263,716.1136125837054,5.906213126480606,727.9260388366666,704.3011863307441,0.001427071374955846,-0.006782038563007771,10.607842794090447,696.3044338539685,-0.007712524793407227,-5.4991455078125,68.09772905007898,20.42786323410769,0.5801801300651879,22.14398193359375,33.0176665958709,14.291483879315184,32.00200137606483
2625,2023-06-07,713.3599853515625,720.1500244140625,705.5700073242188,710.2100219726562,701.177490234375,921200,-0.00895855300825854,35.31856276949182,0.0004950003476597356,0.020438512657334342,712.486066545759,6.203919014961798,724.8939045756825,700.0782285158353,0.013934062248399812,-0.010920121940263644,10.512811872116314,696.9541747046894,-0.00895855300825854,-6.33831787109375,61.93280467492264,19.019334080895987,0.4653576716458186,21.21091570172991,32.88374466398694,11.074107594932864,34.240922862417925
2626,2023-06-08,711.0999755859375,720.4199829101562,708.3699951171875,720.0499877929688,710.892333984375,762400,0.013855042247224336,34.50286523706098,0.0004723998847487266,0.01694556069002774,711.328125,5.50275010024223,722.3336252004844,700.3226247995156,0.0005203137813113109,-0.003839095151846307,10.658467324741608,698.8125959419808,0.013855042247224336,9.71484375,57.9973508674044,18.474014341702855,0.5783866695545038,20.065556117466517,32.01782997429547,11.461249160530285,36.36862353165772
2627,2023-06-09,720.5599975585938,725.6099853515625,712.6099853515625,715.8599853515625,706.755615234375,864500,-0.005819051004270492,34.18896668932254,0.00046384342987444704,0.018041523320815323,710.3309762137277,5.624841458009304,721.5806591297463,699.0812932977091,0.01353114249061149,-0.011033102356455445,10.596445159751585,699.8716651809667,-0.005819051004270492,-4.13671875,57.14099342204644,17.506244795705925,0.5302573133883206,20.203177315848215,30.05655001886317,11.769693936450475,37.180426807086256
2628,2023-06-12,721.989990234375,730.77001953125,720.0,730.1699829101562,720.883544921875,1058900,0.019989837198272298,34.152754916720454,0.00046286137634983054,0.014917131368751798,710.8104945591518,6.426489883568025,723.6634743262879,697.9575147920158,0.0008310871746282298,-0.0027562573737746725,10.80826637337544,702.6732491464212,0.019989837198272298,14.1279296875,59.687804752032754,17.675533761284328,0.6946311083968598,20.888035365513392,28.844189056640033,13.060389683010557,37.70389865548763
2629,2023-06-13,737.219970703125,739.4000244140625,723.7999877929688,737.27001953125,727.8932495117188,876100,0.009723768338481653,33.984565800948,0.00045831377487260473,0.02116062673426384,712.5904279436384,9.092742850839537,730.7759136453175,694.4049422419592,0.0028892392602726208,-0.01820349887884469,10.913363451730744,706.0359158617943,0.009723768338481653,7.00970458984375,68.28479108580946,18.16591569577031,0.7761867057708217,21.173496791294642,30.224440495826165,12.772433390594795,38.05209329582053
2630,2023-06-14,735.4099731445312,741.719970703125,728.1599731445312,740.2100219726562,730.7959594726562,821400,0.00398782371300288,33.91715465997193,0.0004564973731065299,0.018438691415364833,715.1305716378348,11.417549953242315,737.9656715443194,692.2954717313502,0.0020532067630418135,-0.009858446668869347,10.956884021292174,709.3372550099092,0.00398782371300288,2.9027099609375,76.05025372092584,18.574654294365132,0.6939470319551151,21.33231462751116,29.304279922970196,13.875278342117522,38.091874003964016
2631,2023-06-15,723.27001953125,744.4400024414062,722.3200073242188,738.6900024414062,729.2952270507812,820400,-0.002053558729249061,33.788403874918295,0.0004530381890534102,0.030583315386863996,718.2419172014509,11.95165415614619,742.1452255137433,694.3386088891584,0.00795000462445072,-0.0013134959024666212,10.934383416464879,711.9983179486921,-0.002053558729249061,-1.500732421875,64.99253235875605,18.563497569646074,0.5963155095358813,19.149427141462052,29.148798027807832,11.973900184027137,38.75569687332966
2632,2023-06-16,731.4000244140625,733.1599731445312,720.0,721.8800048828125,712.6990356445312,1337100,-0.022756478845150085,34.201856545320716,0.0004641932504550387,0.017992853028783992,719.8878522600446,9.811705382929045,739.5112630259027,700.2644414941865,0.015422433531849186,-0.01558657920909322,10.685555351563336,712.0917469748041,-0.022756478845150085,-16.59619140625,42.20400949787629,17.019294011380225,0.22066602656646106,17.029384068080358,26.945885841363975,12.384307073106896,39.00660012330303
2633,2023-06-20,720.6199951171875,724.739990234375,710.5800170898438,720.4099731445312,711.2477416992188,799300,-0.0020363349362469974,31.89227031181923,0.0004036178196992644,0.019649708917983257,719.9386247907366,9.758171717716655,739.45496822617,700.4222813553033,0.0060087384740685704,-0.013932416662558808,10.663795981887747,711.9792129380594,-0.0020363349362469974,-1.4512939453125,45.32237138261889,15.499723113837831,0.19999352724148686,16.499380929129465,21.923960761906734,13.03578884118449,38.1833807985729
2634,2023-06-21,718.6199951171875,719.5499877929688,704.8599853515625,707.2999877929688,698.3045043945312,820300,-0.018197930968139486,32.61262934395851,0.00042205698124064427,0.020441961733907374,718.7313232421875,11.939932138173576,742.6111875185346,694.8514589658404,0.01704656158085659,-0.019147824801870585,10.46973695875103,710.155918465589,-0.018197930968139486,-12.9432373046875,41.47676627924695,13.100032134320031,-0.11196695362562742,16.351527622767858,21.820734022256012,8.32067228070855,39.236150038326194
2635,2023-06-22,701.97998046875,717.75,700.3499755859375,717.4099731445312,708.2858276367188,699800,0.014293654386265064,32.8821402204543,0.0004290615656657215,0.024787066438053635,716.9316493443081,12.497842574484014,741.9273344932761,691.93596419534,0.00048438255353335815,-0.0023220104962595337,10.619387760354522,709.9065730217396,0.014293654386265064,9.9813232421875,45.222471291787514,11.866875162458427,0.17999199857137121,16.384469168526785,21.55253216350232,8.218401671044814,40.202743272988215
2636,2023-06-23,698.0999755859375,701.6300048828125,695.9199829101562,697.8900146484375,689.0140991210938,916100,-0.0272089709601101,33.15352305096811,0.0004361730518615373,0.008179375694525197,711.3774850027902,15.168323108850071,741.7141312204903,681.04083878509,0.0053573848519847134,-0.0031227513995420396,10.330445147168888,707.1209098349868,-0.0272089709601101,-19.271728515625,38.401525816753,9.22814562869985,-0.1423306061246465,16.194667271205358,21.66683120136929,8.26198612769606,41.26232796400548
2637,2023-06-26,703.0800170898438,714.1199951171875,700.22998046875,700.239990234375,691.334228515625,714000,0.003367317733397268,32.096037732001875,0.0004087919198786062,0.01975595140071027,705.7400948660714,14.039598537738597,733.8192919415486,677.6608977905943,0.019741714378775796,-0.004053644751404669,10.365231038306838,705.0160189924053,0.003367317733397268,2.32012939453125,40.47369637754967,7.2406824342510845,-0.0945126246616148,17.18821062360491,23.94569916226002,7.996180536266436,42.56685772127805
2638,2023-06-27,706.9000244140625,726.6599731445312,704.52001953125,725.0800170898438,715.8583984375,1115800,0.03547368105081561,26.626524580320048,0.0002813380203279316,0.031319780518656345,703.8205479213169,10.83516769765495,725.4908833166268,682.1502125260071,0.002235048804810976,-0.0033668196358958196,10.73292393817775,706.4616695850846,0.03547368105081561,24.524169921875,53.14058545834372,7.557382290667192,0.4109317292113234,18.66219220842634,18.116300939059794,8.34108639553375,42.50421700535679
2639,2023-06-28,719.4299926757812,730.0,717.3200073242188,724.1900024414062,714.9796142578125,866400,-0.0012275949847143641,22.866621766104345,0.00020749301229923688,0.017625054285852693,704.1463448660714,11.175563862913851,726.4974725918992,681.7952171402437,0.008075834504736984,-0.0029328570855307492,10.719748254579923,707.5973955414483,-0.0012275949847143641,-0.8787841796875,55.41856883111655,7.64928250240655,0.39281994384566615,18.630876813616073,11.125507712990347,12.40744779121878,40.73551947899365
2640,2023-06-29,727.6199951171875,729.3800048828125,721.5900268554688,723.3499755859375,714.1502685546875,768100,-0.0011599571324644176,22.59220860107612,0.0002025428132835467,0.010706107693053609,704.5609915597098,11.531149804958757,727.6232911696274,681.4986919497923,0.008287333137270132,-0.008287249253983995,10.707313806133799,708.4711119432136,-0.0011599571324644176,-0.829345703125,51.3749576266384,7.567954150643573,0.3757270879248055,18.28501238141741,11.343473151389098,11.111518234617728,38.63378854776521
2641,2023-06-30,722.530029296875,727.4500122070312,715.6599731445312,724.75,715.532470703125,963600,0.0019354500156316679,22.453142806942864,0.0002000569928210198,0.016317714952239968,707.0221296037946,11.808427884273202,730.638985372341,683.4052738352482,0.0037368858006618048,-0.009508333043305199,10.728037276807253,709.4126264445351,0.0019354500156316679,1.3822021484375,53.79229810100277,7.528252004828232,0.4042143425011825,18.183733258928573,11.451600103035029,11.217434172252776,36.27853973445281
2642,2023-07-03,733.989990234375,737.1699829101562,726.1500244140625,733.8800048828125,724.54638671875,531900,0.012597494012769772,22.80069091308187,0.00020629821671186275,0.01501377218042837,709.3450666155134,13.566897304212352,736.4788612239381,682.2112720070886,0.004482320019504907,-0.010681298007632326,10.863183662170604,711.4304611477638,0.012597494012769772,9.013916015625,51.655814056153986,8.130413116848104,0.5899915969769244,18.01395525251116,11.368508096028652,12.563625007135752,34.29169727204444
2643,2023-07-05,721.2000122070312,722.6099853515625,714.4400024414062,715.6699829101562,706.5679931640625,954800,-0.02481330924318892,24.42539660828115,0.00023674603153644135,0.011328317764657684,711.852765764509,10.445957968841238,732.7446817021914,690.9608498268265,0.009622854026538783,-0.009373280159740816,10.593632126595606,710.7821320832703,-0.02481330924318892,-17.9783935546875,41.22952741417491,7.075363640514297,0.21945601747023719,17.413234165736608,11.523453460988389,12.399433744579689,32.371459484568014
2644,2023-07-06,701.72998046875,703.6799926757812,693.22998046875,699.3099975585938,690.416015625,1218700,-0.02285976395100031,25.61963749789925,0.0002604626291760973,0.014891785299027306,711.7215924944196,10.747958473148762,733.2175094407171,690.2256755481221,0.006227459619536817,-0.012112921261141028,10.351464196797897,708.0666498888343,-0.02285976395100031,-16.1519775390625,35.02487836964852,4.879650160036817,-0.05494949494949495,17.378326416015625,11.45544266526415,12.32625296085424,30.451221697091597
2645,2023-07-07,697.9000244140625,705.739990234375,693.6599731445312,696.739990234375,687.8787841796875,1350800,-0.003674931328201736,25.53248865794831,0.0002586936416937536,0.01730909394936015,707.7245047433036,13.739487129769687,735.203479002843,680.2455304837641,0.012895829897063194,-0.006075442214077982,10.313423276728326,705.374934460948,-0.003674931328201736,-2.5372314453125,34.75766747277204,2.901353042543292,-0.12178416003044812,16.892896379743302,12.002147791998635,12.304756103376091,28.62562013429648
2646,2023-07-10,703.7100219726562,712.8300170898438,703.4299926757812,709.8300170898438,700.8023071289062,930900,0.01878750042368349,26.270807782717416,0.00027387116728431977,0.013357809496178744,705.6991751534598,13.535185786481316,732.7695467264224,678.6288035804972,0.004263119617922068,-0.00039793279636691174,10.507186720909486,704.7652508166758,0.01878750042368349,12.92352294921875,45.50004709671819,2.349277609771889,0.1723333236099362,17.73512922014509,11.669223609105478,13.875774061405144,26.674335050494236
2647,2023-07-11,708.9199829101562,709.780029296875,695.6900024414062,705.0,696.0337524414062,623200,-0.006804422073089511,25.88025054280998,0.000265788638158181,0.019875341639585896,703.111101422991,13.381081562747333,729.8732645484857,676.3489382974964,0.006742692281366808,-0.018662163273265607,10.435691387659656,703.6010510333066,-0.006804422073089511,-4.7685546875,44.386168948689836,1.5095699582014959,0.06380909915503678,17.730133056640625,11.83228092617127,13.310318754564351,24.70287665383544
2648,2023-07-12,729.52001953125,730.5,722.22998046875,724.8599853515625,715.64111328125,1311700,0.028170129352303785,27.67859988796945,0.0003040098776818661,0.011336247546111025,703.1266217912946,13.397942372712862,729.9225065367203,676.3307370458689,0.007731130739991847,-0.009992925303385346,10.729666163930752,705.2063926663658,0.028170129352303785,19.60736083984375,56.09719867547678,2.3985962245859582,0.5100394075395221,19.14272199358259,9.894831836044563,19.46534057067857,24.173157592225916
2649,2023-07-13,741.1699829101562,751.5,740.2000122070312,750.739990234375,741.1920166015625,1209100,0.035703515136463304,29.529017993015028,0.00034601702525071634,0.015246148729067622,705.5045689174107,18.38302969093655,742.2706282992838,668.7385095355376,0.0010254189769543427,-0.0013087020865530366,11.112752962223851,710.0044758577254,0.035703515136463304,25.5509033203125,60.43063276611864,5.106041043178948,0.8230997092268114,20.315107073102677,14.847746054320096,17.04344360558127,22.70739170889357
2650,2023-07-14,760.6500244140625,771.97998046875,751.969970703125,754.02001953125,744.4302978515625,1762300,0.004369017983825385,29.398815025761234,0.00034297235115830326,0.026306460426447683,710.9134695870536,23.582842422883925,758.0791544328214,663.7477847412857,0.0236113328877295,-0.011411363218746815,11.161304779765617,714.5945854569037,0.004369017983825385,3.23828125,69.55339879424092,7.427394421926465,0.6501627604166667,21.630972726004465,17.278162266191227,16.5365421782187,20.879019055179043
2651,2023-07-17,744.5,756.9199829101562,735.47998046875,754.489990234375,744.8942260742188,1355200,0.000623199007341757,29.38218860034203,0.0003425845265659004,0.02879785418590497,718.6960710797991,24.655853703210944,768.007778486221,669.3843636733773,0.003263925689430826,-0.01211554000167898,11.168260493825006,718.6345375392124,0.000623199007341757,0.46392822265625,69.14928299870945,9.19848442677619,0.6560539124503968,21.369123186383927,16.96512361068969,15.199379037970742,19.438901969326015
2652,2023-07-18,748.7999877929688,760.0,742.4500122070312,757.030029296875,747.4019165039062,1222000,0.003366505393529007,29.36951094570463,0.00034228895761502536,0.02343748407995573,727.1993756975446,22.418904949018163,772.0371855955809,682.3615657995083,0.003966307093405228,-0.008480202576730232,11.205858503013804,722.4701880678382,0.003366505393529007,2.5076904296875,63.384943547497336,10.681308203579079,0.6878976004464286,20.09942626953125,16.49724240762675,17.043415743430987,17.527634573497455
2653,2023-07-19,739.2000122070312,742.8300170898438,713.1300048828125,715.780029296875,706.6766357421875,2406200,-0.05448913076409789,34.29316114928132,0.00046667496095657846,0.040178587278909605,728.0385654994419,21.350611795571695,770.7397890905853,685.3373419082985,0.03659359760047289,-0.03526786646875379,10.595261013719107,720.3643810910847,-0.05448913076409789,-40.72528076171875,47.36711922167867,8.47260006818965,0.17075117807539683,21.537305559430802,15.699799212501594,16.21957163843046,15.842133279381338
2654,2023-07-20,697.0,697.8099975585938,673.3400268554688,676.1300048828125,667.5308837890625,2918800,-0.05539415055375663,39.276266988599154,0.0006121528367300489,0.03510756198439742,723.9667271205357,29.59702731939034,783.1607817593164,664.772672481755,0.031104724068552726,-0.03394544210119261,10.008345529968802,713.3199147841484,-0.05539415055375663,-39.145751953125,38.106996115449085,3.522838836872438,-0.058892394548167,22.889892578125,15.039463112117327,15.537373825537678,14.709008374835955
2655,2023-07-21,695.3099975585938,697.8599853515625,689.27001953125,693.3599853515625,684.541748046875,2523700,0.025483261779971622,40.015332405368554,0.0006354074712349757,0.01235415260887087,719.5239606584821,33.173156992694224,785.8702746438705,653.1776466730937,0.0064719334049569525,-0.008686741235638226,10.263390819093406,709.4828258858453,0.025483261779971622,17.0108642578125,42.67786903827307,0.961666487183038,0.1135617037627845,24.106275285993302,14.540698618798654,18.400154279342683,13.134114531417541
2656,2023-07-24,685.0,688.75,680.8499755859375,684.47998046875,675.774658203125,1145300,-0.012807239103771462,39.84176916647519,0.0006299073691724971,0.011532882356295621,710.1786237444196,35.20392883350762,780.5864814114349,639.7707660774043,0.006233605155109489,-0.006058429801551095,10.131945118857823,704.9884035281492,-0.012807239103771462,-8.76708984375,38.46332205089054,-1.7552781787379672,0.02468200012746602,23.125026157924108,14.905631939354796,18.861949793846,11.55922068799913
2657,2023-07-25,684.9199829101562,695.3200073242188,684.9099731445312,687.2999877929688,678.5587768554688,1061900,0.004119892065421071,38.8018580975473,0.0005974540443738878,0.015198905623188727,700.7684064592634,33.27329220398277,767.3149908672289,634.2218220512979,0.011709425526137728,-1.4614503700811168e-05,10.173687639160287,701.4644533051252,0.004119892065421071,2.78411865234375,42.86144067598868,-3.641840424173097,0.05290706056554074,23.799237932477677,16.082810681471667,18.57210061304715,9.768458274393405
2658,2023-07-26,679.9299926757812,690.1699829101562,677.4400024414062,684.2999877929688,675.596923828125,752200,-0.004364917422584047,38.79871956359088,0.0005973573967357813,0.018722487029367126,690.8687918526786,27.818371747807824,746.5055353482942,635.2320483570629,0.008633234568880911,-0.0036621273678131895,10.129280332732188,698.0154493748585,-0.004364917422584047,-2.96185302734375,45.950900355819655,-5.314686978485383,0.02288015038515157,23.755807059151785,13.774348338004597,19.07744634757149,8.159389424606825
2659,2023-07-27,714.9400024414062,720.4199829101562,703.5700073242188,708.1199951171875,699.114013671875,1488800,0.03480935009368524,38.721049194991764,0.000594968115381338,0.02356837710632713,683.9705200195312,14.03600881200372,712.0425376435387,655.8985023955238,0.017204223782368102,-0.015903425571881246,10.481873998031343,698.1619246144606,0.03480935009368524,23.51708984375,52.75410681765543,-4.6887483428640735,0.26129358208595044,25.862884521484375,17.306728184500923,18.687238335600814,6.582645588507174
2660,2023-07-28,714.4299926757812,721.5,709.6900024414062,718.3699951171875,709.233642578125,949800,0.01447493357070595,39.08161186717672,0.0006061001532288284,0.016530657558708205,684.3358067103794,14.740990976741108,713.8177886638616,654.8538247568972,0.004381121894238477,-0.00663464619762412,10.633598427849357,699.6381536762826,0.01447493357070595,10.11962890625,52.09559145895424,-3.337643705991354,0.3638851642548157,25.679652622767858,17.00479914695608,16.947686740906768,6.331254533084227
2661,2023-07-31,721.2899780273438,722.7100219726562,712.1900024414062,716.4099731445312,707.2985229492188,789100,-0.0027284656462035484,39.09078946382795,0.000606384849565604,0.014585007211692038,690.0168980189732,14.847773140195297,719.7124442993637,660.3213517385826,0.008734418916168787,-0.012616251248665658,10.604585019843446,700.6595362460074,-0.0027284656462035484,-1.93511962890625,52.8398348063714,-2.395418633756094,0.34426715392511803,25.635820661272323,17.038113425490074,16.605605418682686,6.343281981375869
2662,2023-08-01,711.4500122070312,712.5,705.5399780273438,708.7100219726562,701.2559204101562,555100,-0.008543213852429177,39.188208723543795,0.0006094109932381086,0.009782868582804789,692.4046369280134,15.16117564012649,722.7269882082663,662.0822856477604,0.0053271178049272,-0.008307026605219434,10.513987782202657,700.7390541345607,-0.008543213852429177,-6.0426025390625,46.10727469423822,-2.111940860804566,0.2830079752889178,23.671090262276785,17.27025373913721,16.83185291181338,6.355309429667511
2663,2023-08-02,695.5999755859375,695.9400024414062,682.0800170898438,683.0599975585938,675.8755493164062,1025400,-0.03619273699522607,40.72228133871001,0.0006580572212020038,0.019925224033953658,692.4190499441964,15.142768194098936,722.7045863323943,662.1335135559985,0.018516396398609775,-0.019436398750165618,10.133457787630375,697.4239201588067,-0.03619273699522607,-25.38037109375,32.3086175776935,-3.8904201759615944,0.025704822113745477,22.479448590959823,17.36210397445118,14.654953011135277,6.520145842682408
2664,2023-08-03,673.7999877929688,682.8499755859375,672.72998046875,681.010009765625,673.84716796875,920200,-0.003001116625254152,39.94289264056719,0.0006331089970221732,0.015019286584340161,691.7459629603794,15.94499335675933,723.635949673898,659.8559762468608,0.002730729969793123,-0.0015880192098601219,10.103046098992607,694.2803532001325,-0.003001116625254152,-2.02838134765625,30.755979549086774,-5.40128857681259,0.012801503952911951,21.003165108816965,17.361593425945692,14.654522068873394,6.748415216348211
2665,2023-08-04,685.3499755859375,689.1500244140625,675.25,678.0399780273438,670.9083251953125,891600,-0.004361289789636347,39.23041213703204,0.0006107243001751551,0.02028164428280416,691.0761631556919,16.811365893184345,724.6988949420606,657.4534313693232,0.016210763525920106,-0.014736960597835524,10.058983787196846,691.1640827994898,-0.004361289789636347,-2.9388427734375,30.09683742353147,-6.75790183488391,-0.020873780975667073,20.56479753766741,18.643562818445734,14.592576573056112,7.154454036577893
2666,2023-08-07,690.4400024414062,693.4299926757812,684.4199829101562,693.4199829101562,686.126708984375,663500,0.022683253758450705,40.063550841100756,0.0006369397246021686,0.013049663596786788,689.2208339146206,16.490029657802076,722.2008932302248,656.2407745990164,1.4497661765838187e-05,-0.008719105946878976,10.287154268993973,690.4924329574745,0.022683253758450705,15.2183837890625,34.57129780950061,-6.529760218178353,0.19110872349521427,20.919917515345983,17.92285587049183,16.312757738024118,7.31912279387476
2667,2023-08-08,675.3099975585938,680.7000122070312,670.4600219726562,679.3699951171875,672.2244262695312,746700,-0.02026197571498467,40.06273869268563,0.0006369139014120674,0.015163392029430928,683.9338030133929,14.856104024235025,713.646011061863,654.2215949649228,0.001969491188716409,-0.0071818507107422,10.078716199019317,688.0566987324155,-0.02026197571498467,-13.90228271484375,39.97038370058753,-7.385617570169416,0.033768503289473686,19.590972900390625,18.28246615779706,14.528715255931864,7.452578318545454
2668,2023-08-09,679.75,683.989990234375,670.6400146484375,672.489990234375,665.416748046875,685200,-0.010127091424563472,40.13282882753003,0.0006391444244840575,0.019639537456325854,677.9506923130581,12.045821212212468,702.042334737483,653.8590498886332,0.016917984553144538,-0.013401964474531078,9.976648118629619,685.0380386410101,-0.010127091424563472,-6.80767822265625,49.24177948693702,-8.515057147808307,-0.09652198901016747,18.163356236049108,19.023870499386675,14.551988041300582,7.806869923410067
2669,2023-08-10,688.1900024414062,695.3200073242188,676.1199951171875,677.8099975585938,670.6808471679688,913900,0.007910980804954004,38.81657886176566,0.0005979074581474893,0.02789928964227575,673.5828247070312,6.413267132396151,686.4093589718235,660.756290442239,0.025443568932281654,-0.01753877167846014,10.05557319039388,683.1237464446045,0.007910980804954004,5.26409912109375,44.57148594089511,-8.88297988247723,0.004226319527511962,18.132938929966517,21.6904915189219,8.895241589806028,8.246733623673304
2670,2023-08-11,666.7999877929688,670.010009765625,661.27001953125,661.780029296875,654.8195190429688,800300,-0.023649591593343344,36.79153470588935,0.0005371496134978812,0.013107364118741758,670.5748203822544,9.400783611418397,689.3763876050912,651.7732531594177,0.012342502428637242,-0.00829329388565574,9.817762991204091,679.3498494577198,-0.023649591593343344,-15.861328125,42.22511783624262,-10.335299027787983,-0.10498861054624675,18.240853445870535,18.149023550904225,9.441108577740644,9.421816238780702
2671,2023-08-14,652.9500122070312,666.739990234375,648.7100219726562,666.5499877929688,659.5392456054688,957400,0.007207675436123218,36.901647737658166,0.0005403696848230999,0.027613091239214155,668.5308314732143,10.100155216278308,688.731141905771,648.3305210406577,0.0002909907923334349,-0.006493590864702555,9.888526240353473,676.708435610753,0.007207675436123218,4.7197265625,43.043198714084795,-10.978872318669232,0.14634085990287163,18.132611955915177,13.805827642885799,9.729107407133371,10.142235605533902
2672,2023-08-15,657.9000244140625,658.8699951171875,650.75,651.7000122070312,644.845458984375,633100,-0.022278866222137483,37.27471199591923,0.0005513508549121923,0.012342293381763153,664.8075648716518,13.356547748761725,691.5206603691753,638.0944693741284,0.01089828643271744,-0.010867949762474077,9.668221087110542,672.4600387272359,-0.022278866222137483,-14.69378662109375,39.64104107709882,-12.53013497139932,-0.052223824165962836,17.851130894252233,14.236457079101395,10.535555815399933,10.592241228456473
2673,2023-08-16,655.5900268554688,658.989990234375,646.280029296875,646.4400024414062,639.6408081054688,665300,-0.008071160006466571,37.10038810713825,0.0005462058721032876,0.019387056570190984,658.1667218889509,12.520239470370713,683.2072008296923,633.1262429482094,0.019143042570620918,-0.014200944458000778,9.590187327738578,668.0841413110003,-0.008071160006466571,-5.20465087890625,27.14623786550085,-14.017903957794033,-0.08686669930180502,15.659807477678571,14.38684284970212,8.891675600466701,11.638802218739096
2674,2023-08-17,655.739990234375,655.77001953125,642.8800048828125,644.3400268554688,637.5628662109375,797100,-0.003248607449993446,32.861655781650015,0.0004285271510760521,0.01965720383140022,653.215070452009,12.882845383495704,678.9807612190003,627.4493796850176,0.017430678082780853,-0.01961140931326466,9.559032573738854,664.0146379643253,-0.003248607449993446,-2.07794189453125,20.644824207031718,-15.189548483361818,-0.0666057564022677,15.212894984654017,15.066518244400232,9.311743657538718,12.68536320902172
2675,2023-08-18,645.02001953125,658.3300170898438,642.9500122070312,655.3300170898438,648.4371948242188,927900,0.017056088410399184,27.99847117681111,0.0003110771381899692,0.023844228732605048,650.7894199916294,11.751361122187156,674.2921422360038,627.2866977472551,0.004651018432234344,-0.0032092140732671664,9.72207227843443,661.9376455456444,0.017056088410399184,10.87432861328125,27.536314254567827,-15.066935518762989,0.07982175138122516,15.733664376395089,16.265506850125366,9.62683329992343,13.82875059944275
2676,2023-08-21,653.8599853515625,664.6400146484375,649.9099731445312,662.52001953125,655.5516967773438,1104300,0.010971767211863437,26.673698175122247,0.0002823357834672697,0.02252782221561748,648.6281127929688,8.395222776154213,665.4185583452772,631.8376672406603,0.0032422768860027994,-0.006041067347021453,9.828740592290323,661.086185709871,0.010971767211863437,7.114501953125,32.699105679861674,-14.231629644041504,0.2388181771123905,16.393864222935267,16.908520259796823,7.497145394840786,15.107128436464642
2677,2023-08-22,679.219970703125,680.530029296875,663.7100219726562,667.52001953125,660.4991455078125,760200,0.007547000114239921,26.558955549986084,0.000279911952343705,0.024763711389120032,649.4394880022321,9.317172237509107,668.0738324772503,630.8051435272139,0.01915433928151009,-0.022834942138719703,9.902918098663173,661.0079136829298,0.007547000114239921,4.94744873046875,43.114223849291186,-13.020335630999625,0.3359866476872635,16.808323451450892,20.38124108916524,7.155174128266465,16.836407806699494
2678,2023-08-23,668.239990234375,680.9500122070312,666.52001953125,677.1199951171875,669.9981079101562,908100,0.014381490826972376,27.03953767752755,0.00029013357056128256,0.021594027425267007,650.933611188616,11.732313719113618,674.3982386268433,627.4689837503888,0.005731499380185897,-0.002573881731504495,10.045336824459357,662.20660624656,0.014381490826972376,9.49896240234375,48.38443081435057,-11.165184225369558,0.5171262731660647,17.54624285016741,18.5815538941349,7.886607443998606,18.418491418545766
2679,2023-08-24,678.010009765625,678.1699829101562,646.8699951171875,647.8200073242188,641.0062255859375,1336800,-0.04327158835515166,30.83846162048549,0.0003773852044119668,0.04616449217879328,650.3851492745536,12.146774781577667,674.6786988377089,626.0915997113982,0.044763314919832674,-0.04592854707145401,9.610659144502504,659.3798888251437,-0.04327158835515166,-28.99188232421875,39.701502577167886,-11.897222207216828,-0.035731868986250796,18.688895089285715,17.705520732789925,7.514790873069431,19.57393640031759
2680,2023-08-25,643.6799926757812,652.8900146484375,635.8699951171875,651.010009765625,644.1627197265625,986200,0.004924280006391113,27.90290119393766,0.0003089571012058125,0.026441740810519348,651.0311366489956,11.587503973912929,674.2061445968214,627.8561287011697,0.002920713559850306,-0.012133354535578381,9.657984721176017,657.3509329453328,0.004924280006391113,3.156494140625,34.23770654914033,-12.083375256338286,0.1394907133155173,18.29592023577009,10.787105856869717,8.085515246214205,20.072958961410247
2681,2023-08-28,657.0599975585938,659.8099975585938,652.489990234375,658.989990234375,652.0587158203125,535800,0.012257766325101338,27.730553868191926,0.0003051522293002754,0.011140546299298922,653.1019723074777,9.96045998069604,673.0228922688698,633.1810523460856,0.001247994592983307,-0.0069552359620115465,9.776370041059591,656.6453039953301,0.012257766325101338,7.89599609375,42.06754120307258,-11.461639349950929,0.2723081140294591,18.29453386579241,10.989392685333316,11.159107002397093,20.101437235491783
2682,2023-08-29,652.5,668.5399780273438,652.3599853515625,667.510009765625,660.4891967773438,757900,0.012929021194702406,28.33403271093149,0.0003185783371683078,0.02479692364104406,654.8236868722098,10.060859864389505,674.9454066009888,634.7019671434308,0.0015784954202586207,-0.00021458183668582374,9.902768936527705,657.1578230329319,0.012929021194702406,8.43048095703125,48.08611476057291,-10.171390351508762,0.4141160068129388,18.518197195870535,13.307515716029567,10.376630536488424,20.62950050280599
2683,2023-08-30,667.3900146484375,671.219970703125,663.530029296875,669.5599975585938,662.517578125,564100,0.003071028803427911,28.338638471534612,0.0003186819168334689,0.011522410041302233,655.8188127790179,10.480612597078954,676.7800379731758,634.85758758486,0.0024872609839775286,-0.005783702582957932,9.933180625165473,657.8724570452076,0.003071028803427911,2.02838134765625,46.74759559851663,-8.88279002754291,0.5911174113954814,17.148733956473215,13.170459609175747,13.320662499772862,20.59528335075307
2684,2023-08-31,660.0,669.3200073242188,656.6199951171875,660.530029296875,653.5826416015625,1100100,-0.013486338805868914,25.93138566181069,0.000266839985056175,0.019242442737926135,654.8307407924107,10.290127840053932,675.4109964725185,634.2504851123028,0.01331814852627841,-0.005121219519412879,9.7992183858346,657.3004816527216,-0.013486338805868914,-8.9349365234375,49.478416775496065,-8.48473297186058,0.3929157002996246,17.383675711495535,13.407610278369686,13.560517760687743,20.219647803517088
2685,2023-09-01,674.0,674.5399780273438,657.5,662.52001953125,655.5516967773438,592800,0.003012710329876933,25.970223481216713,0.0002676398839937857,0.025281866509412092,652.7669677734375,7.915986193759436,668.5989401609563,636.9349953859187,0.017833766314679155,-0.024480712166172106,9.828740592290323,657.0673103360045,0.003012710329876933,1.96905517578125,48.27854062235188,-7.919097168094254,0.4365948136384007,17.5927734375,14.424372542323235,13.163847643768687,20.034587303268523
2686,2023-09-05,665.1300048828125,667.4299926757812,661.1699829101562,663.5599975585938,656.5807495117188,592100,0.0015697506991954047,25.959981105225094,0.00026742881705700143,0.009411708567752758,654.9918997628348,6.021553542111163,667.0350068470572,642.9487926786124,0.005818404054511635,-0.005953756323703899,9.844169264707281,657.0024355594331,0.0015697506991954047,1.029052734375,55.74391480396943,-7.303599415186454,0.4594220617364685,17.813419886997767,12.842591574889054,14.286495808129928,19.7076277345604
2687,2023-09-06,666.1500244140625,669.7899780273438,657.0800170898438,666.0399780273438,659.03466796875,870800,0.0037374206582452274,24.584660611567738,0.00023984346721665485,0.019079727496339172,657.1164637974331,3.7645511133931597,664.6455660242194,649.5873615706467,0.005629362549822699,-0.013615562548686564,9.880961066280461,657.2733998806754,0.0037374206582452274,2.45391845703125,59.755130861923405,-6.5423857499235964,0.513856789481594,17.746612548828125,13.836574237101216,12.095125882735108,19.80346237813904
2688,2023-09-07,637.6300048828125,639.6699829101562,628.8599853515625,637.7899780273438,631.0817260742188,1236200,-0.04241497944362571,27.683142675993615,0.0003041096779442139,0.01695340162133756,654.1197509765625,10.60185369100738,675.3234583585772,632.9160435945478,0.0029484259969196694,-0.013754088521699676,9.461860305770909,653.7811767064811,-0.04241497944362571,-27.95294189453125,47.413304647218766,-8.101300485250931,0.04265194043421763,18.749860491071427,13.297317752487405,11.623739327600942,19.578465088562215
2689,2023-09-08,628.3699951171875,633.02001953125,625.219970703125,627.8599853515625,621.2561645507812,873200,-0.015569396351498788,27.926384625233148,0.00030947736437954683,0.01241314653585637,648.5150320870536,15.779475943219541,680.0739839734927,616.9560802006145,0.00821177685087459,-0.005013008957366015,9.314544852447847,649.4445084190545,-0.015569396351498788,-9.8255615234375,39.06016474581134,-10.014155393884266,-0.0711251247151129,17.823638916015625,12.601394418232594,11.7996596925782,19.100699025117997
2690,2023-09-11,630.8300170898438,631.530029296875,618.3800048828125,627.7100219726562,621.1078491210938,1066300,-0.00023873474123958793,27.66240905822017,0.0003036543154382148,0.020845590821322084,642.5993565150669,17.34006452568531,677.2794855664375,607.9192274636963,0.006055525610276562,-0.019735922308304014,9.312321146992733,645.6662871793264,-0.00023873474123958793,-0.1483154296875,35.31347397831823,-11.410540893399457,0.04359667442815518,17.605582101004465,9.967067879723986,12.364544374471103,17.619829969348956
2691,2023-09-12,611.0,622.989990234375,610.2000122070312,618.7999877929688,612.29150390625,1311300,-0.014194548060082357,26.980251065980998,0.00028886267761244784,0.02093286092854951,636.7006225585938,19.826055957465385,676.3527344735245,597.048510643663,0.006857614470386662,-0.001309308990128887,9.180136956920824,641.2163160762497,-0.014194548060082357,-8.81634521484375,30.10124798955171,-13.077838656387371,0.029561720130300354,16.7349853515625,9.871745883900712,12.246293645024615,16.628120247485725
2692,2023-09-13,614.3699951171875,619.9600219726562,613.8099975585938,617.0499877929688,610.5598754882812,1077000,-0.002828111131579436,26.722109379184584,0.00028336155939408914,0.01001029422488222,630.2732195172991,19.98845524370563,670.2501300047104,590.2963090298879,0.004736615073677919,-0.0009114988737152337,9.154174509403532,637.1287906645206,-0.002828111131579436,-1.73162841796875,23.784573041910818,-14.373226479462005,0.0052944451428674055,15.82196044921875,10.169981068526665,13.668833399119523,16.502174011065947
2693,2023-09-14,620.8099975585938,624.7999877929688,615.3599853515625,621.9000244140625,615.35888671875,1237000,0.00786001737606945,26.08986120615264,0.00027011145149059856,0.015205944618369773,624.3843819754464,16.757249144951768,657.8988802653499,590.869883685543,0.004671257535011819,-0.008778873131012783,9.226126480111017,634.2261368050845,0.00786001737606945,4.79901123046875,35.61919402927866,-14.841506909589043,0.08018149288618465,14.603397914341517,11.399993098037127,12.869498071391872,16.07908347921626
2694,2023-09-15,602.6199951171875,605.22998046875,594.02001953125,596.6599731445312,590.3843994140625,2840900,-0.040585238701691284,29.266067361062532,0.0003398820233262895,0.018602039474843634,614.5772007533482,12.694639705606416,639.966480164561,589.1879213421354,0.01422124621429496,-0.014270976163452924,8.851681934623716,628.3805718196149,-0.040585238701691284,-24.9744873046875,25.7733733231709,-17.031526098129802,-0.04515178826581082,14.911887032645089,11.13562027140977,12.609139136340442,15.250487605624166
2695,2023-09-18,588.1799926757812,598.3599853515625,588.010009765625,597.72998046875,591.4430541992188,1071700,0.0017931618555757645,29.32669598558996,0.00034129170532984853,0.0175966127967951,608.914533342634,12.943801790953902,634.8021369245417,583.0269297607261,0.0010711089983636583,-0.0002889981166869588,8.867554433026573,623.4555694702289,0.0017931618555757645,1.05865478515625,20.900600607463844,-18.46881053822051,0.03967462952500058,14.53350830078125,11.319579196839475,12.817440392092685,14.421891732032071
2696,2023-09-19,596.0399780273438,598.1500244140625,589.1300048828125,593.77001953125,587.5247802734375,893500,-0.006624938610677145,28.376995619561672,0.000319545190631993,0.015133245862303888,604.0957641601562,13.831810855574057,631.7593858713044,576.4321424490081,0.007348508563651353,-0.01159313703654665,8.808807429280934,618.6647975773234,-0.006624938610677145,-3.91827392578125,13.386188515728222,-19.696986175810025,-0.0056076467140248306,14.000562395368304,10.955688694534144,13.594064601991501,13.712726478644077
2697,2023-09-20,595.6199951171875,600.8300170898438,589.75,589.8800048828125,583.6756591796875,1094500,-0.0065514191451782056,27.814420247385392,0.00030700078321355655,0.018602493503704104,598.748308454241,13.387286408344876,625.5228812709308,571.9737356375513,0.018384225339642683,-0.00985526873729715,8.751097239642554,613.9995791243053,-0.0065514191451782056,-3.84912109375,11.146803726309017,-20.741817361732842,-0.050090745125755884,14.184452601841517,11.84993828033855,11.635162234668732,11.919977245174985
2698,2023-09-21,586.989990234375,590.97998046875,582.1199951171875,582.1199951171875,575.9973754882812,1313800,-0.01315505207497858,27.526459989512087,0.0003006769839500832,0.015093929196347727,593.5634329659598,14.267228738392614,622.097890442745,565.0289754891746,0.015093929196347727,-0.008296555645255542,8.635976099741855,608.9326186395022,-0.01315505207497858,-7.67828369140625,11.286594268443551,-21.936555965838807,-0.0662477901003098,13.910164969308036,7.4684889140200506,12.22292701701174,10.7825266658696
2699,2023-09-22,593.8800048828125,594.77001953125,586.0399780273438,587.0999755859375,580.9249267578125,837300,0.008554815489140166,27.04324597712395,0.0002902131559441391,0.014700009146845931,589.3298688616071,12.693267380917638,614.7164036234424,563.9433340997718,0.012915140907675437,-0.013201365243835386,8.70985528184377,605.1982597219436,0.008554815489140166,4.92755126953125,13.83070301291248,-22.229534475009473,-0.013631442823476992,13.754115513392858,7.507978557698299,12.637273883174993,10.070846823163132
2700,2023-09-25,583.6300048828125,587.989990234375,580.530029296875,586.1300048828125,579.965087890625,607300,-0.0016522597378364479,23.556060767885622,0.0002201936503572699,0.012782003795363282,584.2736118861607,5.743741966051729,595.7610958182642,572.7861279540572,0.0031869255110281176,-0.005311542518380196,8.695464338639198,601.8338368111012,-0.0016522597378364479,-0.9598388671875,12.84181846922398,-22.28231635650002,-0.0063291701853415705,13.438520159040179,8.117713910511762,13.66356779045545,9.359166980456664
2701,2023-09-26,576.4000244140625,578.77001953125,567.9199829101562,572.7100219726562,566.686279296875,1471000,-0.02289587575356644,24.096904420514154,0.0002304209534330931,0.01882379625525401,580.888166155134,8.059024697467697,597.0062155500693,564.7701167601986,0.010513527588334196,-0.014712076933942895,8.496374067522147,597.1474958092043,-0.02289587575356644,-13.27880859375,9.467458474555386,-23.129018329744667,-0.017194475446428572,13.355368477957589,8.257657858870529,13.899118543579176,9.889961835043582
2702,2023-09-27,578.0,582.1799926757812,564.280029296875,574.530029296875,568.4871826171875,1477600,0.0031779546922277024,23.427383348906375,0.00021779455975262521,0.030968794773194204,577.6087559291294,7.711293509291274,593.031342947712,562.1861689105468,0.013235230759353374,-0.02373697353481834,8.52337515935695,593.3261207169354,0.0031779546922277024,1.8009033203125,14.3404143755333,-23.385148461808967,0.061203868460962,12.478602818080358,9.36618571447759,8.0768236337018,10.205466559169675
2703,2023-09-28,566.22998046875,588.2999877929688,564.0,580.6500244140625,574.5427856445312,1112500,0.010652136428943138,23.202831724428222,0.0002136394444571955,0.04291540298316976,575.7541852678571,6.374178301869869,588.5025418715968,563.0058286641174,0.013510346754464105,-0.003938294589954288,8.614167314389485,590.8216760406149,0.010652136428943138,6.05560302734375,22.193366681102503,-22.836254751566344,0.15611996254559785,13.657169886997767,8.247051865343277,7.865371071963875,9.72898933061473
2704,2023-09-29,600.4299926757812,600.8599853515625,586.760009765625,588.6599731445312,582.4684448242188,1017400,0.01379472404443538,24.043087643567006,0.00022939288231597004,0.023483130020040772,575.5817260742188,6.136017049414887,587.8537601730485,563.309691975389,0.020318792125394346,-0.022766988786214307,8.732997375364084,589.7079118784287,0.01379472404443538,7.9256591796875,28.9486495329962,-21.513721286169584,0.3037573771742524,14.597682407924108,7.8379912292253495,11.163528059447657,10.535390885447987
2705,2023-10-02,583.3599853515625,587.6199951171875,576.3499755859375,582.1799926757812,576.056640625,811300,-0.011007985507530349,23.96107031185633,0.0002278305120990963,0.019319150806098074,575.5901925223214,6.136726991567384,587.8636465054562,563.3167385391866,0.009325292406073802,-0.012016610569201811,8.636864666818775,587.8877423779716,-0.011007985507530349,-6.41180419921875,29.727529517180344,-20.7438606863102,0.19830005009300836,14.489113943917411,7.873822470996772,11.214561935503635,11.341792440281242
2706,2023-10-03,574.9500122070312,579.6799926757812,567.5700073242188,570.5999755859375,564.5984497070312,1101300,-0.019890736621900662,24.201893822682628,0.00023243320023984265,0.02106267517949346,573.2578386579241,6.8341837835855745,586.9262062250953,559.589471090753,0.015792707012891004,-0.012835906993867609,8.465071066492083,584.7825033551795,-0.019890736621900662,-11.45819091796875,26.809691104661766,-20.8183399968417,0.009842924789212837,14.806361607142858,6.3856831158066205,11.540983896236163,12.493632969999444
2707,2023-10-04,584.1699829101562,591.8400268554688,580.4600219726562,590.8599853515625,584.6453247070312,1325900,0.03550642941085336,28.231333590443857,0.00031627309376782684,0.019480639566793204,573.9264439174107,7.765251908608651,589.456947734628,558.3959401001933,0.0016776649478358729,-0.0063508243251700625,8.765635514772342,584.7642128687597,0.03550642941085336,20.046875,36.569672570863986,-19.04026578148205,0.5007357382252277,15.735037667410714,6.078454983858297,13.87309123646018,14.10056074270007
2708,2023-10-05,583.7000122070312,586.5999755859375,575.4000244140625,581.6900024414062,575.5718383789062,865500,-0.01551964232788794,28.237685483360377,0.00031641542914967506,0.019187854955710563,575.1958095005581,7.080526575764281,589.3568626520866,561.0347563490295,0.008411809220229625,-0.014219612162736851,8.629595986806443,583.5385629367793,-0.01551964232788794,-9.073486328125,42.47658397250651,-18.15401548187424,0.3139403954867746,15.010829380580358,5.373206100556467,13.960937665300344,15.895890259734802
2709,2023-10-06,583.7899780273438,600.489990234375,577.5999755859375,597.3599853515625,591.0770263671875,1042100,0.02693875369571841,27.25708029981047,0.0002948208041548873,0.03920933128345922,578.4229300362723,8.515773260848464,595.4544765579692,561.3913835145754,0.005361525549631645,-0.010603132418138771,8.862066547588581,584.543691394167,0.02693875369571841,15.50518798828125,49.83788237673032,-16.01589537363634,0.7345913490993751,16.05141339983259,9.914826608866036,14.196106320144533,16.421655566686624
2710,2023-10-09,587.6500244140625,591.7100219726562,582.4099731445312,591.3699951171875,585.1500244140625,738500,-0.010027461208487298,27.000786434140434,0.00028930256669129444,0.015825829050884404,579.938249860491,8.652892430283542,597.2440347210581,562.632464999924,0.0005786213585335692,-0.008916959162481157,8.773202519055603,584.6245357968197,-0.010027461208487298,-5.927001953125,48.96658369163461,-14.631021993088098,0.5737936196213368,16.071415492466517,9.867395918068613,15.662203836511738,17.3460714289679
2711,2023-10-10,600.1799926757812,606.7999877929688,598.3499755859375,602.1500244140625,595.816650390625,1087000,0.01822887384691385,27.954715152739478,0.000310105594948731,0.014079130111216432,581.8451363699777,10.56332876970148,602.9717939093806,560.7184788305748,0.0077476147749866294,-0.0030491137861576967,8.933128121008895,586.1168177426605,0.01822887384691385,10.6666259765625,54.987433506904054,-12.528373004578384,0.7433798940440793,16.667467389787948,9.606969354806308,20.19826835002784,18.52698711360078
2712,2023-10-11,601.3499755859375,606.1900024414062,598.0,606.1900024414062,599.8141479492188,981800,0.006709274666917953,27.72666695550757,0.0003050666906593791,0.013619361060796843,585.2390659877232,12.098559656522854,609.4361853007689,561.0419466746774,0.0,-0.005570758662912364,8.993062931207513,587.9431284368683,0.006709274666917953,3.99749755859375,60.08885735767258,-10.419336265264633,0.8367793963507241,16.775565011160715,9.679602336608497,20.350976285623503,19.70790279823365
2713,2023-10-12,609.6400146484375,624.1900024414062,609.6400146484375,616.760009765625,610.27294921875,1618400,0.01743673653795952,28.422991091649365,0.0003205819137285631,0.023866523593204958,591.7639944893973,11.408244826213256,614.5804841418238,568.9475048369708,0.012187508197056128,0.0,9.149872600208269,590.9204378744525,0.01743673653795952,10.45880126953125,61.87541676751411,-7.813897849540467,0.7687813148669629,17.175794328962052,14.550390375132128,18.26679792586275,19.548257678648223
2714,2023-10-13,611.3400268554688,612.2000122070312,597.3400268554688,599.75,593.44189453125,1098500,-0.027579552246329353,29.825361560219005,0.0003529969016657894,0.024307234433834406,593.0206473214286,10.969457254784421,614.9595618309974,571.0817328118598,0.02036511869028109,-0.022900512619812213,8.897523210783568,591.2566320953589,-0.027579552246329353,-16.8310546875,54.83256177162708,-7.026200913721823,0.4891492496600426,17.70436750139509,13.087295306672974,18.23319502811236,20.04229915095704
2715,2023-10-16,601.0399780273438,606.0499877929688,598.0,603.7999877929688,597.4492797851562,1154100,0.00675278454526973,26.322690205356015,0.00027495397605045447,0.013393431530776682,596.14599609375,7.839549010549749,611.8250941148495,580.4668980726505,0.0037435113840258365,-0.005057863267799881,8.957606268012526,592.0823184539986,0.00675278454526973,4.00738525390625,61.81682711717537,-6.009311317954484,0.5557281679414857,17.744580950055802,13.435404129095794,18.919245585027138,20.553894439453195
2716,2023-10-17,590.8900146484375,610.3499755859375,586.9400024414062,608.6300048828125,602.2284545898438,1535700,0.00799929795949561,26.442768685878765,0.0002774682602281312,0.03961815661829978,597.7390572684152,7.770543868323117,613.2801450050614,582.197969531769,0.0029108136209550486,-0.006684851849089704,9.029260829554204,593.4351366054447,0.00799929795949561,4.7791748046875,62.670936634887916,-4.762876051176363,0.6351296401268363,18.138153076171875,14.181183877638212,18.195285927939985,20.848777709157154
2717,2023-10-18,581.780029296875,591.7899780273438,573.8599853515625,583.25,577.115478515625,2401700,-0.041700082224315205,30.2354723438827,0.0003627713443879745,0.03081919586935804,596.5912649972098,10.164598489667348,616.9204619765445,576.2620680178751,0.014679049807991788,-0.01361346822936578,8.652739910537004,591.2591821934687,-0.041700082224315205,-25.11297607421875,50.84515892821552,-5.7353607449355195,0.1685883435992851,18.428758893694198,13.420370510775761,16.908565100013266,20.884689773052475
2718,2023-10-19,600.4400024414062,604.5399780273438,584.8599853515625,587.72998046875,581.5482788085938,1475500,0.007680958938010463,30.289008453947535,0.0003640571560013116,0.03277595196149796,594.5529261997768,11.665633323621844,617.8841928470205,571.2216595525332,0.02799613198694927,-0.025947666755204442,8.719201250491123,589.9643950754854,0.007680958938010463,4.43280029296875,49.69061493667415,-6.078305017302682,0.24687871228960548,18.50785173688616,15.601778850209753,16.271534911384844,20.941203401805314
2719,2023-10-20,588.9500122070312,592.2899780273438,578.2999877929688,580.0999755859375,573.9984741210938,1035000,-0.012982249217497688,30.279609538891993,0.00036383125151895194,0.023754121647691136,590.864972795759,13.638915211224134,618.1428032182072,563.5871423733107,0.020697855826041053,-0.018083070198356224,8.606006406879729,587.8356056148999,-0.012982249217497688,-7.5498046875,49.31324337875867,-6.879988738333395,0.11353704258663178,18.702135358537948,15.391096295810733,16.05180813714735,19.891516843181495
2720,2023-10-23,577.6099853515625,593.510009765625,573.8599853515625,587.7899780273438,581.607666015625,905100,0.013256467112011894,30.48988882949231,0.0003689021114423809,0.03401953725246371,586.7699323381696,10.860960166078062,608.4918526703258,565.0480120060134,0.009902930841473855,-0.006492270035320739,8.720091647778293,587.0052136683299,0.013256467112011894,7.60919189453125,55.82515931035953,-6.822683026889649,0.1539375726861402,19.240709577287948,15.676041837145076,14.985338789924807,18.786332171453324
2721,2023-10-24,590.6199951171875,602.760009765625,589.6300048828125,600.75,594.431396484375,1333900,0.022048764516122255,31.39722990411955,0.00039118493875084874,0.022230884479634522,586.9112897600446,10.968179842066403,608.8476494441774,564.9749300759119,0.0034032199760290626,-0.0016761881456088727,8.912358895079162,587.9953713771359,0.022048764516122255,12.82373046875,53.52588419240132,-5.677058366263964,0.40873046190488316,18.80576433454241,15.131905812662938,18.463007436127427,18.04604336666534
2722,2023-10-25,597.4500122070312,598.1900024414062,581.5700073242188,583.3400268554688,577.2045288085938,1322700,-0.02898041351393199,32.053419258747645,0.00040770701832422803,0.027818218725599857,584.0191824776786,10.379690080133198,604.7785626379449,563.2598023174122,0.024855595083311532,-0.026579637724251454,8.654075048915198,586.556592367997,-0.02898041351393199,-17.22686767578125,50.55560863550827,-6.089016428328819,0.06645226150153952,19.19291033063616,14.958422187559176,18.251333539924826,17.305754561877354
2723,2023-10-26,593.0999755859375,599.0,585.5700073242188,588.2000122070312,582.013427734375,1093000,0.008331360351082617,32.14567718324422,0.00041005736570212204,0.02264372488384179,581.1313214983259,6.58907012838424,594.3094617550944,567.9531812415573,0.01820938836205344,-0.01269595105661523,8.726175266653023,585.9508370835141,0.008331360351082617,4.80889892578125,46.673464688072066,-5.95876922443324,0.16199959495856814,18.969861711774552,13.967522841892208,19.06759879218733,17.688920704780937
2724,2023-10-27,594.8699951171875,595.969970703125,587.3300170898438,590.0,583.7943725585938,819400,0.003059972054513471,31.974997677523515,0.000405714474792712,0.014524103895304397,582.08544921875,6.391236175163581,594.8679215690771,569.3029768684229,0.010035756975688334,-0.01267500141078455,8.752877119111767,585.6633084801914,0.003059972054513471,1.78094482421875,49.486828893213,-5.646747819740426,0.19738493609683158,19.30246843610491,12.776648307528088,20.018270522194594,18.62761960585031
2725,2023-10-30,592.77001953125,594.4500122070312,582.47998046875,588.8800048828125,582.6861572265625,746700,-0.0018982973870993458,31.641376753598056,0.00039729235034251405,0.02019338249891062,582.2480032784598,6.389766954346158,595.0275371871521,569.4684693697675,0.009396573950591148,-0.01735924342232616,8.736261555346957,585.2663549797076,-0.0018982973870993458,-1.10821533203125,44.641811059393625,-5.4263408446048516,0.17536596220987694,18.61104474748884,13.261278764207123,14.760305333657136,18.04895849176931
2726,2023-10-31,599.6500244140625,602.1300048828125,593.5599975585938,598.8099975585938,592.51171875,1020300,0.0168625277974761,31.868733311859433,0.0004030222868660393,0.014291681773202265,584.8927525111607,6.235663087175124,597.3640786855109,572.4214263368104,0.005536574983821333,-0.010155968660919364,8.883577008670017,586.2324034824132,0.0168625277974761,9.8255615234375,47.15538701125786,-4.408013197320088,0.3705886561719704,19.258937290736608,12.980765509806789,17.315448008434586,17.896874913122833
2727,2023-11-01,599.6699829101562,608.7999877929688,596.780029296875,608.27001953125,603.4140014648438,1005800,0.018400113229564363,31.381781277771065,0.0003908000778435962,0.02004428909007874,588.0079432896206,9.10691073890527,606.2217647674311,569.7941218118101,0.0008837665329634332,-0.004819240074776644,9.0470358315131,588.5232832134039,0.018400113229564363,10.90228271484375,47.33734203818426,-2.69024661097194,0.7708397342727923,18.68125261579241,14.54954831072022,17.130221397439687,16.915370285998762
2728,2023-11-02,636.969970703125,637.489990234375,627.0900268554688,631.3900146484375,626.3494262695312,1527400,0.038009434234223205,31.71506984425908,0.00039914510128025073,0.01632724281715535,592.5676618303571,17.228301682584178,627.0242651955255,558.1110584651888,0.009576551276356069,-0.015510847138916432,9.390908544965658,593.566768954221,0.038009434234223205,22.9354248046875,62.19671485869277,0.5158465292585106,0.8249164999223032,20.053824288504465,14.299347293952074,21.218790058891127,15.982684777362588
2729,2023-11-03,643.0999755859375,647.0,638.9000244140625,642.4099731445312,637.2814331054688,906900,0.017453527340237862,31.28036774194468,0.0003882783357425768,0.012595204312607067,601.1500767299107,22.46692695214801,646.0839306342067,556.2162228256146,0.00713734571562798,-0.006530790438995686,9.55481302400489,599.395390841054,0.017453527340237862,10.9320068359375,64.04242701750823,3.8939331926561636,0.8671238043737681,20.628287179129465,13.967216823129192,23.62850653116415,15.091275399171051
2730,2023-11-06,636.8800048828125,638.7999877929688,631.1699829101562,637.4400024414062,632.3511962890625,651300,-0.007736357220359036,30.51979353992584,0.00036962611020622974,0.011980286434359702,608.3411865234375,23.359120083910295,655.0594266912581,561.6229463556169,0.002135387107674609,-0.008965616645017625,9.480893577277449,603.7894982341218,-0.007736357220359036,-4.93023681640625,60.60817227191498,6.1029117362583065,0.7997156032665569,19.501146589006698,11.021750100303976,24.677018068188534,16.067217272646968
2731,2023-11-07,633.8200073242188,641.3900146484375,633.530029296875,636.3099975585938,631.2301635742188,529000,-0.001772800812938291,30.19454302365473,0.00036178985254259387,0.012400973873868062,615.1177280970982,21.88530531078252,658.8883387186632,571.3471174755331,0.008014920689061117,-0.000457508478736641,9.46408584143627,607.4482536128014,-0.001772800812938291,-1.12103271484375,72.93247785033255,7.674616968537407,0.7843883884685804,18.120457240513392,11.694394117279112,23.458127110403073,16.57990513525576
2732,2023-11-08,639.5499877929688,642.6599731445312,637.1500244140625,639.2899780273438,634.1864013671875,727000,0.004683296147049765,29.739534153043497,0.00035096821096827,0.0086153527255674,622.4749058314732,17.352764395150523,657.1804346217742,587.7693770411721,0.0052693224634669435,-0.0037525813849020847,9.508408958192817,611.0133399800529,0.004683296147049765,2.95623779296875,72.58944516416986,9.054375171402626,0.8248072728122398,16.977979387555802,12.009653264899692,20.84081289634976,16.167899372048275
2733,2023-11-09,646.3900146484375,649.3800048828125,633.8499755859375,634.260009765625,629.1965942382812,1221600,-0.00786804497565563,29.947363535124303,0.0003558907074225765,0.024025787751875416,627.7156023297991,11.268280032666725,650.2521623951326,605.1790422644657,0.023391442897537727,-0.019400112591962535,9.43359636886283,613.4377738811501,-0.00786804497565563,-4.98980712890625,74.22023134886372,9.634151255428264,0.73274092393237,17.087982177734375,13.597275160474581,20.561140445216594,15.44656327603607
2734,2023-11-10,644.4600219726562,663.219970703125,640.7899780273438,661.280029296875,656.0007934570312,1246700,0.04260067435870307,32.67820013889083,0.0004237558588561129,0.034804319757685345,635.2280011858259,9.800306847814182,654.8286148814542,615.6273874901975,0.003010181144071509,-0.00569475812336458,9.835473935804199,619.1128431579342,0.04260067435870307,26.80419921875,77.9367898948179,12.116827597907786,0.9115838275077687,18.114650181361608,12.208189067051013,20.057571194693708,16.06573968150849
2735,2023-11-13,654.1400146484375,657.75,648.27001953125,654.5999755859375,649.3740844726562,641200,-0.010101678306596473,31.096297196169026,0.0003837221029017736,0.014492280332131863,638.5172380719866,10.180251393659528,658.8777408593057,618.1567352846675,0.004815520138689966,-0.008973606545599085,9.736119142111791,623.1476753332305,-0.010101678306596473,-6.626708984375,71.63976743369827,13.395234527331581,0.8304238525348102,17.280909946986608,12.377234134534424,22.260491101163474,16.6420919435326
2736,2023-11-14,674.6500244140625,678.489990234375,669.5,675.4099731445312,670.01806640625,1166800,0.031790584852732895,32.50447784316622,0.000419262333276541,0.013325413042388694,643.1938999720982,15.59648420190943,674.3868683759171,612.0009315682793,0.004565355337411813,-0.007633623697761408,10.045636063835413,629.3970608096331,0.031790584852732895,20.64398193359375,85.59742011480826,15.890996526257027,0.91175999410055,18.173474993024552,11.872792424625993,26.43171434426723,17.644911856685546
2737,2023-11-15,680.280029296875,682.2000122070312,675.010009765625,678.0,672.58740234375,918500,0.0038347263548892396,32.498940546411916,0.0004191194986663557,0.010569180531196404,648.9419294084821,18.141282472425292,685.2244943533327,612.6593644636315,0.0061739460606719644,-0.007746838513982243,10.08415832920103,635.155773014182,0.0038347263548892396,2.5693359375,85.3456719079885,17.870232907594527,0.9036040232266483,17.48679460797991,11.119418252152727,28.584438369072636,19.14919818335766
2738,2023-11-16,676.7100219726562,684.5800170898438,675.0,680.8699951171875,675.4344482421875,854700,0.00423297535534628,27.6279981815375,0.0003028993188567616,0.014156753674073486,655.2568272181919,18.635262913908317,692.5273530460086,617.9863013903753,0.005482439822364801,-0.002526964160618485,10.126844322887948,640.5262630445828,0.00423297535534628,2.8470458984375,85.46660033646984,19.4443820768073,0.9104254107018921,17.346514020647323,12.232417385702215,29.82462098021694,20.59339734134192
2739,2023-11-17,681.0599975585938,687.5900268554688,679.2000122070312,686.0900268554688,680.6127319335938,627600,0.0076665969656755095,27.62799739873997,0.0003028993016923741,0.012319053649477748,661.88916015625,18.141491670606438,698.1721434974629,625.6061768150371,0.002202449131320402,-0.0027310154145450006,10.20448275684567,645.8711255631176,0.0076665969656755095,5.17828369140625,86.74208229766228,20.869183890441604,0.9257971631610787,17.359767368861608,9.227693765828779,32.241685446050525,23.136018436089437
2740,2023-11-20,685.3200073242188,696.969970703125,685.3200073242188,694.3099975585938,688.7671508789062,674700,0.01198099677351916,26.6124323756493,0.0002810403003763916,0.016999304345998403,670.3992396763393,13.67086113556213,697.7409619474636,643.0575174052151,0.003881359242548482,0.0,10.32674263183087,651.5905956052228,0.01198099677351916,8.1544189453125,86.57371310680445,22.398151108836032,0.9181273118929377,17.139295305524552,11.740872521618318,32.03231358151237,25.24337857556595
2741,2023-11-21,693.8699951171875,694.5800170898438,679.9199829101562,684.4199829101562,678.9561157226562,705400,-0.014244342436671942,27.720761973348896,0.0003049367636440739,0.021127926388013897,673.6785714285714,12.328702432942864,698.3359762944572,649.0211665626857,0.014642561648701317,-0.020104648284546785,10.179644973527692,655.2393316208806,-0.014244342436671942,-9.81103515625,78.94339294366796,22.558163633759477,0.7422170942246267,17.022992815290177,11.564494780965909,32.47687384534738,27.397226652001212
2742,2023-11-22,689.469970703125,694.0499877929688,683.9099731445312,684.7999877929688,679.3330078125,522300,0.0005551052286238978,27.300112449578055,0.0002957524364125424,0.014706970686622741,677.9584176199777,6.124083642408905,690.2065849047955,665.7102503351599,0.013416102793522396,-0.008064162030035385,10.185295747678031,658.4518217797632,0.0005551052286238978,0.37689208984375,74.54279282717815,22.456521948102818,0.7319610005686104,15.667127336774554,11.762698911643957,29.701002092866208,28.985187302062542
2743,2023-11-24,690.0700073242188,692.0399780273438,687.9000244140625,691.1799926757812,685.6621704101562,352100,0.009316730564935538,24.05647608012281,0.00022964842912441305,0.005999324082108899,680.1932896205357,5.573186736479528,691.3396630934947,669.0469161475767,0.0012462291397029941,-0.003144583719223602,10.280189403883332,662.0798682638157,0.009316730564935538,6.32916259765625,73.40889116742346,22.625863832394543,0.8281488998364666,15.099727085658483,11.894365887334509,31.174857720724063,30.644748825269012
2744,2023-11-27,687.6599731445312,690.3099975585938,685.0499877929688,688.3800048828125,682.8844604492188,545500,-0.004051134918637733,24.436503107188244,0.0002369613825823891,0.007649143429960056,681.6642979213169,4.483456323218552,690.631210567754,672.6973852748798,0.0028066090090365157,-0.003795459170943977,10.23854296961905,664.8538138885361,-0.004051134918637733,-2.7777099609375,74.9705186723118,22.279110795199017,0.7779709447758322,14.930441720145089,12.484919503180672,31.52163335410958,31.969533186086228
2745,2023-11-28,680.0,682.8499755859375,672.6500244140625,675.989990234375,670.5933837890625,644300,-0.017998764611030782,25.985657519984112,0.0002679580939467884,0.014999928193933823,680.9727172851562,5.788125918324244,692.5489691218047,669.3964654485078,0.010088213752297794,-0.010808787626378677,10.054261844748954,665.6190898752731,-0.017998764611030782,-12.29107666015625,67.51720275374436,20.773060439375854,0.5821199468553161,15.015842982700892,12.626029363358965,31.343465599914595,32.94513335734097
2746,2023-11-29,686.510009765625,693.1099853515625,684.6699829101562,687.6099853515625,682.12060546875,795500,0.01718958456547104,26.026607691816416,0.00026880329680306245,0.012294070474351384,681.1881277901786,5.800541007918133,692.7892098060148,669.5870457743423,0.008011536498757977,-0.0026802622384150473,10.227090428972655,667.8192919544033,0.01718958456547104,11.5272216796875,69.81949924946979,20.275926870778676,0.7647438785949536,15.807756696428571,12.234223954149542,33.9075056708767,34.92711266998819
2747,2023-11-30,683.1099853515625,684.3300170898438,676.3800048828125,683.760009765625,678.3013916015625,753600,-0.005599030195786225,26.188214006416338,0.0002721518066848654,0.011637968083484794,679.6930193219866,4.780548529001186,689.254116379989,670.1319222639843,0.0008344297937987186,-0.009851972029491585,10.1698286408458,669.2169052406912,-0.005599030195786225,-3.8192138671875,70.50197060578864,19.350703431665806,0.6677005778676369,15.266326904296875,12.662452082211907,31.72012591709219,36.29053490518876
2748,2023-12-01,688.1699829101562,695.5800170898438,683.0499877929688,692.2000122070312,686.6740112304688,857600,0.012343509437799272,25.926735615503578,0.00026674429352231016,0.018207753328454684,680.7955758231027,5.42837714658403,691.6523301162707,669.9388215299347,0.004911584298575509,-0.007440015176971093,10.295360016654882,671.5445193726615,0.012343509437799272,8.37261962890625,65.13609990699378,19.073193716926994,0.7885837824288758,14.070273263113839,14.01494809196123,31.624747001356862,37.739976278991854
2749,2023-12-04,686.739990234375,690.719970703125,679.1199951171875,690.3200073242188,684.8090209960938,748500,-0.002715976145701293,23.36210548959751,0.00021658252893138173,0.01689136463711482,681.577863420759,5.575070858236997,692.7280051372329,670.427721704285,0.0005824087494449653,-0.011095895427011466,10.267398064438241,673.3131195891192,-0.002715976145701293,-1.864990234375,68.3480944169983,18.489639093042797,0.5573002301874384,14.221701485770089,15.041387009258303,24.064290028673273,37.9110093015919
2750,2023-12-05,690.3200073242188,697.4299926757812,687.9299926757812,694.530029296875,688.9854125976562,610000,0.006098622350926064,22.886541242272727,0.00020785467064851206,0.013761733542713601,682.0526123046875,6.097827566042908,694.2482674367733,669.8569571726017,0.00420089718990897,-0.003462183658418863,10.330015047759879,675.4027586569241,0.006098622350926064,4.1763916015625,61.84047191040347,18.15488948308098,0.6592174780477592,13.043491908482142,15.445514830071458,23.70701750444708,37.69210314839348
2751,2023-12-06,699.4299926757812,703.27001953125,691.219970703125,692.0800170898438,686.5549926757812,657100,-0.0035275346581166156,22.66414072351015,0.00020383463283137746,0.017228384476372843,682.5769740513393,6.334505730943673,695.2459855132266,669.907962589452,0.015998745490734687,-0.011738161157841542,10.29357556166004,676.8897231927717,-0.0035275346581166156,-2.430419921875,58.73449531185711,17.491848290817984,0.454113993438022,13.193681989397321,17.020640699358847,23.190634939693325,36.60127316661197
2752,2023-12-07,695.3699951171875,700.489990234375,692.0900268554688,699.6500244140625,694.0645141601562,780600,0.010937975201531058,22.682522437249666,0.00020416540639537085,0.01207984733003995,685.9299926757812,5.006891617872655,695.9437759115266,675.9162094400359,0.0012079408461835406,-0.004716867688784864,10.406166435888563,679.1796953217563,0.010937975201531058,7.509521484375,61.00821049093442,17.372084417675183,0.6993629379801386,13.332423618861608,15.917772082526005,23.105134810856597,35.884772345336074
2753,2023-12-08,695.3400268554688,702.8300170898438,694.030029296875,696.4299926757812,690.8701782226562,920600,-0.004602361700288382,22.90648839711979,0.00020821714709816805,0.012655661191783928,687.179931640625,4.989511540427739,697.1589547214804,677.2009085597696,0.009204165108983134,-0.0018839668478714546,10.358273494037203,680.7384263752097,-0.004602361700288382,-3.1943359375,56.206477326108725,16.825461030111228,0.5950410422621681,13.092738560267858,16.814079792870032,22.126386007621814,35.25425891043868
2754,2023-12-11,704.719970703125,713.489990234375,702.5999755859375,710.239990234375,704.5699462890625,1585000,0.019829728505072364,23.079300574618173,0.00021137068056094072,0.01545296727943176,690.9325823102679,6.762380983320422,704.4573442769088,677.407820343627,0.004611760891006616,-0.0030082801755600924,10.563675245205248,683.9159623637233,0.019829728505072364,13.69976806640625,58.960496197604144,17.2983106886835,0.7815854208948443,13.540065220424108,17.686783141007876,21.62817249781441,34.76083973867883
2755,2023-12-12,714.9199829101562,720.97998046875,711.3099975585938,720.5599975585938,714.8075561523438,880100,0.014530295987221997,19.09920834458376,0.0001447538727737373,0.013525965340615571,694.95166015625,10.902498341933157,716.7566568401163,673.1466634723837,0.0005874544287413338,-0.00504949566085379,10.71716857323097,688.0348415355394,0.014530295987221997,10.23760986328125,70.23060666677688,18.28832063034872,0.8722857453165925,13.665065220424108,14.07885035007709,25.839875997209976,35.00537051069573
2756,2023-12-13,724.6500244140625,738.6799926757812,720.739990234375,735.2899780273438,729.419921875,1037200,0.02044237724809661,19.15515103114486,0.00014560309961348015,0.02475678166976145,701.3246459960938,15.885371246057115,733.095388488208,669.5539035039795,0.004678140528841627,-0.005395755258338776,10.936252976236402,693.5528522474675,0.02044237724809661,14.61236572265625,74.35129408832205,20.02121433881291,0.8597595751662684,14.292105538504464,19.108174098059568,22.246372369550524,34.00800406130769
2757,2023-12-14,744.2999877929688,755.989990234375,744.2999877929688,753.7100219726562,747.6929931640625,1446600,0.02505151112693893,18.108693041204713,0.00013012887446848251,0.015706036051498486,709.711443219866,22.433117194116715,754.5776776080995,664.8452088316326,0.0030632383435601185,0.0,11.210222639357607,700.7715377030136,0.02505151112693893,18.2730712890625,77.02012964604428,22.60841350851706,0.900443958806013,15.282326834542411,19.265554148760305,23.183404326909027,32.63758391751168
2758,2023-12-15,753.7100219726562,760.3300170898438,749.6199951171875,752.9600219726562,746.948974609375,1469000,-0.000995085632057302,18.234740750687667,0.0001319467342241228,0.014209738043054438,718.3391549246652,23.624913261308286,765.5889814472818,671.0893284020486,0.00977828992892823,-0.00542652576751478,11.199067507877018,706.9285292905284,-0.000995085632057302,-0.7440185546875,78.40932281514112,24.318423759523625,0.8473877326843706,15.809256417410714,19.237231858580174,23.087943366450016,30.976141126428608
2759,2023-12-18,747.3699951171875,747.7999877929688,736.3200073242188,742.0599975585938,736.135986328125,808900,-0.01447620741015776,19.453785970191174,0.00015017848752936779,0.015360504895503519,724.349365234375,21.692663074623127,767.7346913836212,680.9640390851288,0.0076802524477517595,-0.014785163794588935,11.036947483832632,710.8228568955413,-0.01447620741015776,-10.81298828125,79.45085408436736,24.51846778263962,0.7118043210994033,15.898223876953125,18.4990218955181,23.126241145957284,29.513616366067716
2760,2023-12-19,743.0,745.0800170898438,740.530029296875,744.719970703125,738.7747192382812,571000,0.003584572632182148,19.41289414520155,0.00014954780122730185,0.0061238059124747645,731.19287109375,16.242073223863375,763.6770175414767,698.7087246460233,0.00048458463892160164,-0.003324321269347241,11.076510223726011,714.5497718745734,0.003584572632182148,2.63873291015625,77.66691127772218,24.6062819043226,0.7432365131954426,14.928754534040179,18.69328066254393,23.372363442017726,27.400613435065555
2761,2023-12-20,739.5999755859375,749.8599853515625,729.6099853515625,729.6099853515625,723.7852783203125,1007600,-0.020289596446158464,20.899500194767434,0.00017332901126630314,0.027379665587410583,733.9379185267857,12.084252585698648,758.106423698183,709.7694133553883,0.027379665587410583,-0.013507288485860986,10.851772301254861,715.7811727340053,-0.020289596446158464,-14.98944091796875,70.02702490612769,23.198929796466132,0.5499971816060336,15.807325090680804,16.97315177811681,23.078608721287466,25.9190918618312
2762,2023-12-21,744.1699829101562,755.9199829101562,743.5499877929688,755.27001953125,749.240478515625,868200,0.03516954676722128,22.846346766886395,0.00020712522245746836,0.016622539743961873,738.8569074358259,9.789427781656078,758.435762999138,719.2780518725137,0.0008734071433041397,-0.0008331364223573528,11.23342421471108,720.242413504888,0.03516954676722128,25.4552001953125,73.94634708583074,23.86254249339595,0.8634461818277472,16.868473597935267,16.066669514483856,26.106456256502025,24.791598235761345
2763,2023-12-22,752.8400268554688,755.8200073242188,749.1099853515625,752.530029296875,746.5223388671875,597300,-0.0036278601148493905,22.98976927027361,0.00020973392503984787,0.008912945291555877,741.3001098632812,9.155279475040423,759.610668813362,722.9895509132004,0.004370089142424629,-0.004954626973656315,11.192670923049347,723.7464035531946,-0.0036278601148493905,-2.7181396484375,73.46656671455395,23.893697511988194,0.8092862767049794,16.519191196986608,16.48917290613328,27.28542520584975,23.905913172349546
2764,2023-12-26,750.0999755859375,765.7999877929688,750.0,762.6799926757812,756.59130859375,509000,0.013487834458968395,23.14248386774026,0.00021252958713040404,0.021063842563955097,742.5712977818081,10.681410832566453,763.9341194469409,721.2084761166752,0.004159439033110658,-0.00013328301452003713,11.343635815613146,728.1257242252686,0.013487834458968395,10.0689697265625,74.604615290978,24.44903652169944,0.8765261854509178,16.99466814313616,19.22331951010706,25.50818551584994,22.443242418000914
2765,2023-12-27,760.8200073242188,764.47998046875,758.3499755859375,764.030029296875,757.9306030273438,486900,0.0017701689384761465,22.949030245291198,0.0002089912655552739,0.008057102631109222,744.1401018415179,12.138584515358502,768.4172708722349,719.8629328108009,0.0005914029173042713,-0.0032465388850225927,11.36371596738333,732.0997080655453,0.0017701689384761465,1.33929443359375,76.1845329578797,24.712347990999774,0.8932385166735118,16.537815638950892,19.069266598588218,27.84937717148922,21.274416835748003
2766,2023-12-28,762.0700073242188,763.0900268554688,757.8099975585938,757.8499755859375,751.7998657226562,468000,-0.008088784487920053,21.927541791246277,0.0001908004321455762,0.0069285357593513565,746.3777988978794,11.857673359262137,770.0931456164037,722.6624521793551,0.0068760759761824575,-0.005590050421460296,11.27179731794123,734.7263957531601,-0.008088784487920053,-6.1307373046875,71.39698757081163,24.147962286049278,0.8049306093569151,15.919603620256696,19.361710207350473,28.27647132950023,20.13843294113908
2767,2023-12-29,758.030029296875,760.3499755859375,752.3300170898438,756.9199829101562,750.8772583007812,517900,-0.0012271981732639992,21.621532556364194,0.00018551217066901457,0.010580001037073444,748.1067330496652,11.439262261100488,770.9852575718662,725.2282085274642,0.004524877040772124,-0.007519507126015052,11.257964588863251,736.879844092843,-0.0012271981732639992,-0.922607421875,72.61977837514989,23.356990987422137,0.7638809080716081,15.901755196707589,20.236574758618946,25.665377616014556,18.46490179867379
